Date,Open,High,Low,Close,Adj Close,Volume
2000-01-03,105.63892430355392,109.76981127527449,99.88377145020131,105.50225711020252,96.09088476635911,624795.5360873694
2000-01-04,104.59932863950418,112.99464379777737,100.47295606945323,107.12436409130686,97.53252282351943,613756.7894736842
2000-01-05,139.69943160211952,147.76015181947562,131.32261786276092,138.8007460550347,129.14402308931065,722818.4574669187
2000-01-06,140.24534511510777,150.6880731267791,134.76341441862115,144.1645248677744,134.4146393570949,689474.4161931818
2000-01-07,145.5550546755071,153.41561231606525,141.53476981345028,147.56456841926885,137.8571422971467,663844.8626243486
2000-01-10,156.51887245941424,162.07545222977018,146.88911237539182,152.35155159402368,142.5561984180524,614209.1637564889
2000-01-11,164.5948939118086,183.87719951488108,157.21833345906853,172.08257595214812,158.89376802683708,572461.99339311
2000-01-12,175.0202084526834,183.09181003671748,165.08446631366763,173.54593648737284,160.28111864360451,666937.6196983977
2000-01-13,177.6906281661042,186.51152355704565,164.2716136995622,175.23744534235885,161.75294491326827,679550.4618284637
2000-01-14,177.49489931442002,185.49521782238645,167.48413250040147,175.1427337457525,161.66777642655757,604451.956501182
2000-01-18,175.836546378094,191.09050757806247,169.62277285380742,184.08643084533497,170.53444509821077,621983.554347826
2000-01-19,186.1541128773735,205.79471765521964,178.43907785204033,193.63801770954126,180.13707399847613,663952.6124763705
2000-01-20,141.10383095073104,167.79215458205948,133.95067131805556,157.60322803852418,144.1721918344906,942382.3352165725
2000-01-21,118.76150760996795,125.20757230251603,116.08294435956486,122.58046870641853,109.08911564073586,647890.4717339667
2000-01-24,167.1174128922241,181.67067470532882,160.7963232220349,167.64264823520352,154.21870358292028,652662.182464455
2000-01-25,251.029315992065,260.7127943898631,233.3824829737679,253.18082031649587,239.78594854573888,637687.2318977757
2000-01-26,172.26095782545576,177.89782599737222,157.79914024924216,164.6404409907617,151.08303476671784,628202.7123222749
2000-01-27,164.5002722691764,168.53675230291213,152.27586480520762,156.84685580322443,143.3282017973861,565910.753203607
2000-01-28,155.83743998277544,161.7422320392103,145.51805789085137,151.37765125176062,137.8296421099554,583607.2400379507
2000-01-31,150.43050611168005,156.49287740435736,138.94898935599457,146.2872501507535,132.8370274948881,659969.0834118756
2000-02-01,149.22598823363836,156.51525449274095,142.9658884930876,149.14475984261088,135.922465692974,530716.4588068182
2000-02-02,219.83421082072837,229.80966931160927,208.17154816101336,219.86801327432053,206.63021982936223,610503.6532829476
2000-02-03,221.4226738387129,228.46247055136828,213.1248963067367,220.1778626448091,206.89146963836868,644140.6777094179
2000-02-04,456.7808016647223,482.6834557615203,429.43703934562274,462.7955878056441,449.60869997516073,589643.5934690015
2000-02-07,239.27402533816388,247.83135721678363,228.66543172727117,237.18995025124704,223.92328525861913,573850.388757676
2000-02-08,487.52329078359276,507.0944372621111,469.17499227259424,500.53706618574046,487.24806481866136,609144.4161549362
2000-02-09,242.0972788664618,251.66400972242593,229.64535900212783,243.14830921246374,230.00088124477892,589926.7192234849
2000-02-10,267.8031568897802,284.5313311169509,263.0556174988371,281.1825800216728,267.95317245630594,554122.7194484071
2000-02-11,257.5070830381588,276.7592809523098,243.4037774282289,263.2368793799307,250.09416732072282,535804.8449351896
2000-02-14,327.18041148362926,356.23210831424024,315.84293850269654,339.223083638,325.64016890190356,521612.0860520094
2000-02-15,343.5003081272599,352.50656956870654,313.8394329426181,335.16234304512034,321.4577596528967,615864.0477090222
2000-02-16,342.22961771844155,371.3087859346708,327.9760127343879,360.68707082202076,346.8803846175853,572707.6641438032
2000-02-17,370.01270044156774,423.9142070065717,362.36933727477884,391.1787862967444,377.3257280698665,587381.4548463357
2000-02-18,402.18777062829355,440.8709541690364,387.8100362204933,408.6395895646329,395.09196276111317,530216.4218009479
2000-02-22,421.8907454383151,433.8446434635456,363.2855886854988,399.1844524294349,385.4770119339696,556176.2229570147
2000-02-23,408.10875021933964,429.8329878174004,384.8576946787111,411.1475849001265,397.45373893834966,607314.4719471948
2000-02-24,420.03035176933406,436.78160289897176,385.3800958338738,411.6355438920685,397.77097228994637,649043.3137996219
2000-02-25,418.1026483469142,457.7800212924785,400.2121077604613,443.15008577493825,429.2117983289238,570676.4943181818
2000-02-28,456.8198324289863,479.11084830801894,443.5038709568009,468.1057130612366,454.1444932259647,560621.1705352913
2000-02-29,286.32647039134434,299.54237673158565,275.82485030867036,284.30239198605517,270.23336062616187,603340.0850356295
2000-03-01,286.08931123645004,306.4498556935403,277.6238961394819,296.83862541787266,282.55678728743106,827736.6679192109
2000-03-02,326.375710636266,366.7311311082568,309.51772052227597,354.85984333366883,340.6326662622025,596683.4715370019
2000-03-03,241.58460146537385,261.3555927664335,233.36670186118545,250.49877950882563,236.14702553001928,593681.4757834758
2000-03-06,253.79020831978818,264.8570763578804,242.1760404229104,251.2293772063619,236.8546573768293,536603.3497864262
2000-03-07,376.87111451547,385.1535252169089,331.04842671425416,338.4336022939648,324.1577773004591,628036.9055529188
2000-03-08,342.14905937492364,352.0817405464366,302.5614073805469,322.6341072756623,308.3568724174016,630069.9272555503
2000-03-09,320.7199974338043,342.66318409138347,309.7641664656753,331.2136437085621,316.97405125425007,557102.543127962
2000-03-10,235.9136754982367,247.46133568776077,229.10068362500758,238.43345590702492,224.12968956792704,578429.5085066162
2000-03-13,234.446212933372,243.4792056906106,224.04508930247476,233.22916986537373,219.02694396625893,521132.05846298917
2000-03-14,178.11925566744569,183.8087800639733,162.84813644762215,167.4904504039303,153.83278605289638,577126.1997160435
2000-03-15,168.43464729545283,172.74831732488508,154.99572735733327,158.63526943984937,145.11954999313807,688754.1117953577
2000-03-16,162.02570516159298,167.44314563010215,152.78422569556466,160.35747762275471,146.61471498421025,770616.9187262357
2000-03-17,230.98376565901327,240.22929841422052,218.42790163458244,225.02225741637048,211.27769574098818,603269.2862577271
2000-03-20,223.51320931326353,230.08060760637045,201.19440490038784,212.54621397870315,198.6033593250187,479954.78088026505
2000-03-21,206.18941593152593,215.18948937217652,193.63850629785853,210.05487752404275,196.09848552446655,620195.1353773585
2000-03-22,210.20601615760606,226.75135401565888,205.24166826353704,220.72823107458214,207.29322361514608,648587.782117647
2000-03-23,225.56863209037337,240.16827628411366,217.41152053528708,222.43018832315968,208.9558830321166,666312.2260787992
2000-03-24,227.64353698688745,235.19279630203457,208.81458298915624,219.19754392695427,205.63700527915577,619384.3228235294
2000-03-27,217.34718843112745,222.29338600673043,205.28461393976067,212.69606699683246,199.18455733144555,470444.75011742604
2000-03-28,211.3370176239396,216.3562261985615,201.1357354775774,206.58906661207382,193.22449555644536,461391.4608490566
2000-03-29,205.09963837480504,211.07169881705414,190.12531458111238,194.40281610449438,181.07050094485356,519021.1843971631
2000-03-30,189.98989663362067,200.27427586795764,181.30483782590906,187.65408474584532,174.19768578874044,657767.6751292901
2000-03-31,187.9642419250633,214.46239027731764,174.28558718473687,208.64815235074917,195.23924492942663,703303.0441729323
2000-04-03,204.98646383966937,215.76936798868985,186.76612986392306,190.51180262660344,177.30709149378237,604831.1772151899
2000-04-04,191.1154207295766,199.2838013594711,158.41106550638824,181.97617100960315,169.07913765405883,906755.6047932331
2000-04-05,178.98802449475355,192.1113268007697,170.64731519949655,185.619869314425,172.76412521133344,638305.4275634995
2000-04-06,191.9464467818319,202.8918468343779,184.11875170955724,194.9569115971612,182.10153109402543,536313.0258337248
2000-04-07,159.46775460010622,164.73307826693465,152.85763172521823,159.6419924201035,152.07209310041196,1011094.7219512195
2000-04-10,197.86920320667892,202.03073348880838,181.81311700538635,186.46693033803487,173.58872964672912,468697.1264692054
2000-04-11,177.6794128357925,187.5189063739035,168.59081719770776,177.31691112103405,164.6224175098394,585565.0350795136
2000-04-12,176.16533346694877,181.82215090718208,158.2828741971877,162.30608895540752,149.772192364075,819570.4736842106
2000-04-13,163.42251995991924,167.5958945826738,146.4368546844779,151.34604345603492,138.96974242831476,679988.2508158508
2000-04-14,146.95817014887817,152.38511952584244,124.7797610547779,130.37945561057853,118.36334053486127,795604.6463187325
2000-04-17,124.88941382563813,137.30620295927451,116.00754972082285,127.67318696456222,115.66269095922925,679649.8630201028
2000-04-18,130.52968732330953,155.92304432448495,125.79220215868011,147.28403433758916,135.08625651611922,622603.9532928538
2000-04-19,151.8230823871139,157.59223836633987,143.11103323353822,147.33660449390854,135.0892646895791,578212.3361305362
2000-04-20,114.98550465682902,120.09090695431367,109.97805784538686,115.5040707968803,103.24255444258753,581550.5970218707
2000-04-24,114.55892354775102,122.10585091584943,108.06712223699375,116.11851156317391,103.87322867645298,577365.1322160149
2000-04-25,152.44580691040522,160.80277711611689,148.9185143547017,155.98770015715635,143.26461585743056,609982.9121905651
2000-04-26,158.38468265499438,162.53222436310736,145.35382527700818,149.38986030556558,136.65089121360424,608324.122962273
2000-04-27,148.92301107981044,154.63475212059268,141.43432791565934,149.61538163764214,136.88394884623548,561626.2670720299
2000-04-28,149.2540037451305,161.63516357462603,146.50549206941315,157.8907927132878,145.0800122033509,502274.09316479403
2000-05-01,160.4782280804286,176.09363296807356,156.52802815300544,171.52912733831116,158.60547779521872,488800.95072735805
2000-05-02,174.85574972139239,179.8699046972729,163.14911117461233,167.63819439564014,154.89262511839308,488341.8421545667
2000-05-03,165.20864347539532,167.27660683808804,150.86643370633098,158.9751315166043,146.42813524970174,575918.4745683621
2000-05-04,159.7775967331882,168.0436699140054,155.2147833916819,162.2975171315603,149.71971867343444,504642.3009799347
2000-05-05,164.7040938877063,171.39938426173242,161.07686477555893,165.7108940591359,153.06068602473295,431673.9985994398
2000-05-08,166.41336715291123,170.42950782042476,157.56458950630653,162.31351892231467,149.76895867047728,413935.9720670391
2000-05-09,161.65459083935707,164.6925999470839,151.91079528165332,155.53409765868184,143.24431429959355,503825.4911545624
2000-05-10,155.32449076817255,158.41595120907536,141.49385612591507,150.17526537212115,138.40790766257666,596622.7488393686
2000-05-11,151.28967680520975,156.45238089454423,144.97987192282756,150.47705177819242,138.6626893577379,559400.4846914744
2000-05-12,154.4501237801707,157.40104784981222,146.31548528258912,150.85507446101437,139.18066596264114,460362.5806902985
2000-05-15,149.6762848208737,152.43679786038493,141.24086330204761,146.71562372747397,134.93908256727428,546838.6974050046
2000-05-16,148.7708359516404,153.97641082157992,144.0988778999734,148.68987110581963,136.83288644243427,527202.3837913368
2000-05-17,147.84361805867616,150.4602778468442,142.80328980203058,147.07261941459694,135.0431427618409,463322.6657368666
2000-05-18,148.57523811021295,152.49639603375863,141.82162736353143,146.017634575959,134.0131136483178,488211.098467255
2000-05-19,146.0761646083429,150.14283323152466,139.55604786540295,143.2578971470874,131.37249814628345,591246.4581212401
2000-05-22,144.95682460984156,146.72580230432757,132.66038355002487,139.037817409979,127.39902151665866,600650.7077350626
2000-05-23,139.22310205417236,142.1126796600133,129.74847456510005,132.11387459757842,120.60643161149314,540070.1564814815
2000-05-24,129.86861434186633,133.80852004925833,119.16311176874429,125.10153443006224,113.75123709431419,689587.6440520446
2000-05-25,126.97714027761029,133.63882028869764,121.7155233121087,125.09612879526482,113.86390960471647,581237.7558031569
2000-05-26,125.73102208112469,130.0049835024788,120.87036383527663,124.52440497222723,113.27228466079447,365520.73426573427
2000-05-30,127.36885472731372,134.1409033814311,121.97151080856544,128.9380419557181,117.52490839252415,574082.123844732
2000-05-31,129.91154407078923,136.3033372542666,122.16069451906132,125.94159159657849,114.56398234600792,546565.7339832869
2000-06-01,127.26966183015406,132.5271406549061,120.0033105539208,127.93591180499247,116.43338539672835,678357.0305272895
2000-06-02,131.2879110141778,140.65728528586527,128.21046716306117,137.56199041324737,125.85373982458361,739205.5111111111
2000-06-05,139.832204543909,148.39151048407263,134.93193866523035,141.7560068189521,130.00016429501994,482235.4705609643
2000-06-06,144.7032593880374,157.3902768658141,140.24121777629767,151.43187056140482,139.63179950055917,578567.3911234397
2000-06-07,156.56067195571285,162.26595643274538,150.69370321895462,156.00255178926912,144.08875991307764,494654.21630384435
2000-06-08,159.35102813737424,164.02444811501755,152.32366720940448,154.95980369060092,142.98743922308918,420407.1425908667
2000-06-09,158.22573738381612,164.31246865809658,152.4584457179956,158.19375996030348,146.0389803657123,404348.42232558137
2000-06-12,158.00222573006857,164.9303856798882,147.20360426764478,151.86748269658423,139.7952942464291,438067.6408352668
2000-06-13,152.0170566743199,158.1016580976265,146.0853100289344,154.00258746788273,141.86462807836452,467174.13215449045
2000-06-14,153.16309740069173,158.50233246527225,149.14847895634333,152.46771237729516,140.31830821647154,481699.57402234635
2000-06-15,152.40706158532595,156.39968374077884,141.76881669031164,147.09260379084137,134.97721132739844,464023.84001865675
2000-06-16,148.4601974746273,153.64039408259268,142.10461053650567,148.00261370036492,135.9778655480443,538444.6148837209
2000-06-19,148.26645177099266,154.74173960629815,141.69814486613285,151.3349266378641,139.24935637278278,499232.85714285716
2000-06-20,150.92774358490252,157.7847668734519,145.39624582251778,150.87663103622455,138.89680243239147,578949.4564007422
2000-06-21,149.43896182030232,156.48922905150218,143.7257584377734,152.7175603141725,140.63777239057026,559623.2986592696
2000-06-22,154.15383030598363,159.65120209056985,147.52339455757703,152.91092060959699,140.82367335413008,534233.9972183588
2000-06-23,151.87376263225775,156.34864863076308,145.54638774700956,151.54929479780466,139.52599754738054,450646.6207695874
2000-06-26,154.22398269016952,165.52462336852233,149.74948504701425,158.3926464632056,146.35529498297933,380490.7971014493
2000-06-27,158.84617058995073,170.4773678284857,153.6103429607925,166.39236114282355,154.5107505345454,460004.94581971044
2000-06-28,168.28243374576056,171.62217750076985,153.81351125127182,162.9160166570475,150.902604182049,494076.26976744185
2000-06-29,162.52236088646274,166.2796109548633,148.7236696121073,157.32781002331296,145.29406267839926,476609.6508379888
2000-06-30,160.4131908189082,168.23345838864344,154.3362176366911,161.4638629620977,149.6696839689527,672743.7944315545
2000-07-03,162.88811754623646,170.1134198471016,159.0385049338586,166.56664506161803,154.6043032495316,192221.1717877095
2000-07-05,164.85933842293767,172.83953502153472,160.3067612611291,167.98972981262008,156.09795791899825,485981.1464879852
2000-07-06,168.84776579239104,172.97019580902673,160.83846270547858,167.47935352021577,155.55819254503382,490697.80565862707
2000-07-07,167.94938248437504,173.1999467974438,160.79070773604272,164.79453670808243,152.98632612806625,467209.17971283
2000-07-10,165.5573638901733,170.29305701968826,157.77168593052482,162.31827509650665,150.4689034291515,475281.838099631
2000-07-11,157.93242349555868,166.92281117975003,153.61768612450305,162.73303477478993,150.80344352406033,544823.2836715867
2000-07-12,163.61222219920094,172.17740991894024,157.66276884841182,165.53607337903,153.21307207240932,536624.8140819144
2000-07-13,164.75543696410708,172.03084553163225,157.87815755085253,165.25849916136085,152.84145101564226,578218.6773897059
2000-07-14,159.90116447722517,166.02735587656912,154.7820443065318,161.31933272990966,151.90528951121482,434774.79241793806
2000-07-17,161.40979495204277,168.16628969390555,153.0767135240313,161.9151975230614,152.12251650574612,436803.1703601108
2000-07-18,160.67322497382136,165.9385645942087,155.24090364949288,160.01731033198698,149.83564581913467,455438.7802855827
2000-07-19,157.90635815113953,161.51049768870837,151.0617752938218,154.11076876545832,144.19073214229863,512515.0832951945
2000-07-20,155.87245380047978,162.92115526935206,152.29814462007485,160.1323610624885,150.1950601084128,534502.5363720073
2000-07-21,160.93223565123984,167.52245757909915,154.83752228463044,161.10694298062253,151.31078395488498,424194.9149722736
2000-07-24,161.21368581090024,164.47262724569376,152.59346450867326,157.08180220939948,147.34670543617113,456247.2715140359
2000-07-25,157.66574731730063,162.5775075880269,150.9895667859619,154.98271783596957,145.19868825603007,414903.45290858723
2000-07-26,155.10598455019797,158.28813777598845,144.1042512831608,149.81011716315413,140.22571186688162,510113.29520295205
2000-07-27,149.55865573889733,153.11293120532784,140.42884269100443,145.91491951582,136.6085306034455,519652.57536764705
2000-07-28,146.93566312909877,149.184476887028,136.94018230826825,142.18882463663954,133.13414748205298,481950.24220183486
2000-07-31,142.42689074247048,148.119320930222,136.0790125122855,143.4253351387553,134.23023230918085,451341.2096551724
2000-08-01,145.02549757403114,148.66808453219423,140.44782312332197,145.88749842155414,136.58461496276578,403148.28538497
2000-08-02,145.3647042754625,150.57409142469427,139.12247118568314,145.07021399535967,135.79744804516298,432000.7746999077
2000-08-03,140.34209962308654,146.2811378518984,135.61957356347384,143.68588916150205,134.43845668829204,551022.6477324782
2000-08-04,143.8692832764433,147.61035254578508,139.00149939909124,143.51515259977202,134.35488895988016,454614.70431588613
2000-08-07,145.02822610765034,148.35925127283824,140.514047216578,145.54506535201494,136.3326578295464,413609.90393412625
2000-08-08,144.9596443915406,149.33098135820487,140.59731991423027,143.87777572116835,134.72796481400735,441581.01557489694
2000-08-09,144.81418502175885,148.16386195530478,140.56397935095367,143.93324800067768,134.73575081300984,517453.16293929715
2000-08-10,145.52396589066717,151.83089336971616,142.56184621922583,149.2320382263168,140.00063635671438,437009.8435218978
2000-08-11,149.47063265230022,160.16030374002057,146.39109490521906,156.23386856809051,146.90847607272417,394313.20324074075
2000-08-14,161.3854131166116,168.25326417389613,155.71190205525792,161.09399954511258,152.1777242810897,356883.0280202113
2000-08-15,162.72945734214213,168.24455400073444,154.9071067313834,160.09424580261455,151.22310365664848,369596.0984360626
2000-08-16,159.27170098198567,170.36251024447066,152.7342180741749,160.75360991268545,151.70765080881944,420339.8230452675
2000-08-17,161.07167764177655,168.7431248303462,155.95700721831034,164.11883565669976,155.00958060229348,456444.78421532846
2000-08-18,164.68897787258948,171.25404696155965,158.8994053707238,164.2849710407344,154.93999423090466,398995.06715395156
2000-08-21,165.84708788912187,172.14314110393497,163.10691479848035,168.31843477195022,159.08056053091065,334053.12873563217
2000-08-22,168.13911398799388,173.3000213201823,162.67688436424461,167.37877773579837,158.00536029100428,386496.92673992674
2000-08-23,127.10844919854715,129.87299539606047,120.70090214938402,124.69606142713259,115.30622856586642,416814.16255707765
2000-08-24,126.03310435664137,131.16131683697665,121.08201860523441,126.68120652021403,117.06173585566103,434377.34897494304
2000-08-25,127.0674718431908,130.48366895298022,124.02513286075269,128.04806529048918,118.59547921814354,374537.74601729633
2000-08-28,128.777180526974,132.64694647943696,123.8728627253131,127.64609539761909,118.21076964619392,412383.12988192553
2000-08-29,126.81628268328772,130.5463849877726,120.78908706399608,125.95103265420283,116.49768167484613,401441.9319634703
2000-08-30,125.75434920425596,130.36818889794338,121.72040566515437,128.13206390727458,118.71391366260876,423992.2389218821
2000-08-31,127.77306529316871,137.21033356166907,125.18394897689019,132.94909357729153,123.32241852042223,550184.0546946217
2000-09-01,133.7703136857497,136.10293527222137,127.36517377199782,133.1291762950395,123.43080999340276,390698.34899635037
2000-09-05,132.43621138312986,134.85996960325508,128.22565641526361,131.3720609789465,121.5494345009517,444246.9510204082
2000-09-06,131.77641936517466,134.47338479632455,127.58518855366856,129.87549085281992,120.20656251398218,502474.0883424408
2000-09-07,129.487039045531,134.83577929660984,127.04582189934594,131.42608273463208,121.83461236965053,446520.6624087591
2000-09-08,131.55344064520742,135.9423198297183,127.1662978970412,131.86776139535627,122.22852274391511,423242.5084745763
2000-09-11,129.79269662886946,136.54944079676426,126.73748862180071,132.7373339684606,123.17043405526097,417821.07818930043
2000-09-12,133.42621432362384,140.17940290031586,129.05518001256286,133.30224098822944,123.77357253250024,447652.3754562044
2000-09-13,183.14950626359936,187.64716473530382,175.73181118514145,181.11659566702176,171.4695306781838,508960.1775147929
2000-09-14,135.59440536591046,138.4172512153981,129.46406757326736,133.18740695240945,123.60259592063787,537649.5902683038
2000-09-15,133.99211378386917,136.47165864384164,127.84058367171109,132.923006665009,123.27120334056134,629958.0459299681
2000-09-18,131.9042422738344,133.83112575835833,123.09198414866444,125.09058482010515,115.8676419414946,546583.5220154335
2000-09-19,126.43235216857454,130.63781363080932,121.64850125561858,127.5702338682307,118.0468706614729,516492.5093309058
2000-09-20,178.91532505280276,184.96870514159036,171.4033207945546,180.88004242373694,171.29036113503452,534396.1575840146
2000-09-21,129.59086663977766,132.24155415686485,124.38037428322022,128.28645314318118,118.77155773729686,577420.5210884354
2000-09-22,167.42457972620468,184.6976730765003,165.2358334707698,180.7613468051859,171.3150908828504,708014.6999548124
2000-09-25,133.2988740837761,137.83001488044025,129.42688387000035,132.09783327894988,122.7009328963187,539836.8541572012
2000-09-26,183.07424797164677,188.72631296341788,175.05658638034006,179.53740544546218,170.1892207044785,557344.1528344671
2000-09-27,131.5734172667588,134.7892888080788,126.86209957393775,129.94332278355543,120.7738868022105,571110.3219645293
2000-09-28,128.32833278037285,133.69355171466992,124.63951766430081,131.1642577886205,121.85583623297893,758616.2775270758
2000-09-29,177.27886816030252,185.38768086218587,172.72973770927806,178.93331614913188,169.71344391555468,1588363.5857271096
2000-10-02,179.8343925140798,185.06592568893595,169.96496358929835,173.7589465326076,164.70924561083086,874516.3855475764
2000-10-03,173.47222467640472,179.65140345386484,163.2511480422055,167.52759607858067,158.5709202492319,877409.9986535009
2000-10-04,168.09429961885232,172.8204802505247,156.44776031548733,164.9676463869946,155.92903768297063,819942.299506062
2000-10-05,161.7773522706195,176.4584970925706,157.22514318765042,165.07352266319765,156.24585378253988,691290.0234128771
2000-10-06,165.32723969728926,168.81829515161783,156.39870060718843,160.87602610444245,152.13214997838142,603632.335140018
2000-10-09,160.03349191433725,162.6332167132685,150.214406630371,155.04114469194994,146.38051926333344,463961.8418206399
2000-10-10,117.62885242472323,123.3943271294515,114.42995131346149,118.79548134702628,110.2532406987459,598231.7547339946
2000-10-11,116.17274040041255,122.31566458558923,110.53082268002579,114.79591632408905,106.40753760937628,839943.001350135
2000-10-12,152.27763894588605,155.20452832869324,136.85194342340594,139.80732081803185,131.5753838973294,839779.9995501575
2000-10-13,135.89392895433426,145.563069410105,130.80921756067153,141.8656539009417,133.47540139931206,816577.5359389038
2000-10-16,142.52812720219356,153.38027950764217,139.8672379784427,149.24422524621593,140.85509602105094,637798.3130904183
2000-10-17,149.23029298638426,153.37973986849298,139.53941059679178,144.65412477455942,136.4678822829025,595663.8502939846
2000-10-18,141.45854358987998,146.69666487908003,135.23319326606764,141.02218246975718,133.00689485376563,726953.6177797834
2000-10-19,143.99333383968192,148.52974950721313,140.02985005174918,145.67435276666697,137.41516173538508,850531.5497757847
2000-10-20,146.30179711401195,153.33696469636175,141.9374004061814,149.64149771637446,141.29640703090422,676879.8331838564
2000-10-23,149.65638721377823,159.5779698800366,146.3259182073417,155.79054077118232,147.45829154305792,571468.9074573226
2000-10-24,156.07966791614822,161.66026174779128,149.81685519542106,154.36835042313612,146.01592855501494,673848.8432165319
2000-10-25,152.69981719968507,156.09127751957735,140.82519871946374,144.13612769030684,135.85508634319672,675430.8319856244
2000-10-26,143.30055552737804,151.7670104428488,136.24280611715272,146.30120049526093,137.91271061524213,652884.8743243243
2000-10-27,147.31944203006583,152.19873404706036,142.1059818266383,146.7044296326402,138.3042988488511,608546.7291105122
2000-10-30,147.30639219505002,150.56219867755942,139.2612241996062,143.19810006677596,134.7292914794189,660353.5392552714
2000-10-31,144.32403893511076,149.04975151189404,139.6718141440588,146.06068918562192,137.3508825483076,802216.9102736653
2000-11-01,144.71317381468225,148.9041525707173,140.79062179610054,145.52424020900636,136.85000694673425,629218.4368800721
2000-11-02,111.93720053343142,115.5172794712988,108.17131249251341,113.58803053898716,104.79339304060733,631810.6063877643
2000-11-03,152.8823374375286,156.64356384994767,148.05130109626535,153.292499450541,144.51445530330815,541348.5168387966
2000-11-06,153.1798468207871,158.84888547215863,146.8651019824195,152.55153976062445,143.794620480304,504284.16644235083
2000-11-07,152.58776092626908,155.10746411658909,147.55943279087376,152.4146962271363,143.65271963902416,466801.482247191
2000-11-08,152.66174312034315,155.66671725943797,146.6958664083161,150.55090835917,141.900218567466,490324.6503150315
2000-11-09,150.0926600735744,153.48254416292832,140.22387179000214,146.6881394060333,138.1048380595269,524644.2465011287
2000-11-10,143.56601116853022,148.59363835325252,138.88642035155743,142.40439492599302,133.94368389857465,498168.2343679712
2000-11-13,101.14901266845087,103.10827354436748,95.13122819830242,98.02051149354398,89.60239316984116,537200.7011861313
2000-11-14,132.77178334437875,138.4835899671417,127.67536411069442,133.5804710717833,125.17561891425632,529477.8408476105
2000-11-15,134.88523882672493,142.33307113361067,132.1676331869061,137.53225619057488,129.01402281767898,459041.571040724
2000-11-16,136.33730017380236,139.49280340229706,130.6058220517276,132.2883907077666,123.8704423943288,419485.10585585586
2000-11-17,132.27025530301705,135.78725354774653,126.34282745671912,129.31310828330044,120.94326998825422,506095.92484248424
2000-11-20,128.25153240804264,129.8649371760919,118.34013233190366,120.97356045487231,112.82617840050024,491225.78096947935
2000-11-21,119.92230643556394,123.23553111805533,106.346112917549,108.94560629198955,100.90241947712173,519129.04138551507
2000-11-22,104.03220371128597,110.61071378324252,99.3417598360338,105.72538830912953,97.83506813222013,475378.2673267327
2000-11-24,107.30221207628755,114.60065616506493,105.60018181492993,112.7970883501163,104.84310974382255,210210.31493943473
2000-11-27,116.63432189935838,119.96608031378379,110.32144477391542,111.72745647686887,103.79645231921242,465440.65297833935
2000-11-28,112.13631831219368,113.68452703029361,101.77890158089582,105.15726824938861,97.34756781258614,507632.1239855726
2000-11-29,104.96501839580539,108.44448967005184,98.33425536227558,103.66465563451418,95.90745944234162,571034.5029239766
2000-11-30,101.1790539222961,103.84877816146529,93.80130792742804,98.410926759951,90.75187241482625,828052.2953832363
2000-12-01,100.43295856702838,107.9829480392808,95.92905810321304,102.1630699697647,94.34796990953387,573286.6945945946
2000-12-04,80.57373599565045,82.39837174646728,77.50377410599889,79.24516322626931,71.40559712513249,535919.9562866156
2000-12-05,62.45920911929358,66.16690243026841,60.93969538417074,64.44737843067138,56.289014860561856,750812.3333333334
2000-12-06,84.24089288270575,87.96451831184358,79.66879061680116,83.2724872269852,75.1974822906988,865049.8699150648
2000-12-07,102.6387750714582,105.12981232316642,98.13317411620964,100.65760439933686,92.75544530432039,559795.2665168539
2000-12-08,104.51914850269107,107.72018118258842,97.38290330997934,102.92147281008512,94.81143281728876,671915.9636608345
2000-12-11,103.63775545434609,108.86926848502526,100.09819099075175,105.69708031328226,97.62861541492691,586783.99909788
2000-12-12,104.51138383592541,107.08557722106296,101.01314498839352,104.22677455487278,96.20595083577562,579655.7850759607
2000-12-13,104.8219406723387,109.81906480961358,98.53675316980063,102.23901456134244,94.29355148140809,566574.346361186
2000-12-14,102.91065919953927,104.94426178960497,96.86987386928296,100.02414296145544,92.15986521717353,507313.87290818634
2000-12-15,97.70427749157754,99.04844196747652,91.18977051537415,94.31989583314856,86.52231909558247,793140.6416704087
2000-12-18,97.84181333336262,101.11203385140796,91.14965730377408,93.30011879004616,85.4759597249131,606840.1906684611
2000-12-19,75.42197331268466,78.1081247910288,71.51912666172458,73.71497525444526,66.00985044701261,634118.9460674158
2000-12-20,94.79628196612161,97.52833841512351,86.59238595017558,90.11284273982221,82.6049228396122,788228.157989228
2000-12-21,89.67957459710384,92.47039134911756,80.07141845314038,85.18162155408046,77.75571936921679,645184.8334833484
2000-12-22,85.80072951397737,91.13368176954476,83.24075015477013,87.73114955985228,80.22176008973406,527221.134442446
2000-12-26,89.76258800846942,92.01044712089562,82.41735987977076,84.9199754704596,77.3146093075204,403875.5362186788
2000-12-27,84.34202508710278,87.77314689716076,77.44510748508226,82.54241527270077,74.97700570772686,522883.6142086331
2000-12-28,84.0262958000058,94.99288740738264,80.74782267824844,92.60544099879974,84.99248835387104,533891.4356790676
2000-12-29,91.42842880550626,96.68494015583626,84.29106726219011,89.97446774995642,82.31696023571898,638867.4665775402
2001-01-02,90.96916318119959,92.96095386660376,87.32879284273747,89.09802451022836,81.30722146929176,1240982.1395348837
2001-01-03,85.42007080482131,92.30197019797865,80.80578411213635,89.05213136366412,81.3074347069397,931853.1285393258
2001-01-04,90.11679162399372,95.26032404675678,84.57287599838062,89.88236522150477,82.23660114778458,984017.7287831163
2001-01-05,90.3474935769677,92.55422238726169,83.44924651702475,86.66300672490846,79.13218559839645,714014.328994614
2001-01-08,88.06601266155464,92.02658344224209,80.5001407004943,85.35657458148287,77.80838508717538,593016.53994614
2001-01-09,85.43797780477531,90.08966476198364,82.04284136858487,86.65505955928322,79.1062873460962,669639.510942385
2001-01-10,86.95091142794409,92.18988631047944,84.6939701616597,90.44537930651296,82.81653125689348,681893.3417040359
2001-01-11,89.82579639905403,93.62915798897822,86.02687784355962,91.11269974135026,83.44333725524433,790389.5520786768
2001-01-12,91.65295886799973,95.53506617929082,88.94682859081438,92.97169098444117,85.23014256205066,659782.0465532676
2001-01-16,93.40784562528201,101.13017547113537,91.13309891921033,99.0517620135946,91.20388366254076,594798.6069986541
2001-01-17,100.95608010496736,108.60855642071107,98.00375032374923,102.63412710650589,94.76958134333348,792594.5713646533
2001-01-18,103.63910156228762,107.9002096274039,100.48143945243717,103.5502349431961,95.6381922527207,911103.9781347612
2001-01-19,80.82002493029724,82.59306861094677,76.02697995183107,79.5047266219671,71.67874744707657,789076.2607334526
2001-01-22,79.04532379991505,81.89345984771768,76.30855862413095,79.51788596684067,71.60708467270257,614765.7374551971
2001-01-23,79.39389997477468,82.03924652471532,76.38443302616723,78.97120478881382,70.96712377316777,773147.663689147
2001-01-24,81.76949386834599,86.03564806413723,77.70299362782481,81.63279765475357,73.44297427576106,742412.9090086012
2001-01-25,81.12215415494495,84.76857865627227,78.26435888699267,81.91993451135212,73.87710833655021,628969.8939325843
2001-01-26,82.53884740665224,84.99854568834745,78.50582021149826,81.9077133558491,73.7914587474093,593698.5846572855
2001-01-29,81.2531960410202,84.08796420795315,78.23914910772308,82.62706027203603,74.56495585579448,625720.0706303085
2001-01-30,108.51892932894715,114.24003551242524,105.98010979039404,111.44761325582377,103.37327072885363,677807.6183682568
2001-01-31,85.72818180326041,88.36578261196387,83.32030331665861,85.47442230413526,77.41574070673015,772007.8901295221
2001-02-01,85.82356456172491,87.75830706508911,83.43662798697957,85.13345796365527,77.07359236638676,551902.3846153846
2001-02-02,109.35895856317389,110.95022976903626,102.10471385744084,103.95842640782239,95.96357901097527,573980.5512763099
2001-02-05,104.97950827517703,107.06682810504834,99.4796402760663,102.3724607900956,94.37612809627807,472426.7382128424
2001-02-06,102.12708068765271,104.7164785081673,96.73650016987702,101.01658978385149,93.03281043311274,597254.0241394725
2001-02-07,99.19240094836351,102.88630426222593,95.83280744495029,100.70374855422405,92.73189132604689,645014.8085676037
2001-02-08,101.06388273094282,104.24466288107547,97.81811455146443,99.77094104590526,91.8456053394106,605506.0290178572
2001-02-09,98.27032323553992,100.55013767069823,92.86978038060904,95.90098116466555,88.01643793236252,608220.6734966593
2001-02-12,93.3513552537551,97.6760159530259,91.35607514013,96.32873964911886,88.26943484585044,513194.0852221215
2001-02-13,98.15816907959197,104.12224788867411,95.43560353546147,98.38627682723299,90.43487795752829,515088.32184422563
2001-02-14,97.90904908951485,99.46034448674492,92.92999880754577,97.83574702806958,89.99635858412768,526318.490608229
2001-02-15,97.76913693944502,100.14989326582896,93.87540898012006,96.31137584254748,88.40691394122399,564938.2600896861
2001-02-16,59.610437930719954,61.04762342275225,57.095780438180725,59.023692360362595,51.21223970366594,520821.0134589502
2001-02-20,74.44714463496001,75.55033824650167,71.07998412580999,72.74479106141116,65.08982262778142,551173.3825503356
2001-02-21,91.19145254473214,93.52322862839551,87.82842882684027,89.42814389704623,81.89223101247883,582773.2735426009
2001-02-22,73.69613754997096,74.75497379398762,67.04367113190277,70.19444955132515,62.78410711016365,648831.5505819159
2001-02-23,68.78210187161253,70.97370854957278,65.96294933763785,68.9641366488181,61.498746408641736,594097.242614145
2001-02-26,72.66547678638301,76.7455795926496,70.26458973280948,75.3743144288766,67.8476758228762,516010.5957828623
2001-02-27,53.868531148642475,55.112743785799765,52.03672086578263,53.098684299409,45.5974174620885,564946.883273703
2001-02-28,66.92688391663441,68.72301683754021,62.89760936264505,65.3942877385479,57.93872137157304,650272.8704200179
2001-03-01,64.25148452937343,66.73627286428395,60.37940556483082,65.08371105396589,57.65899209331805,637897.1370353784
2001-03-02,64.17375990506495,67.32230080654162,61.95322452374269,66.06407595871346,58.543028114231724,644386.1699463327
2001-03-05,65.69679058893144,68.00642712437735,62.746604128148974,65.92066294244484,58.42910245139311,493633.2672028597
2001-03-06,66.36798968294875,68.27533613368239,64.15897620377359,66.24634787789795,58.74415841687264,678520.7157473309
2001-03-07,66.35192495368979,67.67368345836428,64.46975317977562,66.22080014544197,58.668783699885616,638084.0276538804
2001-03-08,86.77143654196018,89.26635566720815,82.76109609120763,84.6526785086974,77.03705822676065,534970.7112107624
2001-03-09,82.61886195165512,84.62862591434006,79.2783901356426,81.05233111134206,73.59703418843529,580684.2211838006
2001-03-12,61.936500077436904,62.94964928605087,58.82280844753029,59.46728521491752,52.133065342996225,632936.4407836153
2001-03-13,59.42350942394804,60.86082220670672,56.28069120434689,59.33121875920889,52.10656453251273,685509.0534759358
2001-03-14,59.04594171672322,61.05268990245904,56.58099311433029,58.37737718708881,51.14668828675094,634855.1185286103
2001-03-15,59.0750588608408,60.438878687022054,56.9448840844564,58.23790995885682,51.04415053798985,628011.527256479
2001-03-16,58.20573532764341,59.90571206236868,55.79598698816923,56.7726918756845,49.69760484904225,734832.9323779668
2001-03-19,57.23232166994736,58.56313657828928,54.79427920432998,57.04749450691824,49.920040821776226,587252.5241502683
2001-03-20,57.68129743557648,59.48341397869773,54.746347902238504,56.647650772806514,49.60307717399611,626371.5803131991
2001-03-21,56.95576998968214,58.03485923486241,53.98921938874864,55.10272785825776,48.1874310174762,614399.5939883356
2001-03-22,54.70433442449749,56.1388361353004,51.893144825579625,54.07384503548985,47.206102042361564,932854.9144766147
2001-03-23,54.99410367747889,58.723684702833005,52.820898151438456,56.06621944250124,49.166748402461224,826995.274344153
2001-03-26,57.22616319556302,59.14504992413949,55.36021074316451,57.29631798205094,50.31563808473126,647708.3355585225
2001-03-27,57.61040574606347,60.86272990677341,55.409987495179074,59.11592584005854,52.011586562604975,698265.7922425324
2001-03-28,57.45393781617208,58.88995421052055,55.654210036522684,56.58311941287251,49.62401730782733,663381.3840676458
2001-03-29,56.07794693825725,58.35060023842669,53.259414415003526,54.85787239658253,47.933980459087735,663589.1568888889
2001-03-30,68.17592437034199,70.7685981296945,65.64595959029667,68.6233461366777,61.52145684996651,652474.860838537
2001-04-02,69.09974360698605,70.3442892463932,65.40915669381401,67.93153858515423,61.039491083347436,565585.4322147651
2001-04-03,67.36073393296539,68.01865708753566,61.6704945304272,63.490480768871734,56.70663420367843,665900.2697280428
2001-04-04,63.84549359207744,65.91814902748703,60.53044989900382,62.83001270180061,56.12340094539373,776884.427935943
2001-04-05,64.63529995693327,67.76716877568978,62.55380492520552,65.85213702456926,58.987581095611155,688197.5799107143
2001-04-06,65.90016321039887,67.29638871265126,63.03971127252635,64.69306000981898,57.93149969600404,569416.4662494413
2001-04-09,64.22255694889516,67.23972058394878,62.91902590788051,65.53929890356208,58.703638577218825,479870.32572706934
2001-04-10,67.80812970294124,72.29912665134641,66.35143050590095,70.1906247034913,63.154112056285456,683432.6131907308
2001-04-11,72.05381846302497,73.52770178148909,67.74070667571914,69.56285945118658,62.62818942901003,663073.4162210339
2001-04-12,69.84678875800002,72.23540214203219,68.10762668723214,70.51897188604813,63.43683865225296,563638.4045393858
2001-04-16,71.00440353028584,72.23276024496201,68.12637480940101,69.48594856262123,62.445478080471524,481946.8460153084
2001-04-17,68.74462026878348,70.97563592378818,66.89940217059079,69.68004173608026,62.676673839933414,652387.0057675244
2001-04-18,70.72366820300785,74.34826976460302,68.81814196293139,72.00388919820223,64.86136050733707,1049620.5933333333
2001-04-19,71.24294265881527,74.12312499724315,69.19488181419958,72.69648735235333,65.48741778062656,1065426.7664750111
2001-04-20,73.5677936042435,74.86323973566489,69.86866898305249,72.07041967132218,64.8985367875202,747796.8296362023
2001-04-23,71.08880064847794,73.18455988352251,68.94730215043667,71.30967916778106,64.14605861984757,592014.3090586145
2001-04-24,71.8640756582828,73.63171222747562,69.27222641516026,70.69607225672617,63.54575159735359,590567.896797153
2001-04-25,70.5159448007601,73.59111399917165,68.66907004734712,72.21019321697318,65.01701333769503,582770.0044523597
2001-04-26,73.49728264862489,75.02320770496557,71.26761167800504,73.34223186085701,66.11116471765023,731427.0265721878
2001-04-27,73.31765846540455,75.54837008121929,71.78028693727562,73.51046277902702,66.2379540410302,560329.943035158
2001-04-30,75.08814389212823,77.77812248287766,72.60305340333335,75.70797853711404,68.43724641851769,654910.4237438862
2001-05-01,77.02557143601445,81.0754236283879,74.60677777413407,78.52463261728924,71.06679985777579,638350.7579703637
2001-05-02,79.35632817690998,83.72335508121306,76.94297879332585,80.8195205916764,73.45559992464071,671957.8109674543
2001-05-03,81.2614938932496,83.17705533212035,78.56478369910536,81.64986005395102,74.30145613317842,563522.7125
2001-05-04,80.80302645149744,87.61331003543694,78.59552749594296,83.10382918771572,75.71212371046907,541935.5428189117
2001-05-07,84.71344657114669,87.84540325131918,82.81391091259037,84.84310486295298,77.42232855351855,501271.57713004487
2001-05-08,85.73288532901563,88.25872801086987,81.83197396826618,85.65353351133956,78.17773565369527,537658.4332594235
2001-05-09,67.04365591829243,69.58466908079924,64.79135825943604,67.62480164030343,60.19707750538754,553183.6371326803
2001-05-10,68.11829192657522,69.28218190142486,65.8771492632555,67.16692937867317,59.698956209706374,539698.1299107143
2001-05-11,64.5702100974391,66.06660123693933,62.873604445525174,64.84337493818431,57.31271518339723,430012.04009111616
2001-05-14,85.53263725596511,87.18672973121406,83.06401713260895,84.9425448041814,77.53207834016925,447087.8369613505
2001-05-15,66.8019368379181,68.40013284785262,65.46424938120124,67.17101367409909,59.72780390670926,504058.13788487285
2001-05-16,66.77035163084257,69.83871345349104,65.7335054325027,68.40953198442016,60.85493103810182,663061.9238307349
2001-05-17,68.94380658788047,70.76211721481961,66.9704893309213,69.64025169746687,62.06181725429417,691926.4176653351
2001-05-18,69.57329472310442,71.76637282071962,67.96143849822786,70.37474757956055,62.75596533321438,518223.61202672607
2001-05-21,70.00266699197414,72.75997431906741,68.72594207454402,71.53592480858437,63.74518210945196,652965.4940079893
2001-05-22,72.56815206247381,74.93486296507105,70.51830873923511,73.11719802628542,65.34902083086001,627234.0503116652
2001-05-23,73.43353400452492,74.55262541703749,70.43064472818284,71.76508635226604,64.11708739204941,560162.209612817
2001-05-24,72.07582631508255,74.19958873829738,70.33453710651354,72.63425601221599,64.87449870927163,552542.6416184971
2001-05-25,72.27566281175699,74.50070114192744,71.09644754982105,72.92724866866192,65.22590053203676,373859.1392857143
2001-05-29,72.92530590198453,74.27935731842243,70.00835520950574,71.44652674675146,63.83193067484989,562272.5850310009
2001-05-30,70.82909902272026,71.7733971541096,67.58236984923835,69.07229336842337,61.52209049542645,696425.196104471
2001-05-31,68.58441722366557,70.97138362693977,67.51305108274792,69.26266409194587,61.73886069923189,588115.5948467348
2001-06-01,69.72778757130838,71.58599820531663,68.01210340074219,70.44467691720187,62.919556208092246,519832.18747223454
2001-06-04,71.18075728717923,73.59947708254799,69.39387289521765,72.07433362840882,64.49952392456296,447534.1651865009
2001-06-05,72.30374373992008,74.37900969309409,70.55600278933726,73.01413655638356,65.37748320456805,614323.4628723877
2001-06-06,96.48374723739305,98.50530103066605,94.08555278831012,96.70277892956432,89.15682234706023,523189.7476635514
2001-06-07,73.1138428876253,74.70841344324897,71.69184040525359,73.30449611631062,65.77092047501989,520905.46208742197
2001-06-08,73.07006223596252,73.92812738178046,70.86472615634655,72.31307626109562,64.76311377260943,417711.3738359202
2001-06-11,72.65624722293109,73.68104230296802,70.52591432605507,71.89693070819916,64.38154843456302,452017.06803023565
2001-06-12,71.95834701885629,73.32293011484617,69.61380744148154,71.36348948833324,63.83765109670516,527714.9001337495
2001-06-13,71.66696910123548,73.17178043272995,69.82260230137489,70.92556477669977,63.48890817999126,552679.2790079716
2001-06-14,70.88444083593122,71.59708087391786,67.54062985241629,68.85856401403176,61.44311022693385,518163.84276169265
2001-06-15,68.14826362067129,70.30275268282058,66.14433314595604,69.20379563319419,61.887400438420826,703455.3548530721
2001-06-18,68.22362456044088,69.77616031056819,66.77318945433241,68.09192243473348,60.838772461129096,493318.2103861518
2001-06-19,68.106296048467,68.97322866306024,64.02441287365723,65.24707992048934,57.92361704314853,552484.091393079
2001-06-20,64.94370318239481,66.40850059873321,62.554735807596906,64.23596840684895,56.97550578419442,646639.6318827709
2001-06-21,64.6637350556213,66.14182284008712,61.23920030280451,63.821511792990066,56.558934107991504,647258.8626666666
2001-06-22,63.65676922476152,65.21907775261346,62.22604636737652,63.79238603251615,56.528335148896986,533972.7493345165
2001-06-25,63.660264762106095,65.19024580119145,61.90254195326346,63.86233756017451,56.69051307510075,517480.86504424777
2001-06-26,63.52823675436829,66.06956746182684,62.40718147147141,64.92913635125066,57.70453517427152,584632.2141906874
2001-06-27,65.07516226518945,66.52024759729984,63.69150267989716,65.05177425894351,57.83359445704545,541186.3225377108
2001-06-28,65.35831253756946,67.00369763310275,62.543946987545105,64.18685151339716,56.93494634418734,629830.6421612046
2001-06-29,64.89185758320852,67.48287568446752,63.455748880143524,65.44500486512395,58.107312306641155,764849.7286409916
2001-07-02,65.41422651761498,67.51416655620552,64.04556219276384,66.07707747027683,58.74776528422321,515931.8821966342
2001-07-03,123.50093680761788,124.22079825805862,121.79056360771483,122.57241896293822,114.93988779285813,495273.8461538461
2001-07-05,66.30569042403478,68.01194783094931,64.96518005707237,67.1012828285856,59.69937202299205,417627.3303690529
2001-07-06,66.37109008259695,67.28123982306727,63.53978858363274,65.37927704585958,58.13865887318238,468007.1187416925
2001-07-09,64.77021517039452,65.93842874873266,63.25810040457752,64.70575107963593,57.42550742053649,498194.5245466608
2001-07-10,64.72324832416643,65.37766392566955,61.24372564667364,62.16498684585901,54.94705965407565,600327.13654441
2001-07-11,61.82178276142822,63.30851380430465,60.3897100599044,61.85105744140588,54.68586151200566,645815.9464364763
2001-07-12,62.635015102034366,63.9700481009323,60.867337792967255,62.3321995147269,55.05321710723705,727254.0224867725
2001-07-13,62.55701566823981,64.45295414264064,61.331833406805536,63.22208824170999,55.89542210770841,584868.7234611954
2001-07-16,62.96432778426215,64.37936014545653,60.31468305950861,61.559821417403974,54.36650358182883,504674.0460176991
2001-07-17,62.261344047606926,64.47682188801838,60.84005920139959,63.11451619735069,55.88702304434974,685725.2461470718
2001-07-18,62.8758993223801,65.37857885607957,60.94749409689673,63.099984359998736,55.888478674971424,771795.3513632366
2001-07-19,62.93207963458422,66.23797409370692,61.71731944849038,64.68373163587547,57.443921874943285,768067.2366110623
2001-07-20,63.678049340807654,65.02883651320758,60.7096484425629,63.518058488250865,56.25809047418689,589013.0532804931
2001-07-23,63.0786592554356,64.67338959473227,60.838078060739875,62.16810735779925,54.980264629092666,490054.65799911856
2001-07-24,61.48470790346183,62.16808612127503,59.60512719959971,60.540596912619925,53.421145621895654,620608.3712021136
2001-07-25,61.49570559487233,62.70613230431821,60.08024101923109,61.61074217996139,54.44449819746351,612742.7046861185
2001-07-26,61.68242835130605,62.83986975522016,60.46432211273504,62.056600238147944,54.73357599189052,584619.0924369748
2001-07-27,61.984515711935416,63.88185334834229,60.68781746247028,62.70785977272852,55.45468163903112,493386.09982332157
2001-07-30,62.8062528531214,63.79915349893198,60.35667511401554,61.92264678074278,54.588536777293406,450033.1511268228
2001-07-31,61.94102197944375,63.613584324291196,60.86414488701439,62.59312816962562,55.225694674920824,528921.8062804069
2001-08-01,62.33592390262794,63.616257315516364,60.7897668936391,62.00818857305995,54.694953898387105,548119.0406001766
2001-08-02,61.722095137902,62.91065192144088,60.02750464999801,61.453656257231266,54.15644390499361,515572.7370974857
2001-08-03,60.97281255886952,62.725539304932425,59.82150681996264,61.00050325003699,53.74435977610926,407691.9771629337
2001-08-06,61.96999685152772,63.24387399652495,60.07371237146445,61.96688545403623,54.6403405215552,354610.9933628319
2001-08-07,61.6581262234013,62.445074488890285,59.91130568901794,61.22695384710986,53.99894875797515,441603.09142857144
2001-08-08,61.59311989691512,63.08381526618958,59.32068063230436,60.116960321892606,52.943840294106906,494857.6221928666
2001-08-09,59.955607001086655,60.92637715387193,58.20670119707018,59.677374335703654,52.44583906155762,444384.70905077265
2001-08-10,58.50831401499952,59.84441949012038,57.2356970238959,59.011354925749345,51.84392769197234,420469.8892809881
2001-08-13,58.445081262183805,59.919372532580915,56.02109162047854,57.4353948247463,50.26069686732727,368253.977463544
2001-08-14,71.01497650231329,72.14313410224335,68.07419733552648,70.4640058557187,63.16641950156726,419172.986784141
2001-08-15,67.53159739954437,68.56633251931765,65.3342414248919,66.22463325243419,58.989217089547545,504410.880071333
2001-08-16,55.95057355352008,57.341971718237666,54.48268427102662,56.50019641537007,49.28318599141086,521630.5359964881
2001-08-17,68.49214007928869,69.89960029873643,66.9327713507555,68.58573866689083,61.49318935461815,433707.0514059754
2001-08-20,56.31658618214749,57.28196267379563,54.30048907556056,55.39760270634452,48.30041647670117,394850.16322041355
2001-08-21,55.718271590663576,56.89714854006323,53.9917132378049,54.97560306811469,47.7841553913641,462794.72591289046
2001-08-22,55.95328048449779,57.065382564699796,53.940640937727636,55.73135329960798,48.53867839209785,526897.4007029877
2001-08-23,55.24805488990387,56.698456526439614,54.109234564972496,55.615665961490635,48.5546421519462,449399.94982394367
2001-08-24,55.40198289338909,57.30765496513977,54.52023449784952,55.93297383764898,48.82365674867539,496678.33494081546
2001-08-27,56.56536113233387,57.42037816344548,54.96058353112618,56.11115328015171,48.92851938108328,388282.6614035088
2001-08-28,56.480486620454386,57.51832701291297,54.12983830886931,55.04546967151649,47.967031018124025,451620.8658161021
2001-08-29,55.84618638647135,56.7469529638527,54.085715931999765,55.03004505094887,48.00473433458675,446834.23601937474
2001-08-30,57.50361696826552,58.03823604260571,55.485263800558535,56.699653462156306,49.73778053193603,524284.4470794906
2001-08-31,53.83805710796344,55.10256557435516,52.762208617651176,54.09509280773363,47.06196243779895,407058.67635402904
2001-09-04,54.70804433843604,55.913456156422406,53.459404373715564,54.15824433439094,47.225578664464265,546996.6796840719
2001-09-05,64.79665010481038,65.59466385048135,62.743235313995484,63.83451128384746,56.91500240019798,645170.0853391684
2001-09-06,63.16108644937222,64.60152303591052,61.77307483493637,63.2133491838404,56.38425708754425,598238.8921052632
2001-09-07,62.72193990308769,63.326059650370986,60.97558993439898,61.82149067174525,55.06315004180289,589734.3967415235
2001-09-10,60.1975630759702,62.278939620413055,58.718996662553884,59.7819320622936,53.07992198565998,559253.1170259569
2001-09-17,57.35623315780246,59.931421986103956,54.180930775740386,56.63296529274786,50.16856874131565,892155.1651943463
2001-09-18,56.59882352375992,58.20869985150544,51.5979293226519,54.62763119348353,48.192382106510884,705515.2614638448
2001-09-19,45.87273885959368,48.02825447735391,43.0701229268717,45.36836989768738,38.94624868224142,941824.6418829741
2001-09-20,44.855853728160405,46.460177371378336,42.509024936542005,44.692348747085795,38.544053887798704,849106.9951627089
2001-09-21,42.99488754299131,44.77907510876332,40.26436490576399,43.002759391017314,36.95570329921618,1065764.0008768083
2001-09-24,44.91074977299537,47.210250792358316,43.581363105993766,45.36626556793408,39.08178721853389,779039.9118554429
2001-09-25,44.62822441325424,46.935577988493876,42.97219118377357,45.106495766034094,38.8832920777288,715230.0383936452
2001-09-26,44.4968730829955,46.412966371305124,42.29921677769745,44.127868532851586,37.94389658248277,724673.6017582418
2001-09-27,44.57618802637329,45.58426417449691,42.63436259350575,44.535311733016606,38.2670061794665,710060.0101143359
2001-09-28,45.59727614939234,47.379648597401165,44.54015744670586,46.25141082432473,39.81204942766357,796083.4539007092
2001-10-01,45.36254842942993,46.388684878854185,43.48537233368735,44.90424322008724,38.653478900698026,569668.8518193775
2001-10-02,99.90654990490188,102.48394242477688,95.91679918745702,100.39160046828064,93.71967362069356,1031527.3
2001-10-03,55.252271772080576,57.41485144714457,54.1368383072989,56.50222666165578,50.122177039243205,917163.7084242689
2001-10-04,48.20798868912971,49.51090230020553,46.45480787173814,48.24610480911895,41.73473185982691,784849.1962412588
2001-10-05,47.933846015747775,49.12930959364319,46.01755358485934,48.0508734366474,41.66449598908252,592327.1825744308
2001-10-08,57.616220089102505,58.915043675817394,56.63251498181334,57.843892993303434,51.50569770728462,449352.9579316389
2001-10-09,47.91604599628573,49.31770413572238,46.602016143324754,48.37462717949928,42.04701813456026,485113.750877193
2001-10-10,48.70922462442787,50.44378240167275,46.94244801494645,48.976178083184365,42.550962236669285,611482.0219106048
2001-10-11,61.18181921024498,63.174190045630674,59.71503548884087,61.39059114617513,54.896068914402555,759758.8889863975
2001-10-12,61.261730991089976,62.160213010311324,59.20737049235778,61.16901163601205,54.724064545416844,604353.021043402
2001-10-15,48.74778194060295,50.22746455593315,47.5388426830798,49.01031076691428,42.55845152582723,518544.2552539405
2001-10-16,61.40028416948694,62.53273815828719,60.35365055232376,61.398932306051236,54.823923745056554,544250.5953757225
2001-10-17,60.93662858977865,62.28189073222476,59.15598660171493,59.643860543208056,53.2071473891438,639840.3507462686
2001-10-18,59.95850042935292,61.0652270705856,58.63056065104991,59.73209301941422,53.332065536139915,631005.8793706293
2001-10-19,59.603568318742774,61.23610573816611,58.63263727500203,60.24771580384594,53.748165328065404,543839.581436077
2001-10-22,60.92398693894309,62.54810027981413,59.95784000193489,61.8625205295014,55.40768061202735,559552.4301310044
2001-10-23,50.683968566066746,52.770809937786574,49.39957928173626,51.06889423557775,44.538206322796,727387.3743455497
2001-10-24,51.17678257074587,52.61477722753895,49.837600361693696,51.319789387314266,44.78548360576154,593932.2895313185
2001-10-25,50.99243355926172,52.50096725935662,49.62277956464612,51.18625826909958,44.690526555828,598101.4885664028
2001-10-26,51.23028256535804,52.71578210267522,50.29435093785038,51.70680171653566,45.12463330172211,601572.0663423263
2001-10-29,51.66755172066951,52.311368212741364,49.75149113700029,50.60256120023441,44.18217743395631,560258.1991285403
2001-10-30,50.18942585854029,51.67351773008745,48.35515086429028,50.28437663711414,43.85747961816073,649229.2798605057
2001-10-31,50.855193209949235,53.01471125836976,49.57674116772776,51.787698624542806,45.33155266812868,608294.873196327
2001-11-01,51.24784377538252,52.76019637077401,49.989863050161055,52.00596367894292,45.558956449480704,621596.0157894737
2001-11-02,52.002104376842134,53.632894018998506,51.07442300994179,52.977938686245764,46.53787875153676,504267.17698726396
2001-11-05,52.84195606933013,54.52696602793462,51.50726885648011,53.191551170099295,46.713654949618515,555816.7494534324
2001-11-06,52.49774554100439,54.24258020862157,51.005868363819054,52.512548841869766,45.98353553852262,624543.9051158723
2001-11-07,52.41481473069927,53.87524696393772,50.92876357686519,52.57390362875898,46.046433053403995,664303.7864628821
2001-11-08,52.297162874217705,53.325786779978955,50.96001092575558,51.6407170063107,45.08498673628305,711013.0670170828
2001-11-09,51.696666554784045,53.39157041936284,50.77670780387035,52.362221421807526,45.809914566331905,455346.84861781483
2001-11-12,63.64097884391827,64.41398221367272,61.78653920108655,63.43324375993405,56.8731597427989,455033.20113686053
2001-11-13,63.51221425798379,65.18905544665574,62.72218753921527,64.40598408823726,57.775847455971466,595862.3591426072
2001-11-14,62.79491174231605,63.82555520868646,61.31495795721915,62.69923388202643,56.01396066592787,611884.0031083481
2001-11-15,64.21677075045558,65.46828156899504,62.69696362586117,64.04827879801137,57.43494140959774,645023.4220665499
2001-11-16,64.6004774699873,65.95957086178454,63.01902967183988,64.43628485598472,57.78450108947887,527129.0901891773
2001-11-19,54.46495333561187,55.87237854386295,52.5025191101816,54.21706253341044,47.488393949365346,566114.3616462346
2001-11-20,64.67726819344628,66.30276961714466,62.64884715767786,64.08509116075064,57.399694255328725,550972.7197368421
2001-11-21,65.74286796782124,66.63607160772553,63.874680675922654,65.50414907374694,58.76525631886353,415238.4602547211
2001-11-23,63.10424763231978,64.508865837444,62.437961777530575,63.82232692309387,57.125321389494495,170800.11496270294
2001-11-26,63.24837163280844,64.49914889113198,62.37992808929517,63.64419029460298,56.89917854385881,599472.7983449477
2001-11-27,63.84351458929615,64.87258513327252,62.54940182948648,63.9707414369774,57.27006974489423,569171.2107564495
2001-11-28,63.58535968298938,64.44277079101259,62.29978682157989,63.043580138991416,56.35912739872706,553668.9720646006
2001-11-29,63.297113716248134,64.17132418392923,61.9524270250782,63.3835069068441,56.65721761642248,502823.7967586509
2001-11-30,63.471829084626584,65.2793347920232,62.46649020854853,63.971785038184784,57.271064041927396,546010.0222416049
2001-12-03,64.16193644517473,65.05750949191481,62.25295168721488,63.54368276731274,56.840314629475756,482532.69522144523
2001-12-04,64.02309008044088,65.24258255632827,62.5346032942077,64.1984384817592,57.37204713884034,547015.0767888307
2001-12-05,63.96968537391945,65.55733470111028,62.96466531115452,64.2314823645955,57.36352181629022,789411.6644851658
2001-12-06,64.18401625908369,66.28584213271245,63.574054497587895,64.99432655754407,58.17078841572701,600711.5317286652
2001-12-07,53.96588468935847,55.236907646887175,52.64138894577508,54.19009401446235,47.264862901989815,544603.5553618134
2001-12-10,53.3286813027079,55.50179751212707,52.35159743654862,54.20642411430432,47.358298780302796,481168.09654871124
2001-12-11,54.123002495975555,55.78129035433841,52.84811016127614,54.27320480400844,47.55600210208316,515956.9973718791
2001-12-12,53.79628266498181,55.13416157809285,52.47847625467921,53.857769218042264,47.04742542226152,508980.29644268774
2001-12-13,53.411206788603515,54.96550589787475,51.74039584764917,53.11042754593476,46.4444812197782,536962.6584938704
2001-12-14,53.19473474940283,55.24350163384318,52.01399481920393,53.14024112171536,46.44079926099321,546423.5589519651
2001-12-17,53.19769138125226,54.77678785193783,52.06119258331552,53.122540800357044,46.41662884285726,495461.412642669
2001-12-18,53.28764094019673,54.64173077587666,51.43657749187423,52.762886662608445,45.98055638891575,534551.982879719
2001-12-19,52.587561722949125,54.04296505963012,51.21316118463505,52.448597950157776,45.61750254719206,570588.9535901926
2001-12-20,52.251476367357434,53.8928159745002,50.777297519648776,51.92301601303367,45.16600230079211,539356.9676573427
2001-12-21,51.95062638667944,53.77005966065463,50.76181235380764,52.586910537422334,45.85286304582695,647622.6325010951
2001-12-24,52.788555896601025,54.42240411057383,51.741011925643704,53.33947504499709,46.489885551000874,161726.02575488455
2001-12-26,53.791064708095114,55.85773719981982,52.60320587909256,53.85714132980036,46.901257399928575,325890.28077945084
2001-12-27,53.019837519524756,54.70007090028772,51.95228174339693,53.47350951616345,46.521880417621254,374341.13318777294
2001-12-28,53.693394501229456,55.833296618442915,52.513671761367235,54.43237092668828,47.544530637110356,393359.1955574913
2001-12-31,149.04877610470294,154.0877688540841,145.86322808842505,148.34092112785112,141.21325916154868,510313.5944700461
2002-01-02,55.78323428213243,56.493164080508805,54.11573493019838,55.34051941698745,48.474096523733834,563393.5258583225
2002-01-03,65.77048744531052,67.22755692685068,64.58106868441226,66.2707756031256,59.37326049474082,636529.7496734872
2002-01-04,56.523947609951136,57.87114658232256,54.30146511496719,56.27491861592105,49.30369938802191,652626.0043554007
2002-01-07,56.24183444299527,57.7114378705149,54.82605648602564,56.456561028434564,49.525162780556094,565142.5543951262
2002-01-08,56.50540805323927,58.98475401238728,55.153259906977794,57.24068358381118,50.23660261614587,555027.1890243902
2002-01-09,57.28886458164275,58.52046389003431,55.28932221482413,57.04746759688727,50.116462812799895,651833.9878207917
2002-01-10,57.0548722905979,58.61584635098514,55.21129852858797,57.58820729331721,50.691977283711985,565031.1170073946
2002-01-11,56.759091037172915,59.26166521261975,55.450641117143135,57.41210632621608,50.542839251142794,511080.07628596335
2002-01-14,57.13476859977561,58.184040582710445,54.68212408611504,56.0311706466268,49.25741304707932,558732.7228024369
2002-01-15,56.746227911519284,57.874262583317936,54.116931945009036,55.87296595294053,49.01317587346058,536888.9812145041
2002-01-16,54.96556484238553,55.86901095781942,53.2028787989762,53.992979940986174,47.150438842289375,643356.0290420459
2002-01-17,63.610918548485465,64.7304137080497,62.06605471694406,63.81975050476152,57.02377578022085,616353.8284845853
2002-01-18,63.90344185089868,64.8883331969781,62.50547279370786,63.42773334353583,56.67135477918396,490792.6280594406
2002-01-22,53.7590894846036,54.853034752489485,52.23123391774985,53.16323019964366,46.43451027194162,531196.8783137766
2002-01-23,53.09752202271208,54.65403506862331,51.465644111744865,53.73608335214326,46.90051780883564,591773.0905923345
2002-01-24,53.62049877833343,55.12409411781462,52.70671563109767,53.90391788813962,47.10488266904172,618907.1133885739
2002-01-25,54.46951191742193,55.80822808860406,53.53616339862118,54.61038970681547,47.746932956673035,492748.6983779044
2002-01-28,54.84575434632972,56.30941725527424,53.48115062993469,54.620906588602246,47.82431131325652,466451.3437088996
2002-01-29,54.35699980767711,55.44834642675045,52.15367000104677,53.40994657619388,46.74846491972784,595109.3051663748
2002-01-30,52.952890292074855,53.839057733185754,50.506440764920704,52.4983970272533,45.79861588429295,707545.8030434783
2002-01-31,52.729564661196584,54.14470681617912,51.20898821139967,53.04895627953773,46.261138250411705,630304.5590413944
2002-02-01,55.14900533355696,56.796817115527865,53.759844986787165,55.676699289162336,48.72600883319974,612719.6591065292
2002-02-04,52.92099071220301,53.591354415587304,50.640037937052625,51.45931766730804,44.71333762748522,572526.2681975736
2002-02-05,51.57617912848956,52.50719751510643,49.90706381623443,50.7643463768718,44.09587740236415,625085.0290924881
2002-02-06,50.23275932920439,51.39649571096077,47.9407555319122,49.76252511603578,43.11548232038869,669477.1883932438
2002-02-07,48.97091476278782,50.488344840337874,47.73347598120832,49.13872488817896,42.448236365636596,602457.8655680832
2002-02-08,46.4162122676533,48.387875880068165,45.59986307130424,47.65976278640967,40.88899104507893,568539.9127192983
2002-02-11,50.29486658765678,51.872571849761016,49.15616932519502,50.39896688363446,43.588709117644036,508720.8331885317
2002-02-12,50.02004583117669,51.57816533452705,49.2161217374508,50.577821459276954,43.87638259687739,484489.272173913
2002-02-13,51.0133811509157,52.4077811739884,49.952869435179664,51.10221993711937,44.259500464953966,513817.2552083333
2002-02-14,51.2629989317926,51.866173276126226,50.126846686208864,50.9273150193262,44.18420202238728,511656.3152173913
2002-02-15,50.77420729398324,52.06223831858473,49.87810584060373,50.693843780399654,43.974696616990315,507253.3629661752
2002-02-19,50.552846673157596,51.84212477284673,49.21363944761632,50.29835646144191,43.56621721024218,533240.4610389611
2002-02-20,50.39934402829197,51.5556539828164,49.0557104598252,50.42875801415769,43.64228129211839,583797.5392965697
2002-02-21,50.1519636599743,51.15956821005192,48.98864938343602,49.77018182282718,43.12763189718002,630593.6050129646
2002-02-22,49.69812354992645,50.81567620162093,47.410715840796385,49.08126653767058,42.40887261186624,618038.2405884898
2002-02-25,48.99014955745294,50.103839784383375,46.668110382869706,48.30540275731763,41.492906799539874,588735.6204950066
2002-02-26,48.898328736783185,51.152811610553194,47.5932559406647,49.36319275920208,42.659540064914864,588984.4967462039
2002-02-27,50.09977063463005,50.967227004299986,48.77412825787695,50.06151500731084,43.19852595132014,709412.093453919
2002-02-28,50.365288045960405,52.064053099189564,49.24047589623949,50.653143863418606,43.79814447429332,619877.0354978355
2002-03-01,50.0610738552628,51.77541905526222,48.798153363693956,50.73831389843609,43.796228382244294,616940.702996092
2002-03-04,50.968831764985175,53.507076071722366,49.74247579857825,51.464509830232856,44.52496058850531,706770.4635416666
2002-03-05,50.91062155283895,52.906511121503776,49.962025092415075,51.71099511989356,44.7897365563575,635710.7378979503
2002-03-06,52.015639684080284,53.53538801696781,50.669229089011495,52.4776239935617,45.49230103953523,611319.4804006969
2002-03-07,52.714958198362815,54.19858719070989,51.33150310029108,52.65789388856861,45.6683049421051,611147.1945050153
2002-03-08,52.66238532231687,54.430791929339954,51.94568878525266,53.302506935396295,46.297931938446304,605384.4409722222
2002-03-11,53.969709025345864,54.665216036357194,52.650914291483744,53.80387698414253,46.71035120753536,509699.5702479339
2002-03-12,53.4750681889888,55.0428561480155,52.673681496570715,54.59212362563778,47.5844961929276,498929.38572050503
2002-03-13,54.071255411206494,54.875016012325794,53.005146299830294,53.6777941183255,46.69070719317992,503217.0904741192
2002-03-14,53.809252176057825,54.813039456616174,52.817307092103015,53.957315678707396,46.94887043767444,486834.03949652775
2002-03-15,53.74136272182835,55.290442481319815,53.08013414234881,54.38449588848471,47.37883247818303,598725.7054735014
2002-03-18,54.61793358573292,56.85020108412735,53.56678053563761,55.399932909314686,48.345336919742195,534540.7109375
2002-03-19,55.83785328997034,57.395472706698264,54.770899786774486,56.037549763650794,48.967333876137644,525699.7357019064
2002-03-20,47.12249287436559,47.72692422002841,46.26266832025472,46.89409207848328,39.87922392433667,521169.50086430425
2002-03-21,46.55024775204747,47.4116990453379,45.82428574213068,46.77561482088078,39.75168067773941,559782.3150862069
2002-03-22,55.89691993062526,56.527793344143284,53.827136579379726,54.64145971946241,47.64368120404315,485753.7876297578
2002-03-25,63.20853841914557,64.29373980607407,61.43233420526594,62.51824281167633,55.5979230440292,478512.77720207255
2002-03-26,53.89943968746166,55.09694418444891,52.711147769933234,54.398211029271124,47.447424796876774,497957.29307359306
2002-03-27,54.23010935459067,55.96772588043106,53.45220820311627,55.32235334677894,48.3174218562807,456047.85490196076
2002-03-28,47.142730317299105,47.91708142362829,46.016133188523284,46.966185623892635,39.88260864271913,476140.3719298246
2002-04-01,53.529102302526546,55.16938799092375,51.63350329399076,53.1968759953907,46.133881664051245,458085.3926218709
2002-04-02,52.491612748734354,54.110306044864856,51.46689657866149,52.86616018228716,45.78306890516639,495151.73010380624
2002-04-03,52.83441485707411,54.08468081179176,51.56589362455978,52.73934884765871,45.78738981199877,533732.1252166377
2002-04-04,52.59279548161352,54.39220784921609,51.286303432014385,52.93004994793768,45.85410657922231,540408.6633577902
2002-04-05,46.205462783504814,47.14325538047439,45.32015251034348,46.09445054710919,39.01995829845192,452309.65583008237
2002-04-08,45.286244158524724,46.140383893593224,43.76869234900126,45.257013491395305,38.24370036225163,459100.40668402775
2002-04-09,45.22954595772063,45.85647647963902,43.940613835974005,44.6424992684998,37.62928716964855,505649.0560138949
2002-04-10,44.872275736972796,45.95718946471675,44.08601702164741,45.15503855318811,38.08115553754704,598933.7953266985
2002-04-11,44.845324116003155,45.813397108030635,43.843902291467636,44.77937389219577,37.8116564362953,562379.7718236819
2002-04-12,45.39759722362336,47.09071993260893,44.84625395269194,46.43471060594696,39.39577215213298,518265.99481193256
2002-04-15,46.2816982839684,47.3406932568941,44.75938350109446,46.291376207862776,39.2626617308019,476130.5276100086
2002-04-16,46.5683718238581,47.93936754403432,45.33624192936591,46.595527733125046,39.4525713208324,598664.6981050818
2002-04-17,46.84050171509527,47.49695934824997,45.841761459634,46.51740024601665,39.28878902050246,541103.2431729519
2002-04-18,46.00802314850587,47.00499742844528,45.09608262538768,46.2839468855385,39.076183816732794,568240.9653379549
2002-04-19,46.274632564795624,46.99815942855744,45.431527443504734,46.06047490106831,38.91437410745039,525515.0038793103
2002-04-22,46.61776881316835,47.38320847427508,45.3179088382759,46.63143996074489,39.459049630003044,463955.88301559794
2002-04-23,46.07924955555333,46.77008062076999,45.34613777302122,46.049398054781996,38.98389593791741,547249.7456672444
2002-04-24,45.88565637370502,46.72941651578678,45.01096818038628,45.528677709272586,38.47697782621972,546152.4756309835
2002-04-25,45.437271316274256,46.461737062034395,44.28856915272172,45.44553469635893,38.420923360305544,558123.360905529
2002-04-26,44.925829763224215,45.4899651895406,43.64697602902197,44.43633203678814,37.4584190698696,547766.0579334198
2002-04-29,44.347877448637774,45.0946940227334,42.80645112366216,43.74321202711247,36.68271319378188,525712.622193437
2002-04-30,44.13820430320362,44.94409963297086,42.70447843162719,43.66913579695638,36.58329585376749,631605.7200172562
2002-05-01,43.71156966122976,44.447142151851004,42.719056661411386,43.619194721463444,36.408772454577914,586603.2374289462
2002-05-02,43.25644058583859,44.24875723416405,42.13598429555364,43.168442169737524,35.994528829081844,581169.6778929188
2002-05-03,42.940536459271435,43.815875059014644,42.18153632825537,43.02819866706556,35.84854812347241,558829.0497404845
2002-05-06,42.722060426369865,43.599159642084565,41.62880395782669,42.15074001696605,35.08717469676032,516169.6712623869
2002-05-07,41.78623384976888,42.52190169942212,40.54984482306473,41.487337540880105,34.5149065888539,591324.0331896552
2002-05-08,41.765131631873246,42.84116662721756,40.84350839881341,42.19688419766096,35.03777483728442,713108.9317596566
2002-05-09,42.45141606116169,43.60079632861948,41.76503237799801,42.62815881520188,35.60682247810561,517134.2098445596
2002-05-10,41.312646432656045,41.939496760801504,40.25925639134513,40.99246004856874,33.990713462874844,500914.2637554585
2002-05-13,42.53704937202547,43.23356668634645,41.55721511836374,42.23349906000788,35.22683968168469,536889.2255574614
2002-05-14,42.586742092041824,43.71272652542112,41.74792228062852,42.84437728622624,35.6586886592433,633491.619457598
2002-05-15,42.768494672900566,44.00765605678721,41.84606274720676,43.116745479155455,36.01300181500097,641492.7369098712
2002-05-16,43.4157573144952,44.252141889314835,41.96793975912713,42.82839051853831,35.749765430478305,488493.269512721
2002-05-17,43.113518583321934,44.51812727219187,42.28456707466164,43.599652366020365,36.47905697719238,520774.48880275624
2002-05-20,43.53333444379607,44.19681809724086,41.9480927799279,42.58696227416926,35.49874721294067,440940.4201030928
2002-05-21,43.010504191568224,43.68362281226237,41.43090150289866,42.00398706217103,34.88079236173704,501895.97461273667
2002-05-22,41.74015104139176,42.44593313174606,40.06332786717147,41.18269802615972,34.17560758472931,504643.3492884864
2002-05-23,41.12565094836799,42.04048514556255,39.976895383831206,41.53364120044224,34.47467135895192,550151.2560137457
2002-05-24,41.47892545220177,42.10561039860056,40.31749077220321,41.28867278309437,34.204430477262356,377362.4872789996
2002-05-28,41.23923472924213,41.99786670046451,39.92664924866982,40.65438767481235,33.71168283901631,397633.11053540587
2002-05-29,40.37833360299584,41.30038433720283,39.47625041357101,40.29009719002386,33.28773180901576,455281.9758828596
2002-05-30,40.22840456808933,40.761617519992654,39.054712340532184,40.033676386768946,33.060390193429434,491573.9982698962
2002-05-31,39.73618734967951,40.68533390133502,38.915054666614175,40.02548136101257,33.088299224085034,532479.9931153185
2002-06-03,39.96654299598486,40.68038527635436,38.419692828763566,38.954802134150476,32.05939394079508,482233.0198105082
2002-06-04,39.01798106950232,39.49908892388444,37.60876385142414,38.3140279081828,31.358065834170347,592834.3511187608
2002-06-05,38.26613506419263,38.83691747869206,37.2498819347828,38.019366468467396,31.24290437159838,537919.8736570692
2002-06-06,37.83188207329457,38.581907823047295,36.674486566922916,37.30767558986878,30.60066424695869,512430.17076326004
2002-06-07,37.107507991235494,37.77096158462556,35.55299543604689,36.657604929660394,29.91677353802212,633066.8040308747
2002-06-10,36.629098734648665,37.65580166234943,35.920900826067545,36.62356403688003,29.884089886744132,456287.8143041792
2002-06-11,36.536873337347856,37.09686063322691,35.16962382130925,35.699592017180464,29.04017745808532,590355.9232418524
2002-06-12,35.70169355467141,36.297423950692554,34.496540425544815,35.27289165646131,28.625724352045893,675270.4824335905
2002-06-13,35.5768498517141,36.31568764790272,34.822402065318315,35.448894334114854,28.829881008151407,528615.5195362817
2002-06-14,34.81836758451932,35.79390868187565,34.034289041430895,35.26781303888869,28.652212486602767,621999.6818376986
2002-06-17,35.76478849274002,37.15680914471589,35.142197998900755,36.669410542086844,29.858596819395206,544268.3108165882
2002-06-18,36.344688094422025,37.58637274838968,35.437937066367304,36.63393142435129,29.884123225576523,522828.80094380095
2002-06-19,36.68095871937942,37.50663695961337,35.771631294383255,36.23260209956461,29.545026654470938,692394.1287717808
2002-06-20,36.1410206988968,36.82367254626141,35.07975922239903,35.718403569704094,28.992369943582226,591639.4924989284
2002-06-21,36.05906546292362,36.79152235162257,34.842968736352034,35.705204017888335,29.0553260201876,697314.5129087779
2002-06-24,35.592259975282815,36.0921935517146,34.175370053062295,35.18163501166964,28.609361114225624,696282.8237564323
2002-06-25,35.14241814621422,35.99420461573861,34.315140427648494,34.924814995005995,28.36929275688791,640585.7064890417
2002-06-26,34.23506050499574,35.34539016204468,33.337634643628405,34.54895217403565,28.036462970085577,725430.2156022289
2002-06-27,34.746366581285876,35.661032267230084,33.99775690208205,34.95573218848678,28.386821415173323,624014.0270618557
2002-06-28,35.07844198540874,36.8099604112583,34.3609428476369,35.93082879312837,29.31903870610286,780274.3729543497
2002-07-01,35.853024357815265,36.402411846456026,34.523892378411304,35.04368758259762,28.509513497179555,554953.6331182796
2002-07-02,34.88587007200788,35.46410695191082,33.70774353016527,34.24131326144302,27.716522438466207,688318.3914346895
2002-07-03,33.98013011209704,34.6844318262869,32.812096436447945,33.98277099507446,27.583733114597692,589564.1851374571
2002-07-05,33.968486938432775,34.78227675464434,33.44501382945993,34.326671257167355,27.80531453413923,279022.2130025663
2002-07-08,34.21777671562646,34.97807401831351,33.482969626569314,34.0774984789368,27.609510595160693,493141.43180846516
2002-07-09,34.02804639833648,34.918422208855915,33.30385795208374,33.9834773356047,27.503717369029033,531683.0626609442
2002-07-10,33.95688719465238,34.38399519669115,32.8565214163678,33.37142190667131,26.989972917224506,691904.4143835617
2002-07-11,33.36098788558665,33.91228866260228,32.16361145041899,33.149987620570826,26.89656209446975,819908.2626176219
2002-07-12,33.21259696329063,33.817851507241386,32.264874998739465,32.93567478817652,26.711836263657553,651298.1392567279
2002-07-15,32.49821105068701,32.93070353028279,31.30684819618829,32.188739030135935,25.964989619582155,743863.3791773779
2002-07-16,36.14751960559087,37.244470968992154,35.24444514867555,36.345750258222985,30.159508408137604,722400.6854700855
2002-07-17,37.17382648450913,37.9624678885736,36.018218974208025,37.100513002754866,30.96133289968653,864728.9723756906
2002-07-18,32.355471772834974,32.89864539911365,31.23318825553515,31.696493601096,25.662983068602273,708950.6028217187
2002-07-19,31.743335357056438,32.43053992251109,30.69298424970936,31.2235014978352,25.246576376615515,837884.9148211244
2002-07-22,30.919513672761973,31.75937550916562,29.572696062064054,30.639355833377056,24.821696142876316,845948.5121638924
2002-07-23,30.81692002608473,31.340855107371322,29.276813958617304,29.896120206784868,24.308493177194084,841076.0004278991
2002-07-24,29.36250219465902,31.126775794746187,28.36095017518042,30.613497774068097,24.878972637343203,1005366.8455945252
2002-07-25,30.205272101578217,31.543358575211588,29.361078803547304,30.650834791786696,24.8821888384913,949367.3662691653
2002-07-26,31.171698807306548,32.09360144586519,30.19908137143309,31.573921762320712,25.756965414605386,620569.3180650685
2002-07-29,31.896987979603328,32.99189406879925,31.234904841052042,32.391361814208864,26.37344378551493,693426.9576742197
2002-07-30,35.75372426249452,36.55811076113993,34.50159516948437,35.488281247959584,29.44455622346805,717693.0864933959
2002-07-31,35.217006925048786,36.64381757319233,34.41574930693533,35.552991923886395,29.51280951191008,752211.4825828377
2002-08-01,36.08534214156214,37.06742582654144,35.0027968230978,35.72856542440159,29.676277619714007,664701.6411238825
2002-08-02,35.83886495423521,36.38235874971124,34.57554068715521,35.183374181437344,29.274132042179247,610672.6877924288
2002-08-05,31.25462384366529,31.682377786165794,29.895158606397032,30.483493269239982,24.69374944465696,550069.7589590444
2002-08-06,30.455879767686127,31.863083468396614,30.090379108859505,31.258571767245837,25.339535818790342,641753.2246808511
2002-08-07,31.276962604364986,32.31858338692922,30.455659734954384,31.535822861814058,25.5617866334919,634338.8784530386
2002-08-08,31.56007653401111,32.29979152438267,30.811365784235534,31.668177626144104,25.61685609596613,623127.4948892675
2002-08-09,31.32086174833265,32.164271821774705,30.763169696851865,31.574590235140064,25.489424174626063,488921.23303457105
2002-08-12,31.402241118571972,32.20833138529659,30.821330512877,31.59386113346943,25.53230543858237,410523.6584327087
2002-08-13,31.40876147406236,32.12204532296362,30.591362063841874,31.081670106023545,25.038602003289963,544069.4468537415
2002-08-14,30.499123050930727,31.288465152757723,29.80734848483521,30.866272452187907,24.663999944687465,611789.3316106804
2002-08-15,31.57854673171454,32.22328824823995,30.83396935081141,31.666066881211307,25.45757333281112,604756.3913969336
2002-08-16,31.23310945780085,32.01126554247324,30.80112776865855,31.477266799364102,25.33173969652683,496135.67703451216
2002-08-19,34.95602976897362,35.68019142072322,33.95731065400056,34.6202976445304,28.33028755466452,508161.68358208955
2002-08-20,31.145625232334794,31.672535533570134,30.56501985181576,31.09092672647224,24.925904187821263,492823.0795068027
2002-08-21,34.71503189203587,35.68790425882695,34.1201262514103,35.207259913451495,28.98064679885719,516052.1463829787
2002-08-22,35.240466037504596,36.1837614451307,34.73269590802513,35.6110139478942,29.363384266477,514138.78656462586
2002-08-23,35.52219614615758,36.21843060617453,34.79921636102196,35.546605577294784,29.392656799739534,404075.572645931
2002-08-26,35.55289845488411,36.60776006095983,34.67722294653905,35.89359807007411,29.591320035937144,405040.4834042553
2002-08-27,36.098763180411765,36.597378627651835,34.74891725849076,35.208162035152114,29.014874721956506,502234.0676307954
2002-08-28,35.32146874562478,36.11285619776824,34.524955200465676,35.21787281259705,29.092448517740376,469832.21534548537
2002-08-29,35.00900361828902,35.65657393947482,34.31946494993773,35.0111124948753,28.872971774944837,481389.2
2002-08-30,34.52163959172361,36.05808157450757,34.12706796085022,35.21560646649719,29.10303870300156,372139.23341836734
2002-09-03,35.16734452720839,35.609796507321995,33.79794360562868,34.257705446652096,28.283272578770962,527928.9142614601
2002-09-04,33.84248506188922,35.340534151621576,33.11297226709498,34.284224083653434,28.24686401947413,575762.0207275804
2002-09-05,34.06246443501117,34.85798049037176,33.41243940908636,34.11875458329302,28.143106873860717,530162.9005947324
2002-09-06,34.08901251243911,35.22701587770703,33.66168761226556,34.41032845727508,28.36742515713929,461380.2406621392
2002-09-09,34.43298931092169,35.04112479389314,33.6169540108043,34.464579863667225,28.344991335289805,469051.28571428574
2002-09-10,34.266222318375114,35.632428380110646,33.65778420265056,34.96641843462856,28.893227905188812,513030.14678511
2002-09-11,35.29625293387242,36.12918995363855,34.71814179715766,35.20210476878975,29.135877394387986,377442.39475908707
2002-09-12,35.20886656985548,35.628382892989784,34.05007180513595,34.60868928728075,28.636963185295937,478842.34250635054
2002-09-13,34.50568934496462,35.140690115505876,33.9215259999779,34.54683326738964,28.56238309390513,462621.21873675287
2002-09-16,34.421288900920345,35.005849934690914,33.35685015650613,34.24600266333619,28.19985308331121,412052.2281964437
2002-09-17,34.20853359218636,34.625907138313885,33.30166830211392,33.579102142943896,27.666916113181653,580928.9894470241
2002-09-18,34.12542981441628,35.06643073509263,33.3028556234305,33.99142596393432,28.089916147102436,605707.5519425676
2002-09-19,34.027797998012886,34.773247737059904,33.079616378759766,33.63417239484643,27.862510005793393,557782.0687022901
2002-09-20,33.66788074312716,34.25848892553694,32.55307732880731,33.349776174391664,27.594163967072728,679502.193220339
2002-09-23,33.56450687425503,33.93002916636152,31.75299858136056,32.83943972768047,27.115902907447005,560906.1642043056
2002-09-24,32.271379547251016,32.96995625078651,31.314634230584833,31.897794192353988,26.239274141999665,660519.3120777027
2002-09-25,33.38342953833473,34.712364723562835,32.73183459441025,34.310783912867706,28.52420423229265,624754.9453852667
2002-09-26,33.088389972942444,33.786076302536834,32.353154736570225,33.17640668830529,27.363824139793532,608261.0884843353
2002-09-27,33.23587710834125,33.81606788921507,32.05539295743181,32.72581356858822,26.949447007561957,531474.1653242899
2002-09-30,33.4513711095711,34.35703078872327,32.32960326342719,33.388969689925,27.68509570220725,719743.4483340363
2002-10-01,33.74902567074464,34.90938217108216,32.83803491151951,33.798852705365626,27.915991628938364,724561.1220954795
2002-10-02,32.81518365119643,33.52794141295304,31.89647402070828,32.40945266422323,26.69842405352005,681132.4541613858
2002-10-03,32.522975017952575,33.1611908042237,31.56052981841035,32.203801502933615,26.533593685900026,677694.4276676507
2002-10-04,32.39798809941953,33.166467423041354,31.006259254578133,31.8755260562898,26.302905999857042,681105.7222692634
2002-10-07,31.63194565825792,32.65716299697843,30.52676784278868,31.034331517430136,25.544071136418182,634317.9214195184
2002-10-08,30.53965518009524,31.287866806075154,29.496046017707975,30.455832443871056,24.948062613270483,857964.9427609427
2002-10-09,30.621585123128014,31.13485842077042,29.596817154551022,30.16701014680925,24.790921605064288,777102.2252631579
2002-10-10,29.795476077487024,31.192153229660704,29.007159784644276,30.430919526970904,24.960235521921675,797200.5040203132
2002-10-11,31.05833601324723,31.885447440730978,30.338223770807353,31.307531029781448,25.701956446904102,745951.7137436762
2002-10-14,30.6273873809158,32.11335630264078,30.05568455017977,31.429599248939223,25.82250210025188,474233.23255813954
2002-10-15,31.199921312613952,32.51615358260687,30.662912162689466,31.609506214321858,25.84359842695288,786446.8477801268
2002-10-16,31.698672059210022,32.20847648199215,30.66214813045712,31.28559633173983,25.6060342410762,647498.178030303
2002-10-17,31.774391796938684,32.60311871411063,31.14740273675401,32.05201594146616,26.305115358901062,746714.8703157895
2002-10-18,31.853636229071178,32.642029736827865,31.274115972677343,32.12597171333746,26.359082105943248,645824.2829473685
2002-10-21,31.85218500435393,32.69762496772279,31.092165774862544,32.077119186726755,26.200013714247877,655470.4006734007
2002-10-22,32.34339751401382,32.75988546196414,31.64517712474518,32.168461410357736,26.341673167681595,653451.0437526293
2002-10-23,32.182215641020655,32.92105009647659,31.594134728035677,32.474611862620804,26.629055920095148,616729.2947635135
2002-10-24,32.25590755159325,33.223910816943174,31.66429896316621,32.37468114458355,26.5336598439978,657147.3137916491
2002-10-25,32.97444475267514,33.6780551903985,31.83196406784654,32.8215076507628,26.970386781288408,577680.3031578948
2002-10-28,32.46358926039765,33.2050357531032,31.69270937216541,32.380625773351845,26.58606984476656,624906.1956339211
2002-10-29,32.21261382636435,32.769054486804365,31.43387522678502,32.12306017417068,26.35850119393493,627224.7482165338
2002-10-30,32.48750512026692,33.36003484555105,32.04901640077712,32.87352927510032,27.04186659357449,645250.6638760988
2002-10-31,32.71741053981316,33.45761027859093,31.973646325024838,32.80110057902167,26.990105386203332,635459.9203688181
2002-11-01,32.71723138010478,33.77986171197179,31.861703785956784,33.12484537170817,27.236447466782824,574197.6108540177
2002-11-04,33.574792509554804,34.838450512932916,32.82765204104742,33.7022742906429,27.768763288066996,722938.6142259415
2002-11-05,33.42853311222826,34.65967829390846,32.64347281304161,33.758790476093296,27.854019885827295,563894.9049221708
2002-11-06,33.70655177541922,35.07245308098329,32.9143087841273,34.18639757509711,28.22068598049873,678726.7336134454
2002-11-07,34.16229727664574,34.62253506775018,32.95829273262104,33.59623871074032,27.721961648921244,620830.6332774519
2002-11-08,33.84277749057047,34.2759901048183,32.60629410047439,33.260503202618885,27.393823078602352,554985.5543889123
2002-11-11,33.172535638337436,33.77501968281704,31.434959029021257,32.20042363888107,26.396898281132067,465373.96260504203
2002-11-12,31.99256245705475,33.542672234461556,31.35889195776424,32.726429101920466,26.853193471683426,558109.9777029869
2002-11-13,39.63258429636879,40.99917983212804,38.8433934268945,39.447210599746676,33.62008620997241,617853.4817176871
2002-11-14,39.53609294174105,41.4375982449077,38.21527907166947,39.67719672439838,33.799528216461795,576555.4376579613
2002-11-15,31.024214647271407,31.855987116471447,30.330112840032882,31.280413600806597,25.37667491246974,566036.9336413272
2002-11-18,31.2210692571644,32.251895989421406,30.483404067258665,31.085708518463736,25.178618188428867,582348.8348008386
2002-11-19,31.18858794198344,31.734451367544334,30.398221205675366,30.951436252959947,25.085568454730453,595444.4654956085
2002-11-20,31.025467695107285,31.99964945676421,30.059734165287686,31.360707744367648,25.358359845461667,632567.1503979891
2002-11-21,32.671152899996954,33.99074857227476,32.19205284544064,33.41515171875045,27.386509757693535,778534.6656866863
2002-11-22,32.28112787040916,32.880492873190065,31.575115723066578,32.25658189843506,26.174486877510134,642855.3361344538
2002-11-25,32.25647394932908,33.33231059366858,31.55038511086574,32.86782010797011,26.83753248369586,638717.1506504406
2002-11-26,32.92224020574928,34.24453796114459,32.04682025250135,33.43847831822362,27.45098962311753,610903.0769877997
2002-11-27,33.50361359465933,34.56962846040265,32.72795563034115,34.06249948138721,28.00705915002237,558977.0394129979
2002-11-29,34.45839789008859,35.17028403358374,33.568137329736714,34.40466093111315,28.366415623750072,249510.04121110178
2002-12-02,34.472238118347796,35.14305550080774,32.94399839848385,33.91515492006364,27.856433137780115,625014.6533613446
2002-12-03,34.021172927239554,34.48725043239634,32.73612521361158,33.33384321537765,27.33430951114051,544127.1039124947
2002-12-04,33.38329794216001,33.993678547248194,32.49461434396834,33.39664412389241,27.405345484915568,627357.3045302014
2002-12-05,33.07712069564893,33.529024873702824,32.12770832224251,32.83476425666091,26.866207723040084,519339.13655462186
2002-12-06,32.464790991633656,33.243606459755796,31.937289040782638,32.70938223195025,26.733793129079835,516460.09399916074
2002-12-09,32.6039608294095,33.14143003135488,31.33571409132818,31.988210099302968,26.07536261809731,513007.9231415372
2002-12-10,32.16320888369798,33.21048945429621,31.622537814096315,32.57708656696378,26.620682620895025,551621.5908710217
2002-12-11,32.126893349049425,33.02845970858654,31.43648625969667,32.37611100192045,26.429440858985554,586711.1675720853
2002-12-12,32.57396611371938,33.221032468392934,32.03385038648673,32.776100323374365,26.82621840765691,531567.771679933
2002-12-13,32.42790610254086,33.20800222032903,31.777104559853345,32.29646608102012,26.313452582293003,581795.787473904
2002-12-16,32.21255089509612,33.44122788326561,31.47082544740289,32.53245561561355,26.547188884653384,570407.2396486825
2002-12-17,32.778842512236494,33.90616469245895,32.01917920352519,33.15552503409556,27.12069368168843,517136.59470810584
2002-12-18,33.03002267922197,33.564434161312725,32.04706335124482,32.60869116506462,26.692216446752816,662113.0629166666
2002-12-19,32.952512263853464,33.48809913881196,31.73552761418285,32.301166316967155,26.353900041897774,618079.6392484342
2002-12-20,32.718328424668364,33.549714265409946,31.84178561922846,32.84951326412266,26.886831013782498,743535.7623845508
2002-12-23,32.60552621985096,33.53155242174109,31.630075907162023,32.49771395279914,26.566120644995586,449052.3799494524
2002-12-24,32.52398792582086,33.02035060559687,31.967427462077616,32.409121079524276,26.44316318072696,179300.21209540035
2002-12-26,32.35638706499156,33.200389735819066,31.632298548148817,32.27840150965459,26.220412605893586,316795.80795262265
2002-12-27,31.707910977974002,32.2658442660809,30.914647618276682,31.54450552778512,25.692739301275733,316176.6850921273
2002-12-30,31.708889046683908,33.53965358189808,30.837993246279016,32.42966017127739,26.563227238912834,418947.15152783593
2002-12-31,32.5059938408291,33.835910801355006,31.152222524824918,31.974957282411474,26.04454722017063,440291.05541455164
2003-01-02,32.463794010934045,33.499819278561496,31.596227286590644,32.75015714327659,26.755802461502473,506650.6974402014
2003-01-03,32.91313439725897,33.34798934737703,32.12189562907914,32.72111098979537,26.72599847909853,456308.5856006697
2003-01-06,32.76523249600326,33.901003553889964,32.29827632466308,33.270956121031084,27.206436361580483,618213.5108604846
2003-01-07,33.5227342439277,34.021051829919664,32.66670914191081,33.38327043976031,27.379101661785327,627064.1365914787
2003-01-08,33.0486839958841,33.77908854277093,32.4235681124863,33.03397825459904,26.97942229188722,553253.512562814
2003-01-09,33.22065138937284,34.361811344692754,32.886381960024124,33.8043863568158,27.7527074662965,595438.9261435166
2003-01-10,33.935734095384305,34.84019442731191,33.345771547131456,34.09356035810443,28.042188598783543,555900.1026392962
2003-01-13,33.90666201859432,34.35018306828732,33.010906918483904,33.41029622554498,27.370222327167344,542507.4813573523
2003-01-14,33.6012853373546,34.54173667096054,32.8961877397425,33.89769704398478,27.838786534042494,531717.9476330122
2003-01-15,33.8260663524503,34.58548781302924,33.08295151966004,33.822823130667345,27.779387408871944,624777.652355148
2003-01-16,33.70940531141625,34.4878637959597,33.04536739983288,33.69244791270915,27.660954866481383,633879.0869746151
2003-01-17,33.600547256250614,34.04566296051372,32.78878047173187,33.18444745278887,27.203744127063256,576097.8746877603
2003-01-21,33.59725024882532,34.140141286844134,32.65054757344929,33.062699108396586,27.061721940081732,590050.9620675282
2003-01-22,33.14135400678357,33.64140168944173,32.196875514083175,32.7034860599578,26.809250205277838,610183.0159596808
2003-01-23,32.5629985042101,33.26806526461828,31.813846355638944,32.692588855609834,26.802431612267913,583915.8399832003
2003-01-24,32.7600038163582,33.15183213992001,31.606062949281558,32.06966141583149,26.213570078137764,608416.0806856187
2003-01-27,31.73941565996479,32.31029531980658,30.887157611643623,31.453673531450782,25.70414607033305,619283.5823259691
2003-01-28,31.719542230062036,32.48597653245983,31.067091341320438,32.00049964789874,26.23729189605523,580653.2566889632
2003-01-29,32.09859378562558,33.5184284895876,31.418909240069738,32.96025510710836,27.180729322912782,628031.3853211009
2003-01-30,33.16033833743496,33.60531340458397,31.74202959346319,32.14161735363755,26.330986584497328,611008.1704877032
2003-01-31,31.979036046615448,32.97966186782899,31.265981918109347,32.42407614288605,26.623686705665744,644376.7527060782
2003-02-03,32.6633330889767,33.75123298358331,31.893658054086867,32.67791762080562,26.866199184168913,524333.7831526272
2003-02-04,32.71537398897331,33.275423978177166,31.626741643803907,32.49870286138723,26.669538227868923,609280.2609056918
2003-02-05,33.82636853880678,34.352426854627254,32.757958044116066,33.55396115875409,27.788454395377272,588805.9704904406
2003-02-06,32.6062962939146,32.990434729467346,31.477353723785768,32.03463325333697,26.312962157179903,543460.5185648728
2003-02-07,31.965813079993367,32.47340249363328,31.12010377991198,31.669400544140704,25.992348782219818,568666.8066390041
2003-02-10,31.80538629082093,32.706216073034014,31.12285793167613,32.035527862560194,26.350763126126076,514843.89891395153
2003-02-11,32.27646484425241,33.30256467444943,31.776924433683615,32.61825934900963,26.956457903698702,531532.8588726514
2003-02-12,32.85230185721082,33.830593217186305,31.785266794857407,32.73964858394135,27.07663513411712,520795.28758445947
2003-02-13,32.16866081024058,32.738443438238924,30.85993094253315,31.6306445681675,26.03412385667283,584741.7308013355
2003-02-14,31.830172385721777,32.604709886037796,31.431516273220172,32.152972752317815,26.479618909570636,556006.2517745303
2003-02-18,32.05399007232394,33.283072358225475,31.583166994214988,32.72514564075662,27.00952383944435,527608.0070833333
2003-02-19,32.99048625828602,33.5272107302969,32.30275884469794,32.61471732578917,26.855325859089028,469112.1846921797
2003-02-20,32.3637473593445,32.76805687154532,31.472297356386942,32.04273513779386,26.360559960397556,484794.05513784464
2003-02-21,32.31214904916793,33.38938069123344,31.950621138568106,32.78625586192043,27.045659662015513,516534.96996245306
2003-02-24,32.9226134162522,33.236613191367624,32.04124105613479,32.339699251366845,26.59350552083963,501333.3176323468
2003-02-25,32.15944579393886,32.900367837794654,31.309874728719,32.35314853373421,26.594581802464543,564011.3585457584
2003-02-26,32.51901230025657,33.16507892880798,31.63909015826215,32.235543609080594,26.572277471886682,517469.2711018711
2003-02-27,32.30465050797297,33.52296883217506,31.891773500828517,32.68321563232864,27.007819736429614,522171.123853211
2003-02-28,32.70268206526821,33.18724251565146,31.821546172378213,32.501323855987415,26.795123464410366,501619.8469899666
2003-03-03,33.10120104747768,33.8252768447401,32.08742928337889,32.68441771263245,26.98519423832623,487197.6133611691
2003-03-04,32.42991034000937,32.85410257921836,31.61696964637615,32.059172924825376,26.397237084347342,476820.61083123425
2003-03-05,32.243631906505456,32.7940806236927,31.580031374651675,32.2366892567021,26.577325202266113,496060.5363292734
2003-03-06,32.02791738318783,32.33468025213703,31.34616074772651,31.760071555457632,26.169500340539408,484757.31709365814
2003-03-07,31.80027489536215,32.55379701977047,30.87246315037426,31.71453633539065,26.10812234470907,601202.5722615577
2003-03-10,31.660004610336642,32.045998348179246,30.401224428187703,30.93496368309375,25.384530807304326,478862.16255745926
2003-03-11,30.888151624696082,31.964455447293535,30.456024729085296,30.98461140362467,25.421980981120804,497964.3586091328
2003-03-12,30.757693392920675,31.156875761830655,29.991968887616235,30.615448499623284,25.144757786474536,628106.4301792413
2003-03-13,30.744952365062957,31.586922185223216,30.460523966797304,31.34441669745544,25.703879991289078,770571.7254983389
2003-03-14,31.26357427728703,31.733525533677454,30.62867105798465,31.28422506092715,25.709717917022935,593142.4605098203
2003-03-17,31.12554950635575,32.76641148024774,30.760372547129702,32.082908021114825,26.424917349191883,726026.8210570121
2003-03-18,32.281578946068386,32.804329072916296,31.56297060161299,32.41245496041574,26.651873014737543,615299.7527196653
2003-03-19,31.844496954726466,32.37281909929254,31.316268022538,31.88335657708527,26.127519040721918,579723.7460383653
2003-03-20,31.63596607260825,32.36122923141882,30.955335939412517,31.87191165470304,26.13783257583404,595842.9979157982
2003-03-21,32.18281846345277,33.280289922128155,31.4710504538928,32.55740960217048,26.772577891327035,729436.5205992509
2003-03-24,32.71611728641121,33.01734423820698,31.5887977234333,32.11407453142209,26.432515575037762,520709.01378446113
2003-03-25,32.02019939328892,32.637165595849275,31.486379611556707,32.108468870155995,26.384753084347615,532933.8559498956
2003-03-26,31.664259537754265,32.308516979035545,31.219421012214305,31.80217316048006,26.094367788949814,516911.2839248434
2003-03-27,31.655466133751176,32.35298039994683,31.139495816070873,31.85580465833429,26.139543517638536,492030.70855949895
2003-03-28,32.11994936823159,32.514474608094496,31.185577463339936,31.64424959625971,25.943283413012345,447550.920083682
2003-03-31,31.416225195406533,31.91107499462055,30.590612959513464,31.335001785995132,25.658215098809396,622355.7173642769
2003-04-01,31.774647626428493,32.23372779845546,30.763240370187273,31.242903510523632,25.527440119340785,564239.1449396085
2003-04-02,31.60496659777174,32.830196704282535,30.97773775913407,31.880001033706137,26.083756785266676,607475.9122073578
2003-04-03,31.679813083725758,32.12800665735632,31.077958376525228,31.56219064711626,25.730236311308566,639380.2196531792
2003-04-04,32.16802850728528,32.801917646456516,31.294963315101295,32.1729397557284,26.398890474698472,489219.58722871455
2003-04-07,32.36872341181617,33.706191667357146,31.7563908090489,32.632503084734395,26.812347445633108,611398.5179166667
2003-04-08,32.375679503421274,33.353073884906934,31.845885065308,32.38651237991669,26.586874556176262,448835.17960553925
2003-04-09,31.95836711129545,32.6728614686422,31.18735755004432,31.752652814421886,25.973539685838226,552620.2679983354
2003-04-10,31.93059907063997,32.699529631161134,31.354486166737043,31.913986051596392,26.09339756096461,517708.87833333336
2003-04-11,31.185513587693066,32.20044037416853,30.74409670144657,31.589363480642927,25.797765815659492,621948.0580246913
2003-04-14,31.768138066062054,32.69713018466838,31.508350099408435,32.173130487816714,26.32701666551146,541305.1559139785
2003-04-15,32.06430107747947,32.82956608609078,31.476508995073345,32.36816288931094,26.537144213239042,574160.268718802
2003-04-16,32.775796704515045,33.132106012205796,32.09817993536591,32.59334596465082,26.74598793453566,765971.6391752578
2003-04-17,31.25739492609386,31.93256208355465,30.920520105542174,31.60985491482147,25.715754010375875,641817.9950207468
2003-04-21,31.122873921385676,31.73159933534228,30.258150081786958,30.921964910162597,24.80909949689648,462689.02783635596
2003-04-22,33.260294125692575,34.150465207344524,32.66728318804831,33.55910573794977,27.609628486678226,687474.8812785388
2003-04-23,35.25384097037676,36.03924083358883,34.425490018366965,35.13110000690981,29.14851992794145,671547.1576539101
2003-04-24,34.29828058847926,35.375288894181004,33.31091209533375,34.448515433177356,28.500449398029897,634089.7868716244
2003-04-25,34.45443026764336,35.108922264255696,33.45025149195697,34.17114326425235,28.22745920720162,551754.495206336
2003-04-28,34.15520669351101,35.1026858295776,33.56285853880984,34.43353273198686,28.445398261317063,625603.1086327963
2003-04-29,34.81984633193053,35.45608854738158,33.82680726089509,34.47466201487366,28.487446533532633,679147.4600414078
2003-04-30,34.51436827741315,35.281931824932514,33.891114683997124,34.66722909231414,28.68007577998158,727005.2678050812
2003-05-01,34.97593033408293,35.49948994694724,34.170571548570514,34.764242241670566,28.605615190399106,584797.8065601345
2003-05-02,36.09238834580466,37.495134057139225,35.87204262147777,37.166951599399816,31.08510517252585,650629.4491490244
2003-05-05,37.021697263880775,38.29753922464842,36.26231023902571,37.30495912057708,31.165562483850152,761942.1573541495
2003-05-06,37.561070081305516,38.52146227993912,36.599000744938515,37.59090775155694,31.47537323530702,812761.366735113
2003-05-07,37.76199996660801,38.61460613765399,36.93059156912487,37.56041856333226,31.371073001315214,762333.9227926078
2003-05-08,37.50492880063401,38.18163277916549,36.67376109017448,37.498693397942624,31.40184437104519,640165.2300702189
2003-05-09,37.94261248868683,38.851382156462705,37.35018053132806,38.10371228741129,31.94412924579275,619699.4535699546
2003-05-12,38.012936841886926,38.7188609599549,37.26298003972721,38.04751926237742,31.84227415237118,633264.3352649007
2003-05-13,37.40566738963964,38.43965575042908,36.72520570106306,38.01899286592575,31.7652367259046,631790.3734230446
2003-05-14,37.300081175289606,37.974861317632886,36.63716712469264,37.400598391888984,31.188176470573055,608526.6014102033
2003-05-15,39.24291759987737,39.980194730111336,37.888142036346935,38.9612407285055,32.71184393749706,626225.7328339575
2003-05-16,38.952467757436594,40.03747960405754,38.19724814824288,39.008091973089115,32.79129122574943,628890.0671363448
2003-05-19,39.77592051427256,40.80781263049063,38.22505182443088,39.34400722494689,33.20675208991539,629942.3202641354
2003-05-20,38.5755659688559,40.00790766760602,37.385192784627804,38.605180998931424,32.46985356514703,640125.0016576875
2003-05-21,38.91243957627293,40.0157011552601,38.060760481167236,39.2590649070351,33.12538538047284,599832.4888059702
2003-05-22,40.24820727598979,41.018741522533766,39.39315790383553,40.34525238460075,34.067390053789545,604435.113419194
2003-05-23,39.34285811248321,40.17596358309292,38.52789456800881,39.43579990193341,33.20661157326582,522475.1430941518
2003-05-27,39.21124705626954,40.90323851215655,38.510082147285594,40.11796465157479,33.81935855363843,683766.6151930261
2003-05-28,40.06059249412356,40.991129183455115,39.07693527043821,40.10412439859457,33.815390127282136,700620.6516342573
2003-05-29,41.04619439976906,42.0098793661013,39.96797352341066,41.0182589000961,34.69713429111932,733190.464625569
2003-05-30,82.90441682673834,85.83621301674893,81.40479189739071,84.58875049977614,78.09258803129117,954538.6033755274
2003-06-02,41.68426409736276,43.03279602116005,40.429959582982725,41.88511451433472,35.43865975753998,754863.7377116894
2003-06-03,41.75649145840302,42.89185981275923,40.42608077613006,41.711650574130765,35.25615512254334,623338.016155758
2003-06-04,42.13195853155192,43.49505994093931,41.135154369993394,42.97796728636218,36.456059037234375,676924.693294702
2003-06-05,42.81291401997765,44.22755670226121,41.8935584880628,43.637250902789695,37.101994063399914,686968.0373443983
2003-06-06,44.14949837725613,45.61365634267617,42.44307382773475,43.85216805504137,37.32508935649434,786523.6354598177
2003-06-09,43.95123889722491,45.75367080780832,42.6666990264389,44.463454517250455,37.886547606250296,647958.5014397367
2003-06-10,39.70769171072541,41.216480205706524,38.646530629703435,40.05698654276359,33.560198374856434,529040.2317275747
2003-06-11,40.07762541507751,41.26720297539203,38.96474696860142,40.24896601380423,33.67693835868385,608382.4471612101
2003-06-12,40.58547596185784,42.33062622523443,39.87158035679359,41.365256093827284,34.782483879908966,601752.8743801652
2003-06-13,41.99334911682975,43.25279172062349,40.59556925654491,41.42760995233418,34.8786922532639,559131.5685868214
2003-06-16,41.64673553141717,43.04902102274523,40.52367718490477,41.96970972776814,35.269476886494296,600795.2525879918
2003-06-17,41.97942029418602,42.83991991078584,40.89089703648499,41.81843350145058,35.204995399999504,631936.2920976417
2003-06-18,41.993338701497805,42.72907182341365,41.02339713316092,41.92748668526577,35.32280242723057,676487.1083196047
2003-06-19,41.82807846559702,42.80642207024118,40.54459616388604,41.41999201739083,34.860406539468684,697598.5452292442
2003-06-20,41.910933068268434,42.681733935969795,40.76877208215238,41.65817411264697,35.13670834851921,689962.8855371901
2003-06-23,42.325275919570714,42.9811633662492,40.75711226436522,41.571296523851444,35.075801154972815,589924.9441918147
2003-06-24,40.984363396074045,42.60461483105403,40.07524361385359,41.73343487139369,35.1820825827429,621772.3756701031
2003-06-25,42.115601514165085,43.31327640858335,41.01076698353661,41.615901597787754,35.12060847780597,591159.3874690849
2003-06-26,41.796405601349925,42.65366415118964,40.925699395756446,41.86114027502529,35.30448796143547,541438.3782104391
2003-06-27,41.585282689129066,42.53902565067166,40.682784983360904,41.59323279894888,35.05977704418869,541726.024691358
2003-06-30,43.04987297346854,43.77773833565678,41.76487156867087,42.59737965834741,36.01154822842061,659715.5544105524
2003-07-01,42.90862156479096,43.69139354732088,41.59464293275247,42.58014432816921,36.03743571421783,636430.3279569893
2003-07-02,42.89081907943904,44.21407625708066,42.176593018700316,43.698109009315424,37.079398791451865,640866.7998352554
2003-07-03,43.05556778490525,43.84602615271979,42.37896739155354,43.34135596259308,36.67300602786615,335609.38907148724
2003-07-07,44.85783182293888,46.29029142294203,44.10348392037061,45.52691326226008,38.87176467864634,611469.1958041958
2003-07-08,40.65083295196976,41.78239318217196,39.691885679457805,41.08369157973477,34.2988779075414,631793.8620404791
2003-07-09,40.927359129625444,41.52030915603877,39.92908560475741,40.71110875849587,33.95928745155099,633532.8870568838
2003-07-10,41.19894150023505,41.60843107445208,40.09568768763764,40.80402595086127,34.17288261483429,571135.7122153209
2003-07-11,41.12476210485203,42.02827670125514,40.07860335597515,41.61658602697076,34.94181529496505,458620.2653654485
2003-07-14,41.59204749263509,42.39380518602744,40.482068042733225,41.08140853084716,34.40674984565219,564330.4018189334
2003-07-15,44.467751902176275,45.10211126801899,43.2537277008311,44.03937738994328,37.31471607764999,628730.8366255144
2003-07-16,43.76668564242867,44.33402734020895,42.485492508440174,43.175912459379006,36.56910539601116,586372.5842604038
2003-07-17,43.10822078793,43.539294174359426,42.00990028314234,42.44775588231302,35.89055105185124,725229.754091653
2003-07-18,42.32500121581262,42.875181259862316,40.970298026448624,42.12637744195016,35.50582913655322,552172.763569079
2003-07-21,42.55149434817278,43.3987373995758,41.030355622089004,41.9076475705851,35.361751678787684,478239.5421139554
2003-07-22,41.56046279192564,42.40081750788939,40.90726996011368,41.77433579733261,35.1912040759736,598579.8823045267
2003-07-23,41.89331910225862,42.81212924623011,41.149176880926376,42.1629468807647,35.55646917958457,515726.2009905076
2003-07-24,42.114198525732085,43.01667463976796,41.340247556411924,42.0922882017,35.49210748765024,637270.0504926108
2003-07-25,42.48031608680437,43.56835477155421,41.36971236676908,42.82549786616427,36.16504249123315,554146.450369155
2003-07-28,43.037400901939755,43.97004108430058,41.87714952648802,43.0573334125936,36.41065635663928,533006.9559851913
2003-07-29,48.28269287786648,49.297069908448144,46.8170643705862,47.94529737929098,41.33532478612727,612826.355128729
2003-07-30,43.0173567459446,44.248088578465705,41.98128691527301,43.39020513213425,36.651281537602415,525609.0151888342
2003-07-31,43.40813171812141,44.34546451616337,41.876428964577094,43.09387750346966,36.35966792102012,674420.8448346264
2003-08-01,43.28341889375109,44.07069479930513,42.28280579741108,43.07039583021549,36.408032355472436,579553.8037459283
2003-08-04,43.61744165785477,44.03912965520603,42.006681628449414,43.153649799044906,36.49770008024634,575579.361563518
2003-08-05,42.710826924108574,43.58741407738565,41.907975883141575,42.77561160240289,36.19066490117785,595172.7374847375
2003-08-06,45.55160766598763,45.215172226857256,43.26064921852228,45.39852891916587,38.69879504862016,646237.5982070089
2003-08-07,43.61893832923634,44.50796106543831,42.54619726551614,43.562855101806306,36.9395803241204,565987.4705400981
2003-08-08,42.38368558975082,43.336128161685714,41.762376202290135,42.8650043836357,36.2289274557199,455892.7915815284
2003-08-11,42.389707538602536,43.28026906225638,41.59710773325909,42.50943514137818,35.954521809834276,439455.14748054073
2003-08-12,42.83578068734467,43.79684701051532,42.10587481325492,43.213123015401365,36.61954623032667,473156.15573770495
2003-08-13,42.84160183734467,43.13765103468058,41.28033934227243,42.10308033797743,35.48784345066788,522155.55610766046
2003-08-14,43.02921730699324,43.90201454931613,42.55617162744411,43.292885687966574,36.67318308517095,479067.90789473685
2003-08-15,43.83991720256522,44.298021970731114,43.059039622381945,43.794127654464326,37.177825688745024,249340.66693977878
2003-08-18,43.68042725768871,44.729730801215524,42.89223664388157,44.11260412173774,37.439293411173146,471150.79950900166
2003-08-19,44.12054228053296,44.71211517272965,43.095081047603095,43.887691431558416,37.172885691344284,557473.0806055646
2003-08-20,44.265979134440485,44.991865181723135,43.2185184599053,44.22694583870501,37.39259714930726,528435.5448247759
2003-08-21,43.68545318232241,44.99607806221467,43.21202372830705,44.387173100844485,37.554106787403015,580028.1046606705
2003-08-22,44.37465005429222,44.877863908257964,43.375195848396984,43.864799825849886,37.19767652152693,558903.1113376835
2003-08-25,44.44079076357113,44.96363433527729,43.594016519872305,44.42419829719473,37.70215816027618,420220.62428687856
2003-08-26,43.814834173099726,44.562722198246995,43.02572775185716,43.98776762769082,37.33606976887401,514855.2432653061
2003-08-27,44.265808035332206,44.91088819358853,43.213456377658034,44.38132167069533,37.65333612379285,449872.0302411116
2003-08-28,44.21542359506157,45.318566072870354,43.62009051877674,44.87695918311293,38.14816049943256,508884.70089649555
2003-08-29,45.307711989486336,45.9554722623021,44.392944063679984,45.408531814440025,38.655258268461125,406413.02812882187
2003-09-02,45.17309823830213,46.38933395490354,44.325539314083905,45.80992249927959,39.00982944414628,599428.5828571429
2003-09-03,46.25554975695662,46.79897292381129,45.19532070652142,46.30038528511877,39.43553071779769,706346.456583775
2003-09-04,45.79666166260029,46.51683078308332,44.83245694409735,45.68124072310291,38.854361988226636,588386.358513679
2003-09-05,45.9122051666677,47.35110008537161,45.11135521064303,46.1336668415398,39.32087255503355,568562.9514285715
2003-09-08,46.7399138669558,47.75309988517473,45.62895446756486,46.97673190057235,40.12325358093368,500336.87520458264
2003-09-09,46.303854695381084,47.2439202818866,45.6891215897288,46.52820385851024,39.699630437857884,568039.3202774378
2003-09-10,47.3972642371925,47.99725881065606,45.77053276864598,46.82256950433303,40.07316220304816,580087.1516142215
2003-09-11,46.72596309105048,47.910460013684876,45.863886278578825,47.11803157430978,40.393450947317426,528518.9828571428
2003-09-12,47.712550424747064,48.306600686463405,46.37027154829926,47.587520925509615,40.80956358355221,502067.73420301673
2003-09-15,47.668169704004576,47.93049549126806,45.892869585445894,47.255452943560144,40.48108297508445,461822.5648450245
2003-09-16,47.082897693866784,48.12233994824581,46.32202054744477,47.50025902614331,40.68519478850958,556251.1135993486
2003-09-17,47.92045753843493,48.48174863916956,46.92773785477629,48.05279910939974,41.259868853979576,569579.8344827587
2003-09-18,48.44510715630223,49.70459534354049,47.66149337472652,48.86829827696577,42.0639547212112,590271.8079902161
2003-09-19,49.24073421738772,50.21544318914038,48.20301765456171,49.91177403964421,42.96271976095504,605489.5172834486
2003-09-22,49.14067797165699,50.28800587599288,48.01942568636542,49.631980910111864,42.83014912489672,524577.8921448921
2003-09-23,49.52343220436054,50.609630186456315,48.603822144787436,49.70958034880231,42.79569646813608,504357.20106252556
2003-09-24,49.78004002435778,51.47039861207823,48.47424117601388,50.16769903860698,43.38013359737987,663956.1824461601
2003-09-25,50.229626537040055,50.899628193346544,47.84241654896702,48.88976769314267,42.17984096185585,665433.9371451744
2003-09-26,48.817577848012036,52.43053295485104,47.03572488405261,49.923094476014676,43.1278423681941,601640.2671538774
2003-09-29,50.12935466733093,51.11495181860588,48.29126648855791,50.32549631125947,43.486425060682365,570253.1382806164
2003-09-30,49.52252338971941,50.34150626749897,48.32012020382801,49.30289811365407,42.519599223520984,633256.9918666125
2003-10-01,111.06270981508914,115.34085154187134,109.11401845187072,111.6864150133123,104.61856529743437,829522.1078838174
2003-10-02,49.535215385395894,50.79941083612957,48.45720094478531,49.32580103056247,42.51282459352552,546034.8631194151
2003-10-03,49.6547264999393,50.78216671841102,48.33855262273129,50.08676246105382,43.223847032996744,636486.1211874746
2003-10-06,49.792231150369595,50.49423400275879,48.572549191628624,50.19359313651362,43.27727323081871,431806.75457131246
2003-10-07,49.74200286115879,50.933816617066974,48.89045601517425,49.951199735739856,42.95465154304049,572926.6187979024
2003-10-08,50.04578478155048,50.93485056110656,49.1650227225571,49.94794190858352,43.057510593720494,562472.869600323
2003-10-09,50.252811115936495,51.61449753473955,49.41445876528669,50.31894523996446,43.2999583121963,647132.8121212121
2003-10-10,50.14989448158952,50.98470328873556,49.102844817469105,50.06907192922027,43.15646138651615,469376.5557350565
2003-10-13,51.760202657070224,52.46884773031015,50.84227342082582,51.97602349515084,44.87187175593962,465576.91391794046
2003-10-14,50.41679703358367,51.23171217305692,49.69903325652993,50.437640076917496,43.45275968788974,521958.9192571659
2003-10-15,50.95155419225105,51.651746648506645,49.74917770882836,50.776374861913695,43.65717058684658,653243.3674698796
2003-10-16,50.43010954425079,51.531700458850345,49.49938302253745,50.89661102015838,43.91730909862517,667371.4371497198
2003-10-17,51.2921882260027,51.8883100672674,49.84963672144084,50.477115389501016,43.53186118454978,577380.8699317543
2003-10-20,50.65120594747602,51.4256926557838,49.40430528343289,50.30892664818247,43.355665374084964,519605.75252321357
2003-10-21,50.52503080286416,51.46712587258561,49.7552783112517,50.546828285408075,43.55828718244579,539852.7234648231
2003-10-22,50.415574821218,51.0189475478665,49.068288746869904,49.83777458677901,42.924780522194325,519235.8174796748
2003-10-23,49.681943647605,50.782422320738725,48.663825763517984,49.727566731375205,42.84014025412535,546935.0824198133
2003-10-24,49.2201064636299,50.175383602984574,48.52263519923813,49.25889579146859,42.37828668798467,547984.9207880981
2003-10-27,49.83941599568677,51.316524663148925,49.11506620830898,50.4926231737959,43.55803865274907,500874.99516908213
2003-10-28,50.36520253928343,51.49979628005681,49.081524385730354,50.48275837466811,43.50252028171147,650862.6423092451
2003-10-29,51.63338003439237,53.19077832250664,50.347544922816724,51.82057230428534,44.641457150560605,708361.5306367641
2003-10-30,52.197497977548196,52.99048277646562,50.14922430307196,51.11343163129054,44.06512752745494,652191.615819209
2003-10-31,52.22751992255544,53.20475973208824,50.36800910635239,51.911834897258835,44.8313202545381,551857.257073565
2003-11-03,51.76980541524848,53.55705466919306,50.442418746499115,52.44633914013973,45.28927048902087,654319.2449799196
2003-11-04,52.17934453613568,53.15720187063382,50.6494420868202,52.0924169486527,44.976752151132516,615077.7509039775
2003-11-05,52.36289077598698,53.495495775633145,50.81068428324644,52.440978579588965,45.295491365860876,612848.6649298597
2003-11-06,52.007355819183196,52.76832526689862,50.667472079451535,51.97959848035932,44.842899836211124,633716.3229041316
2003-11-07,52.824575669845245,54.13133033903109,51.58749455567111,52.682196920810625,45.50420345146002,564065.3507070707
2003-11-10,53.5731584772249,54.625095979824145,51.83548741364984,53.57054841174771,46.41674818642609,538127.4284565917
2003-11-11,53.82105333551973,54.53687039692778,51.43590275040805,52.358646665861656,45.10072389906178,497553.34247680515
2003-11-12,50.473383360948056,52.21495563333246,49.850367174513366,51.731828436864404,44.39392379160563,569319.907980456
2003-11-13,53.980440635994135,55.19825514812307,52.48081939439158,53.67085789988438,46.495803794750465,562036.3461847389
2003-11-14,54.784882725138246,56.177826226257494,53.76523131522465,54.88590894693672,47.72104182698311,552750.4596223383
2003-11-17,54.826899785802105,54.9367613401384,52.39490023432607,53.966283793518386,46.81323159632114,512732.12328767125
2003-11-18,53.08503486757385,54.17838407545188,51.70394075271592,52.27691710763494,45.16692281842183,534972.4174718197
2003-11-19,52.90346771678879,53.899733269302565,51.903733967940795,52.88785435014147,45.600021501534194,566928.6110665598
2003-11-20,59.65389522995416,60.830307301254045,58.25965667556521,59.37547478823912,52.0507913762571,582959.9380139152
2003-11-21,51.88495688949182,52.97718988299578,50.775528464485014,51.59698852810931,44.527134488876506,510769.5082428629
2003-11-24,52.56183690049185,53.959713237196226,51.140568974334364,52.77251027899602,45.43339414679694,586768.2259096361
2003-11-25,53.45481882225774,54.79765086856767,52.570709497286295,54.01930979503752,46.821040982232255,567621.2703243892
2003-11-26,53.81240864143421,54.962346990387964,52.24715086039857,54.11991222238579,46.891893095055394,457220.99038846616
2003-11-28,53.821899883025615,54.67712330591806,53.378395593874515,54.21781215449361,46.88293591030924,192651.37489975942
2003-12-01,54.70047471452824,55.69305677788192,53.45998332925512,54.734820128070794,47.42273438633169,612585.6179056754
2003-12-02,55.608576084396965,56.7730236722919,54.013694615124635,55.5976412374191,48.30295092801258,564026.8059461631
2003-12-03,54.66895862255006,56.43971875436589,52.5912152203548,54.511260017415275,47.25846308356873,590747.8220883535
2003-12-04,55.19167212297375,57.01777387102396,53.34849158459679,55.148580206505784,47.886407994006994,583090.3267842822
2003-12-05,55.378011968465295,56.08387371433485,53.34123383818108,54.93828989715333,47.695392864601395,508098.45778311323
2003-12-08,55.287798882165504,56.66233816309194,53.55100158070619,55.63107078811447,48.19097513439334,503659.898
2003-12-09,55.59029767135204,56.13862657267073,53.34024812438512,54.18835639011018,46.79064711592568,572990.4567307692
2003-12-10,54.22593386401721,54.965142407517234,51.5554725340872,52.62123779355823,45.399631672931534,591424.562900641
2003-12-11,53.02459941332967,54.73647342142788,52.05597871128672,53.969738872182106,46.68234796222968,577537.8443377351
2003-12-12,54.689792086840235,55.454309078448475,52.922196441840214,54.90181953526315,47.57487652724662,501509.2641056423
2003-12-15,62.03177868737672,62.885576031174494,59.56008156328592,60.50191627425472,53.238343736636025,629335.0816733068
2003-12-16,60.50298682885284,61.281345634776,58.002024807675156,59.489960393797844,52.208531289614434,596072.9187024429
2003-12-17,59.78701543754765,61.227246708365975,58.59504470084614,59.88839312242414,52.59599523751141,625247.7922801432
2003-12-18,60.47352958649585,62.03223708149404,59.310019671008185,60.727856892839796,53.38225897547634,656418.0906560636
2003-12-19,61.00495247135289,61.65108368818523,59.723092010523125,60.60170331887007,53.13854831759159,665923.2267835791
2003-12-22,60.55554969565226,61.71754855110373,59.37361722050251,60.558579376117635,53.05876850248481,520799.7375745527
2003-12-23,60.50672221186781,61.818411927239396,59.650117252994406,60.804301247259716,53.421159570504756,604497.8814026793
2003-12-24,61.09029986785107,62.127924565368154,60.52095144179639,61.383839327355766,53.7924379919981,256919.3605252686
2003-12-26,61.70345783049834,62.34585338996748,61.10284237300622,61.708904016618604,54.14236448524048,183280.49420695167
2003-12-29,61.73592354840207,63.02715988655999,60.655191876269534,62.627641848691106,54.996128260238194,485785.06302021403
2003-12-30,61.68469421066041,63.19793390867444,61.048768072100984,62.43928304698142,54.95390876021337,457574.62688342587
2003-12-31,63.34081996516839,63.73915429089865,61.94970015862186,63.0364882883104,55.33952351281249,460592.66293482605
2004-01-02,118.67693489460183,121.04176874061832,115.38972186101753,117.03174579229022,109.12293362980861,568886.2827868853
2004-01-05,63.365882201408205,64.31470938267665,61.48452633356077,63.48614393805368,55.895132878025414,735661.8992862807
2004-01-06,62.94522139376596,64.0298247775085,61.762151707761106,62.76696861733134,55.2143813223359,718542.2371541501
2004-01-07,63.066349782521954,65.01522995751417,61.59484319468233,63.82559011733789,56.276583294242656,744204.2679066086
2004-01-08,64.13130052423523,65.6538749281279,62.72219280767429,64.60672902194482,57.02647747526478,683068.3110846245
2004-01-09,64.81487665906027,66.49554494883677,63.440054206040685,65.37307063197547,57.78050529422352,676108.0611839491
2004-01-12,65.43136245864528,66.47181219180152,63.5249516138727,65.22577505225011,57.602522163068336,652308.8777689873
2004-01-13,111.29613204018251,112.97078066425034,106.65016918497149,110.6040649257997,101.74744334179886,985417.2426035503
2004-01-14,65.40475088971753,66.29858734145232,63.73033907481816,65.57923430476697,57.76764008277417,704180.0284023669
2004-01-15,64.8609423241397,66.55658888465464,63.618786840878144,65.47198811143146,57.85744209144231,756362.4802683505
2004-01-16,66.68145548167628,67.80021170747364,65.19477124915166,66.63745433320128,58.82676872135207,668632.4918683062
2004-01-20,66.56228322055571,68.84183517982257,65.43642670240372,67.62500264611832,59.89901014403464,666675.6184786938
2004-01-21,68.39527260742219,69.27564540166112,65.98810881212033,68.02775181193321,60.24788984870063,658264.755475906
2004-01-22,67.51956476092958,69.02478168236807,66.32398569571333,67.7759532893787,60.02901389818987,629241.4438247012
2004-01-23,67.89925552570547,69.66650029497171,66.8810511470848,68.61894761582174,60.88924434880315,589360.7723285486
2004-01-26,68.91314677738865,70.02176348470392,66.93092040328283,69.16611964997877,61.34058146846995,621361.8092026974
2004-01-27,69.0235280358932,70.0523555062065,67.3804044514684,68.68059605437857,60.90190505100154,667962.3485873458
2004-01-28,69.66284898565684,70.37999175891244,67.26560842581733,68.6382253368244,60.733671645294535,684895.0866959648
2004-01-29,68.32417280423952,69.33249845428678,65.37830263233069,67.43350571807069,59.76148435780834,756720.7529880478
2004-01-30,71.82907690867854,73.76428574458423,69.98242400834225,73.02962249038319,65.34183557540223,633090.6934972245
2004-02-02,68.362209815478,69.95193080324051,66.88553127665153,68.62527748348236,60.93887199124461,671692.4104803493
2004-02-03,69.1929181419524,70.40289750995038,67.21949723333171,68.8250617163763,60.97501220620336,643831.5192231471
2004-02-04,69.20604164439361,69.90370477748144,66.66333137130799,68.22843645344389,60.582741107628586,745197.0023715415
2004-02-05,71.910849416742,72.77748401066548,69.96804581479131,71.158373081722,63.5512256296182,687630.9631974674
2004-02-06,67.06603616796049,68.98818826198861,66.10130290251955,67.8535003013259,59.98680797137629,596289.1004765687
2004-02-09,68.28929209153908,69.10443525631052,66.56731372982405,68.57022009263034,60.78720088115708,541239.2584225129
2004-02-10,68.69774706998534,69.63252267303459,66.8295007288294,67.94845206397682,60.15813289251825,562498.8409361364
2004-02-11,64.40244565586784,64.94292431687066,62.13193959780726,64.32851752830048,56.24701966253951,758863.7133173844
2004-02-12,70.75669288338564,73.93380506864195,69.12837926514614,71.13655582764922,63.14075417681703,622589.4280094414
2004-02-13,68.16416656579231,69.68213833572723,66.70429453117515,68.25777400769609,60.416031286617816,570508.9711576452
2004-02-17,68.25121298947373,69.44297759117147,67.10738164801631,68.46449874438213,60.59218397415864,534457.662027833
2004-02-18,72.83747988437878,73.31207304739053,70.41760358585422,72.58206527301988,64.63403911398402,520151.51773614984
2004-02-19,70.63390666491071,72.8451306089212,69.36038972431912,70.66553508546943,62.8549070575038,611502.7527777777
2004-02-20,68.85704067336029,69.57189171575526,66.70747529831522,67.76167536398323,59.930050050548125,625622.1035982602
2004-02-23,68.425333612343,68.50639096723958,64.31673342165651,66.55485900889146,58.742422704061006,559958.2743152045
2004-02-24,66.12463819897509,67.50451138891026,64.10415144339558,65.72168639385512,57.8486390525904,641047.2282436709
2004-02-25,68.21794873783448,68.88225285727705,65.37862037989271,68.23248825442383,60.23942346784922,554067.3069033531
2004-02-26,66.55554038736726,67.79189417798236,65.364927058487,66.51828658660682,58.59272366053073,551781.430209569
2004-02-27,67.40710110012388,68.6605861592728,66.4948751520732,67.60160524568016,59.70322549615614,670948.2496069182
2004-03-01,67.84943529046191,68.29807649740903,65.70101107966501,68.30508666560301,60.147252298698305,798494.5003900155
2004-03-02,66.99276881085453,68.11790283570072,65.89458134364895,67.00049894356262,59.119613032704635,792947.272265625
2004-03-03,68.77947389494392,68.97268811953643,66.30978208407382,69.06910850540534,61.07810433326159,515795.0272943038
2004-03-04,70.03763868729611,71.58192319366665,68.9718028819893,70.45358538194273,62.52792794504672,582985.2740101921
2004-03-05,71.52098105670332,71.54121037460637,69.23375501550275,71.47173182776964,63.46236379965478,733381.2525291829
2004-03-08,67.78223615565555,69.12287847359839,65.69807152500762,67.41535107437191,59.51504785380665,612561.7400156617
2004-03-09,68.6434532125806,70.20085293936798,66.67896058223702,67.87751391138436,59.76367348339883,654657.9639074147
2004-03-10,67.87302724150717,67.93940275229977,64.39107107114013,66.44779347710443,58.608063526922436,764435.8185373484
2004-03-11,69.0842168829551,71.01291568591552,66.96899109616764,68.51236611239251,60.84918207312049,748670.2444007859
2004-03-12,67.0108957740537,68.87760319744757,66.15938444691747,68.07266394336759,60.33526764091683,568129.8775590551
2004-03-15,71.00073809250999,70.86636697387237,68.04111643845096,70.41713322632809,62.65467455590388,590420.1552672955
2004-03-16,71.84792740034551,72.81647165136475,69.07052043309281,70.38301605095677,62.71284786854806,646984.687915526
2004-03-17,76.0256880150731,76.80293958312329,71.6355821810553,75.97980984146606,67.6462629541096,560166.4333988213
2004-03-18,66.46956113937784,67.72890102855648,63.36828995163138,65.76385564543234,57.70268738215722,591436.823275862
2004-03-19,67.52903083273442,69.37161234983873,66.39775131513453,68.19712214982233,60.07772314075052,593425.008617313
2004-03-22,67.56241796954164,66.91686895981354,63.94195282868331,66.35118068741167,58.33325004460601,631359.7555816686
2004-03-23,66.02275783420909,67.12411991628825,64.22678134914945,65.1289884629621,57.03637085579334,638467.7455899647
2004-03-24,65.74263661080673,65.85100203163154,63.08155008388739,65.87011344995403,57.88483934121916,649006.8629063846
2004-03-25,64.44020164732412,66.08122886158745,63.16259368672757,64.85696865876268,56.89031471325992,660026.9043512348
2004-03-26,69.270785637585,70.87542922690041,67.69729135979266,69.59672822005369,61.6135341581985,568504.0109674892
2004-03-29,72.76744942595228,73.20566779421405,69.92370018719647,73.18069591772978,65.02629336123098,576103.300351975
2004-03-30,79.91093836865275,81.74712949587713,78.07873117636012,79.69301027804032,71.61603007171695,565037.0726278797
2004-03-31,142.49016041598884,146.02791853536326,136.50097590122357,141.74309402333205,133.19536555853176,1334589.9598393575
2004-04-01,71.44027562767629,72.63495711592802,68.19064555312204,70.2767423921372,62.121343142329295,639084.7842599844
2004-04-02,75.32743712290764,76.27565381425318,71.69837171421587,76.37125744862195,67.91860854754972,688605.6856696603
2004-04-05,75.03336713432132,76.617624490849,72.68580848080401,74.80394575418087,66.6333430206454,600345.796491228
2004-04-06,67.10206061531572,68.53025984511474,65.6116711406056,67.2817932478167,59.15475885167896,598540.729613734
2004-04-07,67.04208066039267,70.01154362318763,65.81849962195399,68.16467443301207,60.04039877657944,593078.5639625585
2004-04-08,68.16889471252024,69.45262464425339,66.60674391784566,67.77488284153173,59.66368411676098,493379.14241001563
2004-04-12,67.85235335163047,68.94098601968071,65.72937767301599,66.73324519231369,58.51321119752632,497555.5486795428
2004-04-13,68.41436437300703,68.30502354578523,65.24907588994274,67.57422428451146,59.36768904262848,604126.1630179828
2004-04-14,73.0274100709708,72.94585478015443,70.3529837035173,73.06839055283693,64.9469301514621,647804.8035783742
2004-04-15,72.1391757002476,73.28254735664066,70.67353605852962,71.71809130865434,63.8001569167652,773241.3695400078
2004-04-16,71.51665133385401,73.32439939697719,70.40156296385227,71.76697767414298,63.64413085527798,629852.5245136187
2004-04-19,72.51117146690422,72.3844271082303,69.45654779900495,72.62951626502188,64.56540156135007,602278.6927851047
2004-04-20,72.09004550556887,73.2893358108927,70.36521980842733,71.41967614298552,63.51825170781437,666683.8823987539
2004-04-21,73.30267614842141,72.97682811308667,69.70250379347304,72.8988882436012,64.7664067705489,740781.2367807154
2004-04-22,73.64374147902649,75.53301506951144,72.14325770047368,73.74400788312178,65.6109451806606,758096.8614904409
2004-04-23,70.4965081815814,71.27236942223851,68.50564227918946,69.39430451583588,61.4271312366506,642926.0112665113
2004-04-26,79.13169774441977,81.61572613884952,76.25661211833793,79.47119291286155,71.38948493660028,547796.3676012461
2004-04-27,74.90286635075816,77.37198268937523,73.2331275314948,76.03881394275024,68.0689404943339,638266.220226474
2004-04-28,76.34251156960345,75.90807397140625,72.15938103630806,74.85700677274242,66.90971798822648,660703.0379202502
2004-04-29,78.04023628097514,79.30591871141137,73.84537197331477,76.29450242792072,68.3776807950124,778580.2720530835
2004-04-30,75.6850338834013,77.15231971261422,72.4401770755083,74.9191699625856,67.1030724466279,702040.6809172173
2004-05-03,67.38626293601388,68.7691239818168,65.84963801328172,67.2381599977629,59.418753135402774,682993.1474834179
2004-05-04,71.2932154148104,72.41007579962752,69.36149764578586,70.47420526424976,62.683714575526395,663355.621875
2004-05-05,70.52744780111824,71.82593208609451,69.22781102575452,70.56984844987002,62.75020397292257,540724.0348472984
2004-05-06,73.95407882143343,75.4738017949272,71.33775977153456,73.58084690965427,65.83698986401123,597277.2770849571
2004-05-07,74.7322629654501,74.59165128815756,70.69139286588482,73.85634464982827,66.02472135160909,644154.6743369735
2004-05-10,75.34137730377407,76.97047702645213,73.16719235476485,74.58619500466594,67.15200186076326,753621.715234375
2004-05-11,65.54202766818399,67.33262402769581,64.17904584668929,66.14921945444665,58.48865396507311,645934.8962300816
2004-05-12,64.40128912899121,64.47842043367099,60.88692928355562,64.2479390807156,56.628875879125204,702693.9684418146
2004-05-13,64.90210855272176,66.55691772042772,63.5546226590034,65.02739828375019,57.54380564581646,573200.5530421217
2004-05-14,67.70852511194677,67.44005656570987,64.58428290564564,67.12610122712968,59.548853098203274,547829.1451990632
2004-05-17,66.46578816372616,65.89495343342568,62.84573869127889,65.61899558611942,58.08900277317586,568228.6905410666
2004-05-18,65.16905707650882,66.28981669769591,63.15549406269946,64.60841336481224,57.125141053685475,544376.149980522
2004-05-19,66.33867704097372,67.56685824475471,63.132902133418824,66.60021788739854,58.99710006642579,688003.7399068323
2004-05-20,64.14117649530994,66.59727685082235,62.72097903845002,64.21137748454072,56.71663898490856,501875.4894613583
2004-05-21,65.0662607179183,66.74233535927826,63.454810260226665,65.15685055097539,57.66067629714985,488307.8547442405
2004-05-24,67.35814297573582,67.06844669976118,64.16119209074292,66.98068725434634,59.34286021023459,521944.75077639753
2004-05-25,64.0708843681841,66.04854619450093,62.494412408959676,64.70848873309696,57.07762987039724,614538.9085247178
2004-05-26,127.19586157609545,129.08333943027353,124.49833211870421,126.85493580594895,118.94753736123768,725957.1428571428
2004-05-27,68.42690030478833,70.90640914622338,67.51957922028188,69.88041429541398,62.21365888338173,536219.84428795
2004-05-28,67.43136518760207,68.53805186680835,66.19164712538984,67.44934282836569,59.60655560128784,448147.76411054883
2004-06-01,71.39034427573519,73.08546949558621,68.53402464330765,71.4341771148064,63.739565121737044,507529.4599533437
2004-06-02,77.61529280245729,84.10156480858848,74.72096603947907,84.45410213714148,76.65349757969537,510451.39154055103
2004-06-03,81.65734653047814,83.88180972683683,80.49378390113513,81.96590045292595,74.30814517349539,517303.5624031008
2004-06-04,83.46628071287431,82.81552824052751,80.83823232604007,82.83620385370496,75.03924176502596,499064.82954107213
2004-06-07,81.91743149146392,83.41596291629463,80.0077597832958,81.50803762454161,73.53678859786493,491136.97560030984
2004-06-08,80.93506066766575,81.9218836932528,78.506782446166,80.33570679217588,72.53231512460681,527093.3898763524
2004-06-09,81.55899797668977,81.52550055095861,78.28859225048447,81.26035904036972,73.42491110969303,518862.7905352987
2004-06-10,83.07480908527961,84.12034837646237,81.36097835082877,82.32167990271752,74.57337021490207,459987.852815534
2004-06-14,80.63150062085546,81.44791396623974,77.42018397681898,79.99507319570128,72.24912729679612,478969.2007751938
2004-06-15,78.5770508941265,80.53330808866006,77.05011649819708,79.10865208645842,71.23943736232316,582753.487654321
2004-06-16,78.66074011267044,79.95037232208003,77.5492925826679,78.76038118128393,71.04422943022952,539177.2673837879
2004-06-17,78.98880337478596,80.40274076021934,77.96762760946086,79.49814122811907,71.75552191227524,532165.4439306358
2004-06-18,80.82801440272371,81.2042090443972,78.65817474674611,81.394188156861,73.57148563947027,582615.3068006182
2004-06-21,79.40422962401321,80.57648148132526,78.49903514208086,79.5108892140603,71.78183922707677,502841.7969953775
2004-06-22,79.66618175793671,80.81163162073668,78.67521182030934,79.97086806780221,72.06354282712863,535557.3343641283
2004-06-23,80.92444462712461,80.74530240328603,77.72457621884088,80.63747533298928,72.76599314763556,578560.0223851794
2004-06-24,79.53461879635198,80.93629198640268,78.46294127474584,79.69579075950286,71.90362829809298,548767.9090909091
2004-06-25,79.22146694049354,80.48543575840333,77.10269864195946,78.43770574410671,70.64993125495675,755205.4516377649
2004-06-28,78.4571063004694,79.79387528946089,76.55979277480782,78.04336092556005,70.28182382136109,647637.6787225857
2004-06-29,80.70623721734486,82.5458395073656,78.58193245506685,80.90556709915333,73.15358461288488,628998.2485615651
2004-06-30,72.18272394865208,72.90321356339159,70.01944156132238,73.17222855294202,65.10921927004931,662225.5850574713
2004-07-01,68.67458043973102,69.66190199647315,66.78373385601206,67.9573370062836,60.169931872146975,611278.1154440155
2004-07-02,64.05508982630751,64.89594749021484,63.04421099977952,63.938160788498,56.138602126271806,508742.9512663085
2004-07-06,64.29782552894872,65.5917844707728,62.68246516353769,64.19306729407721,56.425181096506265,564018.2498069498
2004-07-07,66.47575583227875,67.7894207789278,65.15111782258653,66.68293232501364,58.73818518722934,575326.8661265433
2004-07-08,66.98998716582884,67.91539363317959,65.81970486390075,66.53683992485043,58.838614640444874,569949.8023166023
2004-07-09,65.81100078465178,67.00594576461013,64.74224830537723,65.87182545552096,58.15389651891961,474283.64412673877
2004-07-12,67.53659817181313,67.26650785965201,64.80870870474797,67.10278087085615,59.304279725058365,516273.5392307692
2004-07-13,69.13173507294675,70.49949956709172,67.72576719421616,69.290622846103,61.59792248146348,478567.9830181397
2004-07-14,66.95256519003884,66.90725293479413,64.63786976770716,66.71711605411399,58.95498368010786,702017.1400153022
2004-07-15,65.65007024530438,66.60449814165099,64.48368383083701,65.27207554177102,57.61029884220772,696514.8566513761
2004-07-16,65.51816408941718,66.2535285558194,63.95119608775453,64.81032614314181,57.15052465951953,594976.481765835
2004-07-19,64.53416079825055,65.68634467948574,62.18747508198528,63.54305399693277,55.88968619780417,589070.9800613497
2004-07-20,63.88095662063126,65.07456545122561,62.540690251356665,63.87319718550811,56.164412795370126,588773.9934539853
2004-07-21,64.03735644448062,65.3697090374953,62.110879016530035,63.03486814815327,55.2579643703258,660062.5495391705
2004-07-22,61.796598004961524,62.57647786660912,59.58067860216602,61.20591266556389,53.46607848986363,752234.859770115
2004-07-23,62.304365306621904,63.421534546028305,60.80219559124375,61.94663974673048,54.41839552085874,554099.3038461539
2004-07-26,60.983468484069896,60.72127141414612,57.727280087801184,60.07141271929818,52.46744277648696,584947.0007671653
2004-07-27,59.101715724486525,61.45605841965091,58.23794517722673,59.66775506540879,52.11066421550138,646807.6166219839
2004-07-28,62.32507428650641,64.06223285150939,60.543515018700404,62.690427347299,55.11181981448619,630433.1355086373
2004-07-29,61.019092917294195,62.37135482884949,60.05744243186873,61.686962962981355,54.05182339842859,584219.415674222
2004-07-30,61.27524419005741,61.70456720160172,59.079079530962744,62.12480236694379,54.374012023087154,536656.7285604901
2004-08-02,192.29397416324008,194.15544384260437,188.69315116936073,193.7880996438851,185.8588427756359,517623.96596558316
2004-08-03,190.76004189347276,193.95184879589775,188.10073371775078,190.44543760792754,182.80607362284437,519615.4311008468
2004-08-04,191.4809315356866,191.41915971372347,185.8759763477675,190.87077775130447,183.13812813636855,556346.2054426983
2004-08-05,189.2880203374935,190.90394015804912,183.13282419551174,184.71882409114343,177.00495379226405,543851.4798619102
2004-08-06,184.6062619531303,184.88164446360372,176.55038239246028,180.87506622112332,173.1480153786271,631395.9506125575
2004-08-09,183.36812621760984,184.72263972995933,179.79540552516488,183.30334262545523,175.75430338940936,452796.3239005736
2004-08-10,178.55883641420692,185.8404033756797,177.14933378330016,184.60659153032992,177.07190637433484,527258.1550802139
2004-08-11,185.48333477126164,190.33695401340543,181.23529704281614,188.75027761492586,181.17796070964775,619757.3391768293
2004-08-12,59.10308510975009,60.24548163849354,57.34273499410098,58.65333195464658,51.20761296874321,540315.04679041
2004-08-13,180.67798479406403,182.6418840416425,176.51846938340802,178.67323283355648,171.09548946678132,493637.44012204424
2004-08-16,179.55745906304261,185.7268588535852,177.19240077134057,185.73203434088947,178.1638204218209,489682.8885921404
2004-08-17,185.80618828465666,189.38651373283741,182.0513318386697,184.43394299400896,176.95800379478578,523691.45819014893
2004-08-18,183.97607477355885,187.79866098717795,180.71145666074057,188.40907974732,180.76105062031493,524498.8927890118
2004-08-19,188.18949890575527,190.0362170814429,184.42110464545243,187.58581165716544,180.0334057332628,505879.7398932113
2004-08-20,72.28415827641645,73.77899263872125,71.72606209214463,73.23595333045506,64.67682625121067,498254.8448795181
2004-08-23,187.27659167765577,187.41052981166754,179.8584113317572,182.4419263268553,174.77231655625255,431823.8220952381
2004-08-24,182.55487951441404,184.74834632184752,179.22667135250765,183.3844897967623,175.6221133153861,473402.94824961945
2004-08-25,184.78446155737893,184.9410230027387,178.44584432549496,183.19107806731492,175.47557363652444,508226.82686453575
2004-08-26,182.97092590556957,185.6007684630474,181.17482780333194,183.95299234032095,176.3271092524861,523204.9020793951
2004-08-27,185.01522406872323,185.91720547307,181.6946268119907,184.63933517010528,176.72318484738244,379491.3523158694
2004-08-30,185.9477682784214,186.33064891315752,180.6409274406966,183.0325742851981,175.09092816750228,359246.4048613749
2004-08-31,181.16672538911186,182.76966439498935,179.45191977760675,181.47791363661236,173.80508396428317,491830.79718951765
2004-09-01,181.1452064168597,185.9415758480103,179.58193488774455,183.2768032775545,175.57459940825942,522597.9711355868
2004-09-02,182.38590126734113,186.22454951968496,180.920451749864,185.6469935164848,177.89701214439592,477767.14133333333
2004-09-03,185.04431457979848,187.19290259980377,181.54762936225984,185.4677678445088,177.7168819389876,433910.7779886148
2004-09-07,190.9804081394409,193.23877885490577,186.2082732863844,190.0686797290777,182.25518144670227,518142.5569523809
2004-09-08,190.93446042653488,194.4894072505625,187.92997754660172,192.62329556679225,184.84272621397653,534869.4742857143
2004-09-09,192.86063256184153,197.14648734275656,191.79064572871496,195.84571509034035,188.03604427633934,570412.2048836323
2004-09-10,196.88342377136428,199.51082827043928,194.27716067954316,199.08722921831617,191.1561408571283,491936.8606338297
2004-09-13,198.81376397280695,200.66799569547123,193.70368365563874,196.76253241216892,188.81978666492265,534830.0247713415
2004-09-14,195.22467744552878,198.0274992587936,192.13708908754543,195.54828840376885,187.70052227925288,526685.8407012195
2004-09-15,194.82949786022675,197.43904665966284,193.13189731046282,194.32082040694306,186.49686104271976,573321.0087352829
2004-09-16,193.76339701573346,198.27910526875237,192.08020356701266,196.54626314577655,188.4984310355668,505109.4104505869
2004-09-17,198.20224049255125,199.0230549276589,193.24778511105512,197.2585538864058,189.286111421278,600524.24971537
2004-09-20,197.63518471220587,198.43003404817188,193.64271479328534,196.95753238279542,189.0169636917035,509848.9897338403
2004-09-21,197.1073213173438,201.2054850573246,195.09707829926114,199.88613570551354,192.01245321769514,538884.3535007611
2004-09-22,199.02670734059677,200.48706183135675,194.60541252492553,196.2196172843869,188.26120236963675,575098.8114785253
2004-09-23,196.2175575550582,199.56178584513052,193.18153025518578,196.1862984323795,188.40258449744243,538195.6161731207
2004-09-24,195.9052636831365,199.38947346294103,194.62164023242676,198.372430510797,190.54584089484524,483718.23981728207
2004-09-27,197.47332369744464,201.09532502411759,194.50345297071942,198.8307154928205,190.9017078943362,511317.8596890406
2004-09-28,199.3292309201177,204.05841023887572,196.99892058465778,202.11091155475702,194.28965784485695,575116.5381693885
2004-09-29,202.3489681234833,206.80940698842025,200.3844344422775,205.22610913994083,197.36683945991575,544974.7806648834
2004-09-30,205.0053438409574,206.8296647342876,201.2550657323378,204.8062741306858,196.94130097769957,651835.2232346241
2004-10-01,205.13032889284148,208.38636237547448,203.73573953845803,206.52612105269242,198.40509357097037,630773.4481973435
2004-10-04,207.52240743543103,209.75866265968975,205.34425354238542,206.9359553353082,198.9510565684308,633999.7813688213
2004-10-05,206.15480701818746,209.71207169722445,204.54005295819186,208.20673409533563,200.25448439531485,564344.6717267552
2004-10-06,209.36087276851904,212.64837346996535,207.1153192173359,213.08281303254572,204.98360582129027,586691.2969283276
2004-10-07,211.0534187632277,212.30642325943353,207.80766739463735,209.9707790323458,202.03125045132873,575533.0026545316
2004-10-08,208.50677029127542,211.91874207216426,205.01941255428227,211.5963035742793,203.5742454174651,533532.314709236
2004-10-11,209.96866855881794,210.61844464362315,206.12079891672494,210.36604029740238,202.19781812618004,400106.89276241
2004-10-12,206.89755173733775,211.60533905550142,202.4974857944965,209.9479426877348,201.87193714498187,542133.0269347496
2004-10-13,208.73542742361062,211.00226122227252,200.80975115110996,203.15206558220257,195.1808101356392,788546.6966503576
2004-10-14,204.06095439111718,208.31066506243582,201.83631038306513,204.28312371519866,196.52572409265628,781988.0007501876
2004-10-15,203.43990181345305,210.02461631248735,202.09159759407743,208.15283304770654,200.35752045458355,726427.061370482
2004-10-18,207.64721562539674,212.03886524632964,204.62754703699318,210.91788818751368,203.0246370986538,668265.5741716868
2004-10-19,211.3864551605695,212.64211813790334,206.98011093683166,208.4961024254156,200.72944033785464,673629.4361016307
2004-10-20,207.89061175517944,210.61603995199886,203.7282878117379,207.20368717341168,199.44102359068123,700247.3338380015
2004-10-21,208.1252515968817,210.2115700892633,205.12405194032024,208.1016456406445,200.27073145236866,727874.5395683453
2004-10-22,207.46832678926455,209.134375364264,198.52076430345537,201.27884505343133,193.42514741364323,593664.4524801212
2004-10-25,199.74844992211308,204.5518896844324,197.27884210914206,201.99089417503245,194.06664073247245,580696.1263237519
2004-10-26,206.76884031585686,211.8832029601143,203.49837029488884,209.8665057692571,201.85653667261042,656937.5583333333
2004-10-27,209.08861953762144,212.00507058130904,204.65720729345756,210.30492907484523,202.33582262595237,874626.3173293323
2004-10-28,208.72539386474875,211.50016121431608,206.906270242772,209.70136624056514,201.6715074898272,713091.5846501129
2004-10-29,208.94816192926137,211.8757690226931,206.53444342073993,210.58157379785868,202.5938549587192,670446.7674943566
2004-11-01,68.91048661276729,70.04629365289978,67.54442792794906,68.93860723361263,61.0311015857351,609942.8598351001
2004-11-02,210.5109087975865,214.4843796328105,206.80880214163062,211.11563318639995,203.055951783759,730386.2419112114
2004-11-03,212.1102495959912,215.60859704482985,209.0847331508987,211.76977705860446,203.62147525215963,809006.0379842046
2004-11-04,213.08143838445181,217.7418162769679,210.57036978589295,216.51993008923222,208.49424351965752,749435.5633006783
2004-11-05,216.7095564938466,220.06881310352824,214.7464713838671,218.1410961863261,209.9461078665189,772489.0720450281
2004-11-08,215.64065237069232,219.1789354972666,213.8942067422313,216.772021141731,208.77620309705696,634299.9199849737
2004-11-09,217.4843143248791,220.09922753209108,214.59021359028648,217.35564873842472,209.17362206518558,649440.6935786706
2004-11-10,68.57072699356051,70.22738182815438,64.1555494243012,69.43583876381804,61.266607039584976,653584.3291380625
2004-11-11,218.70395385364048,223.05349996708105,216.7755662450366,221.8549411101611,213.73273592728836,580778.6919306184
2004-11-12,221.157298085585,223.14567027083254,217.6479961168221,222.1376721145452,213.88360090341973,637517.1275875047
2004-11-15,218.57702414280226,220.00279379111015,214.59496585528004,217.33785883806573,209.15629622061715,597102.9890483384
2004-11-16,216.45620076670284,219.2116312532006,212.54859999572545,214.82890280278954,206.5123445372842,559608.3478096677
2004-11-17,216.44707458210667,222.20579724090192,214.2238636362124,220.60451522067584,212.33538947090696,643997.9592145015
2004-11-18,219.1872105831958,224.6927295028735,217.35243747755675,221.4220224668697,213.25811400812555,602987.5578590275
2004-11-19,221.57071827413856,223.34507805712897,216.30728929452823,220.80660097950238,212.61947520357256,644437.0849304773
2004-11-22,219.64690046655124,221.8534925764928,213.64437457804846,218.94810215012623,210.7432205863522,743488.4711144242
2004-11-23,221.73662333618992,223.71530910431525,218.57148733977996,221.97013303380925,213.8253813733615,686184.3329592218
2004-11-24,222.84063786975705,224.63296067476736,218.9936593161866,222.9351506594927,214.65525785566254,564044.5990302126
2004-11-26,223.59429120761413,224.5933034167434,220.06979087984934,224.5168158275955,216.19867740512106,235061.6010479042
2004-11-29,223.4317679312525,224.42718630233014,216.72601031380285,221.7135647141553,213.4222560431759,699765.3364451083
2004-11-30,221.70181923345856,224.05815725903076,219.69766675540234,222.6783011370756,214.4900607580619,738215.6762509336
2004-12-01,78.55539400825248,80.05832457338175,77.52821404236167,78.7895817691411,70.11379418893114,812150.7192466157
2004-12-02,225.20216479718692,227.99181390077663,221.55831776831153,224.15542499141833,215.7304062421237,815812.7417664671
2004-12-03,228.14370745014398,229.97743803186057,223.9544644417551,226.9745558340052,218.71536277593967,760931.0982076176
2004-12-06,224.5639312348988,226.11535263350154,219.5588054485723,223.00445536858075,214.50113646656112,648392.8623134329
2004-12-07,222.70629990257302,225.9143306989049,218.18279057391615,219.88386202761134,211.71758845502436,735418.5721765145
2004-12-08,220.5519040153224,224.84911655827867,216.30575848597812,222.79154750233207,214.52049765621575,682478.3168724279
2004-12-09,222.3343448882393,224.82802411190735,219.35919305292603,223.6331488810518,215.44473765077382,682757.2429696288
2004-12-10,232.45051364762475,235.64393081048053,227.97276472943855,230.78217971924974,222.43730273334464,633061.0250373692
2004-12-13,226.68178515864304,231.57025616808056,223.52995888907054,228.97548106343265,220.57946420877047,575909.4366091522
2004-12-14,228.60013815935332,230.5680753612688,225.49544863854794,228.59306429349783,220.3440637043529,619776.4913728432
2004-12-15,231.09503319058626,232.53205291880818,227.52497181654263,231.55154104329443,223.19934833295596,624938.1578552681
2004-12-16,225.97423164247684,230.77924381936882,223.41738114584177,225.9361424610997,217.69913685915196,719093.4477611941
2004-12-17,225.87239063355477,229.78224671339987,224.39711711597204,228.3563909403874,219.94671659017476,826481.60612855
2004-12-20,229.29684231342392,233.82174965541824,227.46121361878866,230.49862798695722,222.28416783930362,641374.8481577968
2004-12-21,232.1369615339309,237.08300258813784,230.13801670356204,234.18750203872605,225.71884737902712,663650.6368381805
2004-12-22,235.8160816639904,236.83548508757679,232.28839695104364,235.4282063897003,227.04314661815712,578757.6853512706
2004-12-23,235.1821392384409,236.88021297656846,232.56235914974565,233.88176895391018,225.55008345105,377661.2263868066
2004-12-27,232.66256835878002,234.937606462417,229.2128549487933,231.75332151944176,223.4020516600583,408159.1787313433
2004-12-28,234.09338782082668,238.48665477826603,232.87525828149916,236.74737555925344,228.33223992248261,435068.07680835197
2004-12-29,236.8560562069184,238.53209886231002,233.50672311850616,235.39660784472673,227.05898810990726,403244.7104968248
2004-12-30,236.48395019509312,239.41166101971484,234.0674491487087,236.02848008103703,227.51007926915327,357112.1923076923
2004-12-31,237.13084512788427,239.95242213778266,233.77200130983522,237.86704985441747,229.37240425123485,328656.9435665914
2005-01-03,236.18745014548603,238.67138502671423,232.30338702421244,234.95450864872208,226.62115845129227,694400.9238237491
2005-01-04,234.6117282146236,236.53110973181543,227.83143905745777,230.64587864616973,222.29238804669671,811924.9880908076
2005-01-05,232.66344710313365,233.2084549726514,224.9811288673496,228.4496404930788,220.2586169887329,724034.3810235338
2005-01-06,225.92632193761943,230.1026918345763,224.49735141124776,226.98219615579694,218.85489027493273,720433.1488095238
2005-01-07,225.17668160820529,228.05392883358383,218.66672228720446,221.4768132127835,213.21743000367957,759936.8127549129
2005-01-10,221.70361314782215,229.34232459040348,218.9220582690258,227.49377053186592,219.10809604404994,728810.2023721274
2005-01-11,226.67740763725232,230.30652715822748,220.8192296666297,223.06762847946396,214.96773135995463,807066.7535211268
2005-01-12,222.76837945973242,223.13159332587452,213.67324115374078,221.46768177132114,213.28561521929242,839880.1194362018
2005-01-13,216.66102910479836,219.0335488266364,213.24702762694716,216.15201387254353,208.062112231624,846178.5752967359
2005-01-14,219.8019775907276,222.2471271507005,217.10964918909312,219.8088782329082,211.66174083495716,714167.0690423163
2005-01-18,221.55316440937654,223.82611546493024,218.73707968167062,221.54514072260022,213.33179247090726,735979.0531994047
2005-01-19,221.72122819648996,227.70276185172008,220.0276825127433,224.54565064883764,216.36357253661564,655414.9139664804
2005-01-20,225.63691835221843,227.31422116555112,220.2471649299366,222.53019758199514,214.39576316238202,799950.1268129416
2005-01-21,224.16167784053613,225.46266381959177,216.81625867169782,220.224637593965,212.00572781965528,738986.5247487904
2005-01-24,222.04747014315765,225.56733548367376,219.6560423192842,220.83787706116166,212.47161347500656,679483.0487895717
2005-01-25,219.56131690635695,226.07829152314855,218.33081436170545,224.18495513428024,216.07100295961956,671331.4201117319
2005-01-26,227.60335723377506,228.43620801591243,221.71741932103126,224.94035715530745,216.51442967413698,666142.9607769891
2005-01-27,225.52300925016934,230.3406677523157,222.23155555820426,227.59433407899775,219.44979855150902,635170.1965620329
2005-01-28,234.28591260413685,234.23155192573057,225.26624696887336,233.36733418055775,224.97283491777574,667531.9179410668
2005-01-31,235.399581732867,239.83286485339332,231.39129654258377,236.71081932090578,228.25464230643453,761929.3187546331
2005-02-01,236.5964592927229,240.12743814065342,232.35862577392518,235.57739660720028,227.31560150983586,682004.6909294513
2005-02-02,236.77193237104356,239.11932207911326,230.89863321301337,234.44283003064982,226.05656268813092,733609.985141159
2005-02-03,233.51708293950998,234.59502057662291,229.82313661043543,232.4385748721752,224.14803939523821,643609.3789120716
2005-02-04,231.50264579543955,235.87182524774107,230.1430727249697,234.4878832136664,226.17085405744763,681714.6471465871
2005-02-07,236.37209380721072,239.66124222780343,233.75479555826934,238.52069029415279,230.076896705032,575838.1401938852
2005-02-08,237.25319988587063,240.30802055944613,234.34885743573827,237.0367794133613,228.69010594928832,656209.3535090977
2005-02-09,231.37042427001737,233.24479860354245,228.30830275141693,229.87001702947964,221.57783013952047,694617.8178107607
2005-02-10,61.621405269792604,62.61154333082573,60.48042063383884,61.55803618100989,53.201534496944944,673281.6278719397
2005-02-11,226.3144094377294,229.69008871133593,223.1478569422732,227.09642373555783,218.7282668065364,712064.9487560341
2005-02-14,232.57660866934344,235.2013860729622,228.87940201989358,232.77909603732027,224.3313783522793,609274.6338757396
2005-02-15,231.59313532907896,232.72538258647066,224.84158293941118,228.3911030914255,220.01876917280026,769404.7688330872
2005-02-16,226.59569622529102,231.03456112890996,222.06232527626904,229.03443744046254,220.61299663006156,708282.5038845727
2005-02-17,231.5074200599902,235.7907960599275,228.82665208352583,230.2540568908262,221.98248637017528,725834.2303722816
2005-02-18,229.80584882628716,231.94377169017565,227.99397648005197,230.47710903023727,222.22018764226166,679698.0997414112
2005-02-22,231.515502742404,233.13404988102837,223.30259091561965,225.26878225968613,216.9271288447276,796759.3679733728
2005-02-23,225.46121093533515,236.57447705114797,222.74550690778833,231.8189959927272,223.63691694120737,701131.2869276218
2005-02-24,229.7808405560291,241.97113250808115,227.88384781974761,240.38883978361036,232.015659983701,735610.8897899005
2005-02-25,239.79367845811157,244.8568570272052,237.95531899347282,241.91941608385147,233.6070432374202,666263.9088888889
2005-02-28,238.16207603765426,243.0998788792336,230.83562961273475,234.37744651812446,225.83657273654904,676673.2025974026
2005-03-01,230.83138709733933,233.85331465292612,227.15095928358227,231.67819499152205,223.35026645187435,655477.6074349442
2005-03-02,231.02155680903823,238.28895696511606,229.06104353262253,232.84055603701935,224.51722014981848,634227.463197026
2005-03-03,232.7019456853983,236.38325326451152,229.48919401612204,231.8488148375343,223.37201307922572,784492.602138643
2005-03-04,233.64037085848452,244.1607584690873,230.80254630759438,242.4010146185576,233.78899466171137,690352.8652639351
2005-03-07,243.61017553466482,246.99133301784352,241.103239174306,244.9061865651788,236.34770467671737,602325.944465013
2005-03-08,246.34127762200526,247.08915595503333,240.9808315352562,243.6325586970493,235.1941496992198,701214.1936554777
2005-03-09,243.04624891414156,248.10896027166166,241.00126473753517,242.18156233903548,233.82664969420725,739402.7042097489
2005-03-10,241.3801343694083,243.43784693769084,233.70158883711463,240.06958174411582,231.82080922129265,659659.1410588671
2005-03-11,240.45273079596222,243.1452342269625,237.9436317307419,240.18158215526807,231.88366458036364,569068.7978526471
2005-03-14,241.59098422637763,242.0799506399223,237.92408946921392,241.67584187212415,233.3687290195114,591796.0580406655
2005-03-15,241.49035696103556,243.94640319962681,238.5082340885846,240.35278971413248,232.15439943346254,598920.0077748982
2005-03-16,240.87113295575398,242.07857195297697,232.38048138464362,233.9659592861982,225.59499768946955,690303.5411590993
2005-03-17,230.6650568275248,237.1868370806528,228.30338881116495,231.37525457091087,223.23321264279767,612716.5210487444
2005-03-18,233.69192237109112,234.6451394664504,226.3328052084127,230.5613496580503,222.20009570584608,830167.5277366864
2005-03-21,232.051190722902,235.89843221605017,230.00546354519238,232.8797011638349,224.68709508307975,526448.9403924473
2005-03-22,232.75919940777214,238.16929254359312,230.96749095345925,231.94934683526816,223.8851341588998,647011.0786058584
2005-03-23,234.16244616602222,236.0923119912161,223.6437631908986,230.02299838022952,221.99421649614553,679273.3480029586
2005-03-24,232.30152274367867,236.57173333226902,230.11437556393875,234.10248113501285,225.96768775121578,522266.15672471287
2005-03-28,237.10465924926143,241.6423358312966,234.83113848832977,236.49077360680442,228.2195029033144,532596.6385859345
2005-03-29,236.68383675554762,237.83927787951225,227.07802434197657,228.4374731477591,220.31605683974607,657271.377037037
2005-03-30,227.67145437790515,231.88869848179786,225.48527709632296,228.61044883586072,220.5700091359323,637304.3977062523
2005-03-31,228.21746682927437,230.22041762031245,224.334749933554,226.06925208519004,217.91377343266402,650672.4275147929
2005-04-01,226.70714582501742,231.62746054048552,225.05026364701757,227.90638981393073,219.8717433391366,685074.8810930576
2005-04-04,229.94278747161962,231.6225649543552,223.61262046172664,228.92748156947215,220.73608399036036,610438.1919527501
2005-04-05,226.82494083771167,230.9685647055795,224.65549729280096,228.51060789520955,220.53156422732215,554625.8036968576
2005-04-06,230.37233193396995,231.6707984003592,226.9605116876973,230.69012441450354,222.60064841217212,553801.0564992614
2005-04-07,229.58494020822474,231.11771936203024,223.39083629226565,226.08622473661345,218.05691692065827,560383.8617375231
2005-04-08,219.09074926530417,220.28314281215663,209.87043397676646,212.66474894640288,204.46725388663063,536677.5816100443
2005-04-11,213.63577415005972,214.90614930167237,204.6466821259748,209.92683514731158,201.76697118538436,534181.5956665443
2005-04-12,207.62045695451425,215.22454732780326,205.6180182329175,213.02229526876002,205.05632635652697,723728.5810959912
2005-04-13,213.55453534874428,215.41029654608695,204.5540883579289,206.84444788429334,198.86179980247883,733052.3149981665
2005-04-14,204.0428390615273,204.96000737947818,193.31895506506564,196.70679603043624,188.92791807086897,971406.9528508772
2005-04-15,199.50176010359525,204.01117292825475,194.36512993365997,196.71676277178003,188.9811393554152,987700.9354602126
2005-04-18,198.1015071739775,202.5902911811783,194.87980119579106,199.10779873674875,191.33839637659378,808012.7616428309
2005-04-19,195.79368762906938,202.71210407061986,195.2022308768236,200.79654786978986,193.0125724385089,728205.3528329654
2005-04-20,203.01087661419825,202.9230469719918,195.1689504688906,197.13188689490457,189.34082991842354,744853.5611643331
2005-04-21,198.80644071558663,204.87162335265523,198.01206724595457,202.88923890672734,195.0603922393039,757834.1837638377
2005-04-22,202.3087016219023,205.02022021824203,193.5482680775837,196.87067168375538,188.9611782535356,678383.4806344522
2005-04-25,200.52302348859487,202.2586293864332,196.8072824543897,199.20703457980235,191.14783341573747,620022.0154525386
2005-04-26,199.63779470638406,203.01467711372837,194.16356486082626,195.46653423831415,187.7088720588162,651668.6016917984
2005-04-27,193.90743021617453,197.8938834820761,190.49040343013283,195.54738125487663,187.7477355534887,689589.5044215181
2005-04-28,195.83908502935702,197.53644423112,192.39664982982887,195.3001739386263,187.63665217682444,683338.5509225093
2005-04-29,195.27762576702364,197.24315683255622,191.35075633923836,195.5564854626356,187.7385020334888,739702.4214601769
2005-05-02,197.40269587610445,200.28702393154782,193.71612191637416,198.68460357495425,190.76527362485098,586643.9623477298
2005-05-03,199.15644566905496,201.29019751145213,196.4402281270655,197.87707726224906,189.96998798369745,663307.2761166482
2005-05-04,199.87349598644838,202.2712380748066,196.43381903028006,201.61736758839524,193.7491590743757,667435.0144124168
2005-05-05,202.3724870644661,209.47835415522306,201.2224905025372,207.0384433494887,199.22892437485152,607454.790114349
2005-05-06,208.0622398637097,209.13431867028945,204.80444188862205,206.94701494553368,198.90908524456952,525525.5498154982
2005-05-09,206.18523015982265,210.9166408920074,205.06298220328588,209.94109123410385,201.94326750763503,533649.7786372007
2005-05-10,209.11187219189648,210.6105628681633,203.38066840550223,206.46017785836284,198.66807819639467,604948.3876651982
2005-05-11,207.064056281522,210.05723972971808,201.49921292256226,206.34962489844762,198.5054460930682,708063.1896425966
2005-05-12,204.95072279919398,207.41762616711634,194.15961200325773,196.6861599915213,188.99102389567008,715262.3548387097
2005-05-13,196.20311373295672,198.9225685244221,188.45008582522024,191.53918351605253,183.8871014708607,699721.7354672553
2005-05-16,56.49350972089525,57.29819447493711,55.463927815174856,56.692700756378734,48.94323174094616,550916.5558878505
2005-05-17,195.0135600021839,198.67609036240052,192.15066850110168,197.25051034973674,189.36723310456017,595895.8223611622
2005-05-18,199.48784831957892,206.17247116188094,198.64483366475872,204.9029192282972,197.069729368042,714310.2758112095
2005-05-19,204.36233113797604,206.32282579207052,200.37225778412727,203.82992533284818,195.95803993536336,611906.276431718
2005-05-20,203.34192746955665,207.43167787222302,200.92107538329034,205.72096459217443,197.72189924945775,501186.71197053406
2005-05-23,204.5519280415579,208.83606695475345,202.29480387116925,204.18884623005,196.27119188760508,624366.2247807018
2005-05-24,205.7100290539149,211.89608741922927,202.178776375654,210.35176418051526,202.48386537796338,568118.8113761467
2005-05-25,210.8343677300194,211.88520770846714,203.63579281445823,206.2984239477732,198.3140121203921,538177.2582781457
2005-05-26,205.9792469781481,208.8611134109046,203.7058886480422,206.87869577913628,198.8495742297882,540402.9529411765
2005-05-27,207.646842135963,209.5665629052963,205.1470499309327,206.770514666855,198.79792373717444,406065.57452276064
2005-05-31,206.35275014834977,208.02980155427005,202.16101263927916,204.96745455119373,196.88636659407555,601566.308910162
2005-06-01,205.99135614982632,210.49663185178386,204.71270334311268,209.22545919733355,201.1801890430734,583009.7850844967
2005-06-02,209.10362754809478,212.9434945534113,208.10265166895798,210.0869084272703,202.07841514517276,515969.1720191953
2005-06-03,208.23633215084683,211.64843476606302,206.3922467455912,207.86786174807736,199.85169487985678,619831.1993379919
2005-06-06,212.57752304196592,214.94437370178733,209.96216001678067,212.22542457667427,204.25537102824856,557299.2860787172
2005-06-07,206.5149351881668,209.30986269685064,203.9492285517557,204.97544757796237,197.01419076711812,655594.938276114
2005-06-08,207.86791756379637,208.21978436192114,201.16813609794823,203.55003257008983,195.50099764168672,520116.68345588236
2005-06-09,199.804980885065,203.3949645079146,197.50743071477288,199.77294610702984,191.64970836456442,561591.3661402864
2005-06-10,200.62035305749433,203.4546333983762,198.73295825593763,201.69691768319626,193.67111977391238,510309.24084919476
2005-06-13,205.80737758294978,207.71426809829583,202.69649894900004,205.27946265171153,196.9908206268434,495610.62715596333
2005-06-14,203.11588701736787,204.96413606098977,199.13772504863815,201.62741853577526,193.56789040959828,484404.1439617084
2005-06-15,206.27309865396052,209.63257015693594,202.487588426107,207.54444927480628,199.2413694474106,591066.3031856463
2005-06-16,202.1092935771882,205.5433649634922,200.27696634528687,203.17028232872053,195.05586895160377,574853.9747067449
2005-06-17,203.91573431176784,208.331525935465,202.28459590499443,204.81304221099387,196.67889592463288,738431.5877160721
2005-06-20,205.8121048485947,206.81388996191322,199.85947673068296,201.49412770288097,193.12044856936376,484621.7763496144
2005-06-21,200.0634054765992,202.7381743393589,196.9404771213987,199.60675476323885,191.3222111849553,519358.27419354836
2005-06-22,203.67688813669741,206.00803367041124,201.01621160942102,202.78918174877816,194.5861647950543,554762.97945708
2005-06-23,201.54461367028904,202.52584295155742,196.74544037455115,198.43731406869802,190.34956410368022,652775.6760614935
2005-06-24,193.9898521391509,197.49612762860116,189.2848747966689,191.39382998843806,183.28669690537615,713985.9911861917
2005-06-27,194.90894933327908,197.90417803048496,192.4255147404551,194.05971563978204,186.01968953031465,549856.0354791514
2005-06-28,191.4793648186082,195.8360377368807,190.10188701107293,194.4868159018682,186.39729014597765,536706.1183150184
2005-06-29,195.4586229372253,201.92547796196203,193.47637068842994,199.62826032466154,191.46869622929034,534244.8105839416
2005-06-30,201.72112840781793,204.19608369532108,198.55247576540742,200.21695129819688,191.99574002278916,582384.3529842548
2005-07-01,200.53650031301316,202.57043127400792,197.36684505211335,200.1292189186411,192.01654753577495,413958.46896805
2005-07-05,201.5524058127071,205.46328434329308,199.13326933419356,202.91096195379984,194.58397994129092,532239.3842778794
2005-07-06,206.2754120939081,209.6356974798977,204.23094620861505,206.0493604230029,197.80544565002688,545334.4803813715
2005-07-07,197.70858144176097,203.0481342877488,196.20638625110215,200.7235302858197,192.5679446433808,542860.6911494675
2005-07-08,207.44346680229032,212.38280093055565,204.50437680189592,211.05433509896793,202.7698923661482,526010.0558002937
2005-07-11,210.03028548358853,216.729062107132,208.87486225477906,213.92441842175097,205.55297419135113,544946.8204096562
2005-07-12,212.89631596253648,215.5572703915528,209.6806388991489,212.36578940900685,204.0318991308283,528624.6905023836
2005-07-13,213.79938993833113,215.28643273112775,210.32220806119162,213.9166696648016,205.39771534809654,596424.8219476744
2005-07-14,209.88939182450468,215.49826895193817,208.4153637237235,212.955046155866,204.73314931003483,783335.457308249
2005-07-15,208.21814261586212,209.5260671179231,204.5009162289333,208.3756650330012,200.06468885366425,570269.6528535078
2005-07-18,218.34106234968755,220.558686250795,215.53202594750394,217.0889687378575,208.84490932564736,498697.69286754006
2005-07-19,212.03354232425966,215.44049293595526,209.7096049764705,211.7387719690306,203.44829310195107,618926.8556888404
2005-07-20,208.64645053897485,218.17260150127873,207.7482532998934,216.5057751258005,208.07654641181867,631800.9711889132
2005-07-21,225.6449726045779,228.96241763927333,221.8555305744831,226.1246181193987,217.83615314668253,705860.0632497274
2005-07-22,227.07738762337576,232.14808132650623,222.15195436336637,226.50905696563953,217.90626148284954,519756.710208562
2005-07-25,224.37619211842514,225.25656409146924,218.59065519847704,221.30698634923246,212.8818436693598,498056.8061561011
2005-07-26,221.11009534850075,222.45164575445295,217.17150991875232,219.11769315950608,210.5924567163452,513539.04299889744
2005-07-27,218.75939288923632,222.0150527903389,212.9642634777432,216.46157903401553,208.07972872988708,572224.7471601319
2005-07-28,219.4128506055149,222.10376399771906,215.7357189922468,218.29588253664943,209.8561146335881,551896.0470415289
2005-07-29,214.33233698325006,216.87985722787573,208.46077330721351,211.8567776678765,203.48774924584328,587200.51201748
2005-08-01,212.31056902725786,214.53902845902726,209.38905795335788,211.79590237625885,203.40530325186492,526718.5693430657
2005-08-02,211.5323081934091,217.6994415998737,209.74179825635346,215.827901169295,207.20797501061736,586175.9275256223
2005-08-03,219.6784107226969,222.82622681385033,217.01213751565936,219.9845406172005,211.32007069487528,547103.2704287284
2005-08-04,217.48431496225768,219.05070549122638,211.19173889815661,214.21866223098888,205.8391664885298,532302.4616513761
2005-08-05,210.4897775947575,213.10093314875056,206.7657150412728,208.6495973471136,200.40206733245964,598199.632342277
2005-08-08,211.12496363320446,213.8109279547979,205.64219375871033,206.98393040561393,198.6174372257367,555131.3050724638
2005-08-09,207.0673357011759,210.46151750133103,204.37070423613343,207.0190336560313,198.72069733512325,582279.2686459088
2005-08-10,209.35301853285787,212.8676552025672,206.79881742727395,208.20913764810018,199.89193803426448,670976.5224150397
2005-08-11,212.41822975528396,216.93466283344412,210.972705865695,214.361751694135,205.93870577586645,564659.9279246649
2005-08-12,211.97560578997263,213.4472574703328,207.29789670375425,210.67144047304618,202.3770441417053,571399.6593287622
2005-08-15,212.89885749154263,216.20588870172566,209.03897408580994,212.28962948911362,203.81958243916432,564621.3542342342
2005-08-16,65.8979539681425,67.34415003225948,64.51779282087011,65.57868270437692,57.28094604647483,537709.1613259668
2005-08-17,207.3343099229976,212.06894721377603,204.22853847355185,208.6669335823409,200.45670400543662,586565.4207670044
2005-08-18,206.03209677101003,207.50542889558102,203.05962671010374,205.02014253354514,196.8500180704991,510550.7044711014
2005-08-19,204.39229549677324,206.34459925029864,201.6620218946184,204.1858652082791,195.99017342632908,432489.9238060518
2005-08-22,205.68193878071972,206.92320926517726,200.9011054602405,202.22034691117304,193.9915752874149,462885.76261343015
2005-08-23,202.7658092107883,203.09367912593032,192.92815860651072,198.05113486738685,189.66901017318966,472988.1842009465
2005-08-24,201.12173766614802,206.1042730641909,199.19654693385465,201.26464405119677,192.92836295391325,566970.9188405797
2005-08-25,203.15786174240662,207.23008926289384,201.30125752293495,204.348701859896,196.00707873683172,415132.5683558148
2005-08-26,201.55560747645958,203.24164046886906,197.2460776073311,199.05844018516933,190.8217457174264,411659.1780372127
2005-08-29,194.78502826191814,196.6894779580976,191.20082075660505,194.6698898715767,186.496729006092,432655.93377001456
2005-08-30,194.66137356430553,196.23175784612738,191.90933839653763,194.6826276609963,186.50358052910633,541510.3723712836
2005-08-31,193.02868137903212,196.65097051630568,190.3986236022748,195.58097393848817,187.1968609309316,609680.8255009108
2005-09-01,195.44167789501458,199.0488449758185,192.63048017160753,196.99817179855063,188.7201072394744,602867.7456331878
2005-09-02,197.0229188534141,198.94406597279692,193.00060943969353,194.50039056959497,186.15355620079612,416927.2276867031
2005-09-06,195.0134192439476,197.09500579386307,192.26883984470834,194.30884994922073,186.04399139375363,623571.2113030958
2005-09-07,195.52035110030772,196.54044608970918,193.0928113046947,195.00967432441786,186.67975422517677,658183.7486515642
2005-09-08,192.9796741629994,194.92270239205743,190.3723942175349,191.8890580420194,183.59348175331905,584310.7980526505
2005-09-09,185.86695174762394,187.07890695953535,179.5756662020433,183.88134061074766,175.40825313115863,589159.5299638989
2005-09-12,185.6754089870127,188.85737872888188,183.04118665158978,184.87315574633692,176.43388331521692,606736.8597187162
2005-09-13,185.49423187178988,186.5826212964737,179.47290705582026,180.75862857802412,172.52719830048443,619899.4267148015
2005-09-14,182.50148861663766,185.67067368271898,180.16391555163753,181.9659473207506,173.72276458799405,594783.7927180966
2005-09-15,180.36739347106905,183.37560481136924,177.3714044388794,179.37841062286438,171.06146593389397,554448.0097861544
2005-09-16,180.3497294622871,181.56173254556447,176.85440698304794,179.3464241127598,171.06719637674982,860683.1056822295
2005-09-19,178.27782281136763,179.46294326067454,174.6181085821397,176.1187291490007,167.79397534644673,620387.3740100792
2005-09-20,179.90248208572265,182.3114459772449,176.65174468529978,179.08707687657264,170.69151008129043,689124.9393501806
2005-09-21,179.62532483330767,180.7083421465325,174.7696071871222,176.0410498457475,167.85453985142453,691611.9509447674
2005-09-22,176.16162545896395,179.2818458059652,174.19243067503044,177.40391888794088,169.22992562629028,662069.8015959376
2005-09-23,174.20295020476124,177.1949088658273,171.72887750968164,174.93796010973495,166.80004093138007,586448.6734031036
2005-09-26,180.35192232821964,182.1137563637049,176.85837100480666,178.4646429784324,170.13349649638715,607592.194293969
2005-09-27,178.1094586730443,180.28873485249923,173.01683126073942,174.8410655601604,166.65629484164347,568451.9204627621
2005-09-28,179.00695478560394,180.92230222469897,175.44599105739692,177.78642647219536,169.63049873331263,693230.5887414844
2005-09-29,175.65148662801502,183.54234459794188,172.5457168699335,181.6137285674561,173.25675414319366,658119.9481454807
2005-09-30,177.6172395408521,179.43590592549737,174.32508496303322,177.46224650797237,169.22870126500507,590477.089989158
2005-10-03,179.28501084243635,183.58745916552465,176.60267223541666,180.0673559754736,171.70089061245983,589452.6898550724
2005-10-04,181.42889033978298,183.44090231464438,178.25511540345965,179.67533609931587,171.47127038923125,637886.8575560376
2005-10-05,178.39335933034522,180.63003483767014,175.0074038117629,176.99044274991468,168.99194681268875,686020.0162925416
2005-10-06,177.03834020482705,181.09227046046325,173.3058043648694,177.03477420712946,169.13465590881526,808132.131768953
2005-10-07,176.3821775126524,178.17741471838812,173.26255846935246,175.61731538655735,167.62312398622095,577152.1894622879
2005-10-10,178.8083340628649,180.21025954914043,175.93528519211782,177.24854500198194,169.29208397376004,503687.8787549765
2005-10-11,174.59868267336083,177.12967362903143,172.19114494430787,174.31944726710668,166.2878936051016,756273.5604159196
2005-10-12,175.67076488841954,176.76889423337087,168.75476456671282,171.47605440151358,163.64915741388134,951317.4917974322
2005-10-13,171.7943130208579,172.95431263383855,167.53921952259944,170.70511958342206,162.93124518889854,887963.6567962897
2005-10-14,169.82612335690925,172.78461502610153,167.4460642619425,171.5284714710724,163.59855562252426,715021.752418488
2005-10-17,175.4203109702075,176.43089575087458,170.81511296356857,172.3637439040905,164.39729873155474,563417.6641495865
2005-10-18,173.1380404092439,176.25198318262542,169.923443439553,172.32555759219034,164.55558956454428,614372.6726683471
2005-10-19,170.64969626400756,173.9615331637485,167.6839841842132,172.2946749717174,164.4907941863277,815707.639108555
2005-10-20,170.23260671189556,172.89099150867497,166.4135564046548,168.61312345256462,160.8392988859045,864832.5476702509
2005-10-21,170.01070127812207,174.50265175906725,168.28428716850402,171.82625027461705,163.90664500423196,760818.752247393
2005-10-24,174.9226248596889,181.57037194741037,174.1515021475707,180.06191511237995,172.1806708198912,641471.447368421
2005-10-25,181.33717048786178,185.10954842888222,178.515410651131,182.28281685005237,174.35030409150966,645140.3463063063
2005-10-26,181.52480182028484,184.12638103519222,178.81765638449366,180.6283584403886,172.6773819245776,710206.7749011148
2005-10-27,181.09150495362195,182.15788966668515,174.82572316512739,176.38337399900254,168.51298392541716,622629.6878612717
2005-10-28,176.19823226334196,182.50991631611586,170.88269170598622,181.32200019171864,173.45690876016204,739910.081420373
2005-10-31,181.6073383219911,186.29318781316584,180.30399229037988,182.63006685315924,174.7130533455142,776688.3835370237
2005-11-01,183.9856919161064,186.68922196966054,180.96452555510396,185.12084272958958,177.1735039341755,717260.6401583303
2005-11-02,187.98921514164985,195.1073592645877,186.3157498915036,193.02338510183233,185.07448548772697,763516.3271095153
2005-11-03,198.1742013145834,201.8432471690987,193.6599026872776,196.71284264659826,188.76572825010834,782889.6701438848
2005-11-04,193.5985991379489,195.41298705830226,188.69167490296894,191.73684266772602,183.82464730461461,638828.8718592965
2005-11-07,195.41862087055628,198.5526962564056,193.93549697451047,197.02745064164392,188.98911338475148,602754.8126346016
2005-11-08,197.08975670219888,199.67311764321016,193.90272339687635,196.53958579862638,188.6258917324265,562370.1960431655
2005-11-09,197.43446349539263,199.25111596459877,194.63839927996946,197.15855052273548,189.1819190492196,620812.7842293907
2005-11-10,221.06136543739322,223.12285029039052,216.57704213573862,220.46931027311697,210.20173800464053,672681.1021428572
2005-11-11,221.44329633619773,225.83043237482477,219.27561094874576,224.12648495500136,213.90560414303764,492483.72655407834
2005-11-14,227.23647040120355,229.27972840890084,222.9802976773785,225.78398106868488,215.5814659331847,520698.3338114019
2005-11-15,89.98034572019588,91.25123703757708,87.37338046292895,88.8377143113728,78.6679585917707,638072.5612059571
2005-11-16,222.15704662389948,223.7635620535906,217.04233507021328,220.19782041319968,210.0843879150829,631471.4483618233
2005-11-17,217.5974493568403,220.9805133236196,214.26972229464735,218.6936386642442,208.68665056434233,685370.5192719486
2005-11-18,219.8757336014865,223.87953410656746,216.99183118007878,221.55148085021347,211.41486892796814,694686.586452763
2005-11-21,225.06372955342258,227.32677854267598,221.96363310469332,224.97620452583362,214.91666263525707,583678.7300963942
2005-11-22,219.40962953864465,223.9683032064126,217.071540832202,222.11066991453075,211.99940437093588,669506.7072039943
2005-11-23,225.46220445199688,228.0003860517077,221.53418844092067,225.0318461016311,214.78734919314084,568919.9206405694
2005-11-25,221.15836710791052,222.76441442331748,219.2958581236068,221.1151591087025,210.99083621030678,240927.31267705382
2005-11-28,223.64235526621974,225.06744805376226,216.04905654780208,219.10538220029355,209.033175034093,677113.5750708216
2005-11-29,219.72482507728066,223.97401854792042,217.53084336248298,220.83589054214642,210.68727291384843,666774.9340425532
2005-11-30,222.2201149904424,225.1883906925534,218.07745860241735,220.14786746418596,209.86956638857467,695271.221708185
2005-12-01,94.92147087174048,96.89433807923136,92.67586209680228,95.0009616675482,83.72216259221959,760116.7239776952
2005-12-02,216.39566570136188,218.62720173556752,212.014252989862,215.55320348694397,205.28142048819024,654392.2334396032
2005-12-05,218.10703624174246,219.34216943287737,209.3927234481937,213.12550031978282,202.75525084602023,643561.0773872915
2005-12-06,210.88964492741707,214.11880343827113,207.7394546484766,211.08379451683226,200.68053762737915,700522.5134465676
2005-12-07,212.83550713386816,214.69564724131627,207.6592323309935,210.84152810394895,200.57174071360149,658937.4028318584
2005-12-08,208.45453871101202,210.34984475425713,203.41948397829796,206.8926243823852,196.62993211987202,676339.5748672567
2005-12-09,207.5136428211384,210.95418202657333,205.0998001940009,208.95572774818945,198.55658796412052,559092.639815472
2005-12-12,209.33922285570577,211.73155659633505,204.57742794743305,208.58201326952363,198.29997194877825,550686.6762615493
2005-12-13,210.78848527932595,213.47750737785262,207.75201333429445,210.72104290925085,200.3366587474585,660493.5278863233
2005-12-14,209.5715205091208,213.45123155504805,207.5955374181043,211.01995319017666,200.73947417009242,772174.6676066268
2005-12-15,213.77080612431382,217.02745290834616,208.90768441976894,213.88166270649205,203.62652070899514,629553.9196460177
2005-12-16,213.4385834754794,215.7283487635855,209.52596307680835,212.2683804771302,202.0368317062411,815673.9737215909
2005-12-19,215.0346414695823,217.32775710817992,209.87024342282754,212.54579450343996,202.29893664303296,629201.3177470776
2005-12-20,213.7572387390508,215.02370119165732,209.50655084215754,213.06549909556423,202.69988859228704,579574.7110401136
2005-12-21,212.48518121215332,216.43331715722354,209.74953666892736,214.26758742019786,204.02168046211918,560667.3902698864
2005-12-22,201.61586627948603,204.73700116001552,199.55619908780065,203.19882745539286,192.91220039354727,511327.98544550943
2005-12-23,202.90732881011354,204.55289428328808,200.2371790388435,202.8862509425521,192.6230541138843,335897.7217267214
2005-12-27,200.1011599585559,202.22241187870898,194.86747782771963,196.2941598218086,186.102584443722,479099.9961061947
2005-12-28,202.34502604301014,203.3120573207448,198.18662657149324,201.5482236765716,191.03569968203072,413430.6356864136
2005-12-29,199.5979162960766,204.1188786755924,198.00636343004658,201.5802409747764,191.15535241070225,425124.3635077794
2005-12-30,212.89189624660992,214.81150619854552,209.0271854099133,211.27956606368204,200.80416105874338,441378.94175785384
2006-01-03,214.66604550585757,221.0827245442993,210.91224276333548,218.32368216364654,207.69335323814238,811881.5650176678
2006-01-04,221.84141958598764,230.17587844528933,219.32014112986036,227.4560991677254,216.82871229326207,797690.9787985865
2006-01-05,232.50747021008317,235.98420067218518,229.5616346789972,233.74142885966967,223.1537218095591,783098.412821416
2006-01-06,232.58118943772337,236.24186889963337,228.86453847340158,233.76269978052858,223.01236147123123,781078.7277856135
2006-01-09,234.5840387602035,238.43123985337434,230.868350514035,235.44720027623305,224.8030052513199,795884.9165492958
2006-01-10,245.9193586390845,248.8791818390718,241.2203034283554,245.4062455873688,234.72615229922903,848316.3799157303
2006-01-11,252.30712669690783,254.6564153344608,246.5203248671257,250.23330857830643,239.59453754448975,857175.5733380233
2006-01-12,234.0283344343808,237.79641833691153,229.84300225319302,233.52251478923742,223.17654371854996,809245.3289936665
2006-01-13,235.2274798836349,239.0357653448568,230.70033891887576,235.8311459846506,225.56293195431567,657295.872887324
2006-01-17,236.4360170585185,239.48980600290548,229.83048173833038,233.12911566988424,222.9185451681513,737483.3461132606
2006-01-18,233.84705632721057,238.15997096500564,230.11098558510903,234.46254791858883,224.2660512042019,781069.3264230499
2006-01-19,247.47336997728107,253.70342328968593,244.27806837450913,250.00129890237787,239.79981351232195,906479.8074359874
2006-01-20,248.92188337827358,251.4731910409088,240.59033990192358,243.1439017605714,232.9466122450577,904548.2789714688
2006-01-23,246.86970446772878,250.5744283724403,240.8031954911369,246.38534051377422,236.26227149371724,727565.3212526389
2006-01-24,246.36814158073125,255.41888151684444,243.73118918698248,251.09345859208926,240.82517248626752,870673.4225500526
2006-01-25,253.98698166181666,258.51110156572963,247.33772151020685,250.94935251314047,240.73969776120077,876348.5694688709
2006-01-26,252.69132696906973,260.3621254679078,250.29554281269697,256.6661677608241,246.37093470457484,1024590.8178308178
2006-01-27,258.37099929713236,261.7956444802372,250.24430393603538,257.1581599145354,246.77365394625622,898724.559536354
2006-01-30,256.24900142209674,264.01575656635987,250.61353124530285,256.07651620040286,245.51226087818338,844116.5
2006-01-31,257.046385852511,258.5094492645699,251.28728946253295,255.53750468302283,244.90289172339516,912561.7874209416
2006-02-01,257.66080775508595,260.5588974131858,252.44663976436874,255.37263252468648,244.7888392886148,861930.9641602249
2006-02-02,253.56938317931517,257.3131825548231,246.43187596577377,250.08912688867954,239.6061858866903,924805.1083070452
2006-02-03,251.81700805880178,254.87364719911946,248.13367485479017,250.637197112355,240.05830598998944,817129.3776297335
2006-02-06,250.68763629680956,255.2731596793391,246.6284456708326,250.8577177675752,240.36569572028662,781922.07267645
2006-02-07,249.62146417755167,250.94577413666548,242.12199767299012,243.12822898198203,232.63841471526388,880086.7852395943
2006-02-08,247.6047954104496,249.9602899546234,238.8777181584332,244.49975608576636,234.06299215819735,816074.1689449702
2006-02-09,245.1548305470002,249.7554283022404,241.41521005211808,244.82967343356182,234.43289191945073,890385.4192872117
2006-02-10,246.18249845065137,249.6153896293338,240.0188984850855,245.94179392864606,235.37046489885608,836914.7126878714
2006-02-13,111.21762360152793,113.18306543787652,108.9112868259104,110.57620081900811,100.41042919706412,665340.5356256646
2006-02-14,240.43969527271372,247.00827501770357,236.9190862818703,243.09848012840155,233.1085584091462,859607.843924581
2006-02-15,239.98425563609752,245.25442851371432,235.691193890022,241.34818475655916,231.3856905881195,822155.7446734195
2006-02-16,244.19073552191557,248.34419512596202,237.8751917442352,242.8997173379343,232.7385482783662,783460.216509269
2006-02-17,242.18623069296817,245.08811846116038,236.2974040279632,241.49106692405363,231.4090563340947,740122.3987408185
2006-02-21,245.84658780040266,249.32938319642088,241.00427224868403,244.34482243515407,234.29875387921842,771267.9361702128
2006-02-22,245.44827529927994,251.62438394055243,242.99655273087353,248.33058244616072,238.20626076785123,819964.7279693487
2006-02-23,247.0976903228331,251.53132998042832,243.08980587698838,248.01705205665937,237.90189894408576,791968.2632681564
2006-02-24,251.25226597118262,253.18403687179713,245.37888533420013,249.98502256711888,239.71601785197566,679944.8812019567
2006-02-27,247.110578562586,249.56572495099607,242.89868114859811,245.89412648698988,235.72012489621085,711097.1217725052
2006-02-28,248.81711869238774,249.98827053076235,242.47385998484967,245.66985322917867,235.53726575664814,848265.3344935607
2006-03-01,245.80804280542776,250.36753629207658,243.21378023622188,248.07221224441676,237.78388222999124,775586.5225288159
2006-03-02,249.34037309345595,252.8283818859467,244.16924903291135,248.61224455905187,238.39752640941123,779517.1414106145
2006-03-03,245.94542924406568,250.1014437685804,243.65540412877942,246.86509916388206,236.69123709983032,719205.2217178771
2006-03-06,249.1157132037917,251.6663783729095,241.5005029794515,245.08086443796472,234.93273325849134,755053.0567944251
2006-03-07,233.62852482751381,235.1329551899388,227.36736500439065,230.61172240564716,220.63505273289812,783965.1310272537
2006-03-08,230.09646731979325,231.81687193121695,224.02952615315016,228.6223465135002,218.5577279916411,841028.7402097902
2006-03-09,239.5443261827724,244.58051887800465,235.2003961350422,237.44673233410484,227.56021809019376,759539.5519525802
2006-03-10,237.85520341196928,241.90187655239959,233.2901365637339,236.91735181392764,226.875914818896,701410.1604334149
2006-03-13,238.5365332997063,241.79549567132366,234.6087994435513,237.85553170427934,227.84020917424618,711199.6451725339
2006-03-14,239.2464459638152,244.03869143779443,235.0659145884788,242.16915346232045,231.98186497628805,756173.4338568936
2006-03-15,239.59328755836307,243.6939626698579,233.78871395088086,239.89634202863562,229.76544927588267,791205.430914166
2006-03-16,240.62509836348627,243.24655700231656,233.76080811952758,237.21293414104372,226.95292235772837,807151.8173244848
2006-03-17,241.6149580779397,245.40007939681348,235.4058983911807,242.27571677674106,232.01486632165918,873069.6428072626
2006-03-20,245.31384503470267,250.60211601186032,238.44242601104514,243.69152347056442,233.2757225559807,693285.9581881533
2006-03-21,241.93767916186522,246.40506415725505,239.12219960828065,241.43489935036908,231.10254366274987,807046.0017415534
2006-03-22,241.0114404460894,244.17658751476193,236.34030376196276,241.03308201009372,230.6627078725853,744280.2981539533
2006-03-23,116.33955548687265,118.62484953676007,113.11782963226409,114.98116936251573,104.59026152451854,740914.4249215599
2006-03-24,219.6705700882186,221.49058733239625,213.07211701485363,217.79081808842975,207.6017231570157,675531.3396029258
2006-03-27,220.43757303408853,224.25645562969902,215.68280355667775,218.1489635210684,207.78320492685552,714728.479847116
2006-03-28,224.2179891821078,227.8231260677919,218.77826049038768,222.42449725561883,212.05032311597844,788805.5384615385
2006-03-29,222.4368324964745,227.0578775598551,219.4853386677318,224.51187544964517,213.966803470428,853131.2732962448
2006-03-30,221.12736055111674,223.50274916100636,217.2694107973692,219.5167020990801,209.09979704185696,836004.3740431454
2006-03-31,221.9542446458772,227.17802915903692,216.1969869198162,224.3284303022508,213.8756828091266,824642.2480862909
2006-04-03,223.28113071171296,225.380337276417,217.30513766164538,219.28940102247697,208.78506958350818,877266.8565474123
2006-04-04,217.62208084083218,221.87280863531356,212.99250938700172,219.82219794108136,209.2914805132886,823990.7387826086
2006-04-05,225.2662460300745,227.40214453245017,220.40168017948895,223.37524260571854,212.74862061017038,872161.6629680998
2006-04-06,224.40223595686385,226.31657576687175,217.72607814852955,220.66411648506374,210.0467702764992,855694.1872399445
2006-04-07,222.27995125572193,226.0898856344899,218.22510121989274,221.57234246422271,211.05419424529458,801883.4947880473
2006-04-10,221.72077408680536,223.99095135266995,216.4251281977036,219.37656927753446,208.95841384858616,734623.1170138889
2006-04-11,218.47837785109567,221.9800445584706,210.73780015443575,212.47195954993626,202.17428592400123,799733.6864996521
2006-04-12,214.09971330161665,217.6512064077176,210.19292999291466,214.711748811087,204.33642855713316,673612.9430950729
2006-04-13,216.77496592358003,219.05342251809006,212.90993851237258,215.59963442846842,205.10965012185412,574682.5566759388
2006-04-17,217.73766722003302,222.2243303279428,212.75844330856617,217.65263041103302,207.01766675474008,607947.5330985915
2006-04-18,212.26996044304045,219.59485781477883,209.58822518215104,214.97927409173107,204.394536357958,883187.0741643454
2006-04-19,220.84445162975285,223.77901188684945,217.00126137501283,220.47580804132267,209.7169466831316,847876.1459854015
2006-04-20,220.8175560728013,225.4226098772604,217.4555239600841,221.50241000267883,210.86670779829146,896469.5635416667
2006-04-21,222.95328905316927,228.43459897268207,219.71535789929655,225.18697456646873,214.54618945773657,860668.1488695652
2006-04-24,223.7133685043256,225.87313062813809,219.5921833445057,222.1290073466819,211.27288479530017,747714.3553317124
2006-04-25,228.08799825193802,234.33662593171255,224.9054939462163,228.68627164124135,218.03233228432612,835233.8409328228
2006-04-26,228.28304180033604,234.98851112021788,225.0558545429477,230.1137954185358,219.70386614276015,886060.6651599443
2006-04-27,235.12480252493197,238.76950891346485,231.2214933960382,234.35498294977262,223.82018635761125,977651.4061848506
2006-04-28,234.7737084821992,237.06700525578603,229.29115137724696,233.41439418404545,222.96803289629494,857489.3079861111
2006-05-01,234.01895568138045,237.3838783651771,229.89212076296096,232.9634567524212,222.25448311580496,760004.3914427157
2006-05-02,230.30744436499614,233.2557526705327,224.66137765719063,228.909471196492,218.3675754317241,836987.5566365531
2006-05-03,232.92407887854003,236.35407770467947,228.8320751577782,231.6264304979347,221.0395138461891,810836.8943514645
2006-05-04,225.8030186296208,233.23131905636595,223.55995190580012,229.21925047471498,218.7237353512128,867131.0128472223
2006-05-05,236.74370451297153,243.33812637126883,234.0223069557918,239.81253553183956,228.9375760956755,802815.6342480028
2006-05-08,237.70314223156427,241.54870889966358,234.95841208824552,237.82253541594764,227.08980381608723,744370.5251299826
2006-05-09,241.21852934973532,245.79046909387344,237.3012920760804,242.08758183950306,231.35434307641486,738213.988533704
2006-05-10,240.50878987085474,243.47772515997482,236.2923511775763,239.17879770310535,228.35064001191085,770175.4572916667
2006-05-11,227.3964682378098,229.63491980223026,218.82072685411305,221.89506653400895,211.27736287247458,905600.8405545927
2006-05-12,222.12976663605124,224.04720608528405,216.39456327202697,219.6281975159408,208.99133120377303,879454.0427528676
2006-05-15,216.1678726785066,225.79590513589415,213.98615965635727,222.00865673005825,211.65577963211734,905684.456755818
2006-05-16,106.91507612600215,109.16950305211424,104.08084101145562,106.10192260171195,95.65752744955587,813390.3105633802
2006-05-17,232.34068078895234,234.56361674281945,224.83878981339694,227.90435715496739,217.56790863905368,960146.5936849411
2006-05-18,225.91763218523465,227.7789498030443,220.37396017987672,222.22460084756327,212.0863170850028,866209.724808895
2006-05-19,223.65354886378117,226.72168698051405,218.4425427009952,222.7531018785131,212.58219853373612,1010050.4233043478
2006-05-22,214.87454792729162,218.6659391840801,208.40498445475612,214.52656245941165,204.52323651719573,1035722.8165742025
2006-05-23,220.56837723903763,225.51895086696425,214.8072265820819,217.87467923796515,207.6351570290691,888176.0989927058
2006-05-24,206.2765372182372,209.57031354185943,199.95550403468593,204.41006772274446,194.16662415463446,1073371.3949287948
2006-05-25,205.10087942560384,208.91448057725566,201.28955145908992,205.8658992588334,195.56824357655057,814367.4265879903
2006-05-26,214.17568481599824,216.27313333734006,208.84499822555165,211.99700805554932,201.7693038554691,642699.0204647937
2006-05-30,200.93308940119863,202.45761295327898,193.71434471804022,195.41546256181658,185.2958905089494,740886.4887504326
2006-05-31,193.48478631901182,197.5341825033274,191.50143221809296,195.70699571863713,185.54994545591754,969030.9152835408
2006-06-01,197.28651133428448,200.8546654952514,194.1433494312151,199.57519757052916,189.1690207065506,839006.3512296502
2006-06-02,202.77182033488674,207.66566736069112,197.52125400299116,203.55551683861177,193.11065650581043,764163.6441441441
2006-06-05,202.35479623349187,204.26227814809786,193.75661476798854,195.62442867767984,185.51268166348896,742251.5925925926
2006-06-06,199.05668172103964,201.78892341796987,194.40650016736802,198.96669945247936,188.87691700802648,877709.6596187175
2006-06-07,212.6151607851635,215.16352831160899,203.23072177390318,207.62445430905788,197.57347953671322,846644.1084922011
2006-06-08,209.56262480770138,213.94163667109655,203.0360247741762,210.40921454185744,200.55431335325707,1150118.7871750433
2006-06-09,207.07640930442741,212.4436226397647,204.29335777931996,207.30550299776226,197.26670902231945,745677.0505715276
2006-06-12,210.8855477455661,213.80821757412463,203.76775123096144,205.3094898428834,195.41412263546155,732051.071131159
2006-06-13,203.37696875293463,206.25165031680714,198.13975875711822,200.78585336552004,191.0709382911439,1120024.0952216065
2006-06-14,198.2400709217313,200.65928677646673,192.73356708651778,197.4761886833057,187.868718273718,925482.7858872362
2006-06-15,202.1556050356255,210.5690498087741,200.6157063425636,207.91715502600377,198.03547243527362,982951.8337408314
2006-06-16,208.0254149482469,212.18036892219914,203.39669174201538,206.5343059354262,196.54431755233043,965364.466457023
2006-06-19,197.50594977068008,199.7318010805244,193.1473573304942,195.3395059379042,185.5235416634836,722764.9740304709
2006-06-20,192.84808768436673,195.5651637569276,190.0244009740367,192.16340645222206,182.26720338433975,717998.2809688582
2006-06-21,205.22121123511792,213.21494466759324,203.76597715296592,210.37230896869048,200.51884478224585,778346.737625476
2006-06-22,209.11653600245828,211.81605722809974,206.20976205716153,208.89612258895383,199.05779065169082,725152.1839834311
2006-06-23,211.5585474317135,216.989926793623,208.34218901452425,213.2309144250732,203.41267356146813,669054.6717293753
2006-06-26,212.58247410782045,215.24625982757664,209.82979553853002,212.590082952703,202.7924190736712,593705.7570836213
2006-06-27,212.17662202210582,215.84527746893727,206.16603857156196,208.37520783367367,198.6017275975328,713969.732433368
2006-06-28,209.22251288594407,211.28186117295542,205.65550773653348,209.79266105908377,199.86054322390854,716013.5919917156
2006-06-29,210.50159386059676,215.4261832296083,208.02037015642296,214.12445095171861,204.1107676119886,920473.1293995859
2006-06-30,216.0841226737828,218.3314526259433,210.70583878763782,214.09063272593568,203.93960713908564,1067095.8109882516
2006-07-03,214.11317560274375,215.97782810305745,211.31945072501162,214.22545686640126,204.03178197710662,378707.8479087452
2006-07-05,214.2105596881758,215.7925141093713,208.23209868744658,213.02003641212937,202.9345453104714,757349.1937931034
2006-07-06,212.43551152628726,216.7915025961343,210.32544981751892,213.0880975226857,202.93801609234077,675875.845410628
2006-07-07,214.98845647318964,215.98599257792438,209.18243989687693,212.38799975371228,202.11600341113106,730123.2215713301
2006-07-10,210.82592928694345,213.83752561661294,207.77713897994425,210.47545858604408,200.3099737350295,624368.984137931
2006-07-11,204.52378373467826,208.13597118587242,201.53020670707747,206.64835358556456,196.40414741796013,748308.4502762432
2006-07-12,206.18546630641185,208.75210989502915,203.11349856707864,204.7955419525083,194.60870514745557,756644.4543260945
2006-07-13,204.4896047127688,205.39539493579016,198.44959590942304,201.42024023350547,191.3952252948673,877871.3152811314
2006-07-14,199.4838794021771,201.04551223781306,191.630732319512,196.9890603937648,187.0765467990268,801674.3229920717
2006-07-17,193.2354084161924,197.078304096341,189.77600489139795,192.46597462273812,182.6097328116074,704934.5456424388
2006-07-18,197.03629034997547,200.29049539910352,194.49424139155028,197.30496949128988,187.27747821654086,842614.6746031746
2006-07-19,200.85193227581868,206.44775945133563,198.15006650212712,204.88684150141162,194.78906493223346,992519.734869326
2006-07-20,209.23483509624225,213.04656070923932,201.98448883832276,204.35986029969183,194.36155858552866,917960.6330243734
2006-07-21,194.40842900218058,196.35707704042272,187.10564961818977,192.10363145243474,182.20853208058753,875258.8315498792
2006-07-24,195.3622229953583,203.27005093639548,193.51530749166022,200.6343296203671,190.4967823551664,773484.3425223983
2006-07-25,196.74686567783445,201.23061234989325,194.82718185030737,198.83162999349034,188.7359351418477,827311.4395036194
2006-07-26,199.06982222181398,200.3853004424756,192.62472297789472,196.38817643154295,186.4901919251835,860191.0437780076
2006-07-27,197.4890457893295,199.72779920956498,190.33483513307334,195.84137256965144,186.06875874741937,893509.6348005502
2006-07-28,202.07274144141843,208.1223089354492,198.74343461139054,203.45661938605988,193.53272372697057,805938.1405015459
2006-07-31,202.27969136776926,204.45403324489047,197.2924134953745,199.46367627572178,189.63457685549653,764864.9568493151
2006-08-01,200.01902548334263,202.5854418588867,195.81294188937886,198.38382485294974,188.48671621391003,764817.3333333334
2006-08-02,195.44525803039852,199.2122945417432,190.94978248933714,194.26703623744092,184.38129159497205,788140.4173553719
2006-08-03,188.75801306966304,193.58760778413708,185.45429022016555,191.50771756833365,181.52600959739755,830557.5628660007
2006-08-04,192.83070741691864,197.33339359482787,188.82585940928763,190.57129593520375,180.62843674770164,879122.7004465819
2006-08-07,189.2974286984088,191.00521419927978,185.25168911761784,187.4186451818638,177.5415447015813,711393.9910897876
2006-08-08,195.09957538501033,198.21805760686692,190.89254630115488,192.48212535238318,182.64722002976697,754863.5968460747
2006-08-09,194.39861490000774,196.52232019555905,188.06042806436315,189.62444921904412,179.70982287592616,818925.1677530017
2006-08-10,191.17131107354743,195.85711911919847,188.62123299443786,193.32616947530076,183.44310822769717,713774.9139118458
2006-08-11,193.16541864414893,194.49762100385553,188.722584117516,190.36738768755657,180.5354920661261,592859.9261929282
2006-08-14,192.33634596312532,196.1056770805759,189.52083630004452,191.2805075587172,181.41571713356248,650338.479574322
2006-08-15,185.33853990170763,188.91916198742712,182.87975595176061,185.26068212967743,175.2893372821518,714914.3472270066
2006-08-16,86.13886565466939,87.68247281649766,84.52315556727561,86.41203539989371,76.23147913763398,712433.5619979043
2006-08-17,194.40970105971377,197.08693129875138,192.86693552795944,195.01416555127952,184.9651889255873,706051.2581755593
2006-08-18,195.25420250034824,196.68826458992456,190.8835124723457,193.24081404484485,183.20261072715908,607499.0436726272
2006-08-21,193.90723345026305,195.65901199139842,190.6340563487601,192.583149423777,182.5167721347395,550864.7174211248
2006-08-22,194.05599140479134,198.1926280046948,192.58647789271592,194.9316583778556,184.7341163642644,603874.8180260452
2006-08-23,186.42822150143834,188.78076233122835,183.06434488487398,185.07399188432055,174.92566049066414,606351.1045953361
2006-08-24,195.1636278065829,197.02686334956007,190.15202663137413,192.18943876572723,182.1260647165934,605093.315139032
2006-08-25,192.46763154102013,195.45986940653628,189.6758462729218,192.06047930059023,181.92074633835546,549641.9348645869
2006-08-28,190.8192012675052,195.21223596815463,188.93053566080087,192.47026051906255,182.26132530675568,542350.5483870967
2006-08-29,194.19682384341482,196.74447972864257,190.8826567760777,194.34653507982355,184.219173125849,698925.7116438356
2006-08-30,185.65837793990062,188.06153211766753,182.8197680104948,186.271781022822,176.12012136935553,641591.7691252144
2006-08-31,195.57334062573437,198.7968716571184,192.61816715413372,195.72259359920065,185.5630738762727,668227.8770547946
2006-09-01,196.5026184698217,200.57409258379232,194.88525970817497,197.36123979125466,187.1599174003476,565645.3122218419
2006-09-05,195.70352647555197,201.12021427764827,194.06283809333303,197.49202559356956,187.24643936039038,726655.582507687
2006-09-06,187.35984893232734,189.03532019400595,183.84537020217047,185.88259874555186,175.74469990634566,761175.7558974359
2006-09-07,183.29569071507368,186.6936925022211,181.12912711188028,183.5439144929659,173.49708573488843,785465.8571916638
2006-09-08,181.90963104125962,185.01164007617447,180.4056136311886,182.3285360172345,172.28943871629312,686366.0304690175
2006-09-11,185.400267260232,189.4622187046978,183.20978378284465,187.87411278462028,177.87290032514105,812430.454825462
2006-09-12,188.1118060923051,195.5749347677909,187.22425612151466,193.32111696486558,183.11100209910856,938562.1298701299
2006-09-13,193.3229551805658,198.09735303940255,191.30575590819828,195.01751869546447,184.89061538662253,875838.7378673957
2006-09-14,195.1487222507069,196.78338890305463,192.35989287533667,195.09468230361142,184.982870343126,780062.7697300991
2006-09-15,195.9638088026197,198.2598645517346,191.3012794665239,193.36401350474887,183.21085615906446,1028328.7834132968
2006-09-18,185.49597270406085,187.9154049180122,183.0901857016803,185.01444464958237,174.86365244938162,786630.4046479836
2006-09-19,189.7396854819311,191.0142990515051,185.01481138892288,188.3168412731185,178.12501935554178,813832.1281613123
2006-09-20,190.41399581999647,194.248403312223,183.7777015628263,185.9204052428818,175.78528881582528,809247.3881466256
2006-09-21,186.93302559909677,189.58773517616797,182.1058368130285,184.73427170961995,174.6545962215976,853902.9387824897
2006-09-22,185.9211217931592,186.89734162456676,181.09554437351392,185.11182106411144,174.99022597549194,684891.4710715509
2006-09-25,181.84695701499942,184.5757092232326,178.05329456689,181.09810514584245,171.07655008810033,830379.8724717175
2006-09-26,183.45055459254215,189.05231241533286,181.67095972241904,187.31736648793301,177.19884778045204,853906.0666666667
2006-09-27,187.09515560770814,189.24444856250253,182.74939550543652,184.7744126114276,174.61557363080135,920999.285909246
2006-09-28,183.30626234020122,185.19347829494959,180.0905465797573,182.71485424096915,172.55636613678158,780929.150750341
2006-09-29,184.5488504695343,186.13837747435304,181.38778236575698,183.42963463666828,173.21532865179665,746009.6583532627
2006-10-02,183.07094781467046,184.73572004223468,178.87446260138375,180.99329870318076,170.83197398488713,728373.6022533288
2006-10-03,178.04913326744816,183.38909975022662,175.8484186898205,180.34172595162516,170.24038586904908,929669.7409556314
2006-10-04,183.12045646681023,191.5061756721692,180.25009829322175,189.5810965081776,179.34968311343945,900121.698390962
2006-10-05,189.51574456668888,195.94186798575885,187.27464170636887,194.46873136952593,184.15266790413295,909153.1493506493
2006-10-06,194.25809773808936,195.29429563094203,189.61703279560493,192.01774913254073,181.72353303240118,728437.4456224351
2006-10-09,192.1478901415927,195.37738168758932,188.62976520015025,192.28321291815374,181.97925933468724,658381.0556884182
2006-10-10,194.44814315142995,196.48561423638014,190.83084341752138,192.76317329835962,182.42126506570796,773510.2728517631
2006-10-11,188.53645342908428,190.1483548158208,184.45762702259015,187.0360090998998,176.7667254312094,822501.0468536252
2006-10-12,188.2981465387665,192.399973360784,185.7934378950557,190.67683407434512,180.3165937974269,816215.9117345193
2006-10-13,195.91358888442127,199.050422643662,192.7740044325125,196.42209724812182,185.86520899432594,815121.858117326
2006-10-16,194.990482177276,197.7900207863213,192.09851115602703,195.40157077433344,184.9024502917324,739822.1705399863
2006-10-17,196.28525513003964,199.37575258682074,192.93297968684755,195.7099961668988,185.15252516244763,749020.3169398907
2006-10-18,193.13212743451072,195.29071717890625,187.9513175952939,190.46115368683093,179.92508738357827,972423.8921768707
2006-10-19,191.1100322001369,195.1056399629453,189.42684009231678,192.66527123096634,182.12466334358365,870557.9210078311
2006-10-20,190.89958154080054,192.65602584411317,185.6803131695383,190.04391268661783,179.5409367582037,812431.2568119891
2006-10-23,182.10146095634528,184.70755426903372,178.15709828734828,180.5537452033593,171.66351097415892,786140.2217287325
2006-10-24,181.28436888088655,184.69832467325278,178.56846670087623,183.25354626439758,174.28960246754937,791672.5085616439
2006-10-25,181.89982327626376,184.95995835902696,179.71828629176923,182.72465455764745,173.78227383940745,896489.7634812286
2006-10-26,185.31732402593912,188.364148441051,183.29733844011312,186.6240341027383,177.5885874300548,864792.1652470187
2006-10-27,186.00869367227955,191.01995829012563,182.82769029755227,185.64444540284518,176.65823149178885,796881.675059544
2006-10-30,179.27789498753197,182.5540114771558,176.30222832733378,180.28803313120858,171.39547945516838,729965.9578087785
2006-10-31,185.43469806272142,188.6892638008199,181.50772116526312,184.287393613624,175.40758783073784,904523.9629377762
2006-11-01,191.13447614200098,193.52656251141806,187.11065362248695,188.85370359948396,178.6470846880078,993396.5555933357
2006-11-02,183.42801194233354,188.07698387428613,181.07179848079542,186.44367555666886,177.57423381104508,904856.5409168082
2006-11-03,186.1716184691826,188.38283137961764,181.17389292267026,184.112430263991,175.268189512164,746946.3127768313
2006-11-06,186.27184962995554,189.77387016601517,184.2737796153117,187.18823883051203,178.2726627968546,784204.8140088405
2006-11-07,186.7109985805564,192.59440578481068,185.16232554613302,189.515298941485,180.56147384633732,839673.429299796
2006-11-08,188.6569447736431,194.3556732233288,186.39205779440266,191.93503925916173,183.0052520962579,822529.3747024821
2006-11-09,191.8478343070504,196.11907382764,189.3147060790638,192.72224076140688,183.7960860163306,894368.0939094931
2006-11-10,200.8503325542345,211.9730304639718,199.26313058144893,207.55550720335737,198.62782104289568,682302.6729067393
2006-11-13,219.7434284134438,222.4096152980974,214.5629655126223,217.60732347745147,207.22609281734083,738721.4546072765
2006-11-14,218.11042776677178,223.1552248045113,213.75586783740698,219.79421806385326,209.39785530256205,828161.7799319727
2006-11-15,91.06291909806137,93.25661739624358,89.62247058320874,91.57016728561139,80.92485597046777,894684.8197173389
2006-11-16,224.55745799708794,227.96561849521825,220.83972875627043,226.23660055982543,215.58893948534228,835636.1884107082
2006-11-17,226.09329419790527,228.31532634212715,221.02726178034666,224.250863238124,213.7585344988766,768223.4701289885
2006-11-20,224.08165301158922,227.4555203701574,219.49049257769232,222.69916857444355,212.1452041470312,738447.6578590786
2006-11-21,222.18356308213694,224.7848404135994,218.1936632882779,221.11934828509925,210.48869871999233,800122.5199594046
2006-11-22,221.24770128805545,224.42453726342777,218.74344867510197,221.18333468905087,210.64863767659517,656621.2082488168
2006-11-24,222.16624704693714,225.0954918165678,219.25660000893737,222.26297674748406,211.6495659032739,321492.5141223941
2006-11-27,213.28773733063773,214.47935104774245,208.83593295163584,210.68049256769226,200.2479294768628,855349.250760392
2006-11-28,222.27855741215654,224.32290471339243,215.5035023732451,219.40246633861028,208.93314320367122,866905.3043771044
2006-11-29,218.51582146675716,225.20128651159428,215.7608611301538,220.3340384288853,209.85373796784668,855133.2547106326
2006-11-30,219.39580108015696,222.78827629537912,215.69440632089507,219.11781600657366,208.45060953658913,879917.9362132973
2006-12-01,214.46901556980953,217.07200506960734,210.30902442596388,213.99928179445806,204.8595969610096,831541.1742654509
2006-12-04,223.1894718581201,227.32557670513035,220.34610622937586,223.10426675935483,212.39337646870646,811818.1108490566
2006-12-05,224.4596471598309,228.17004745385006,220.61960896923006,225.94655424358348,215.24667717794182,802519.1574324324
2006-12-06,223.43738983912783,227.35983731169745,221.16118126129322,223.69723861159497,213.02767424840124,770750.1362103843
2006-12-07,212.97704481811303,217.9320921986671,209.11542147241587,215.28906832011046,204.58478119181538,809488.4402558061
2006-12-08,212.46071284837174,219.20231176586148,209.36945277043102,212.9187951847426,202.2640916150451,722659.7281292059
2006-12-11,191.60585479429247,193.77780856275652,188.08613442237797,190.0704906051755,180.7991270019636,690720.020938872
2006-12-12,189.4518271231598,190.66886887190583,183.18120056124292,186.33639655146987,177.07187853520594,808912.7494089835
2006-12-13,192.4552207244427,194.62229262926326,189.7090395622727,191.8993350863089,182.68086531243765,799115.0265546219
2006-12-14,193.98984529209412,197.91936937360555,191.46398881898787,195.562551720026,186.24331831799097,814331.1326599327
2006-12-15,185.65305793407157,189.99852430953294,182.5892367851249,184.5161141335957,175.21812530564435,971818.0026945099
2006-12-18,185.56552265960335,188.11357850117486,180.98830552324932,183.39141194781965,174.06886171826216,757596.5472586612
2006-12-19,182.1191438311772,185.60045338547428,180.1896360473305,183.04230432591473,173.8228925453773,823931.297815126
2006-12-20,184.105440312979,186.56304539883817,181.5928821709017,183.375172404082,174.12492814733378,784769.9674278039
2006-12-21,190.27406799313533,191.84038833658275,186.90438357423199,188.13890260152832,178.9696257805417,725009.7800201817
2006-12-22,189.26302210123842,191.41308626741304,186.57035957993793,189.30265679850285,180.1029116508896,522248.83602150535
2006-12-26,181.05631883896564,183.8696711458327,179.90258308756754,182.5323790721107,173.21231061137422,379251.39959016396
2006-12-27,178.66620133298727,182.49020184644107,177.29628643495056,179.87928139899546,170.6399819307165,584109.5554438861
2006-12-28,182.81359497981634,185.50398360150504,181.49668136832904,183.4278573587927,174.1646934992796,515308.1502347418
2006-12-29,182.05857332502663,186.31604104620178,180.34281515588924,182.56976668209467,173.2196416835293,528441.3889261745
2007-01-03,179.35023711401328,182.55250258211782,176.4529092844139,178.98734299466844,169.84711654884333,1094825.075630252
2007-01-04,189.42386614409764,193.60410961997195,186.23761786408224,191.62479206022076,182.44590474290118,941681.813633311
2007-01-05,193.67628903712787,196.09198037621826,190.36872405702778,192.3328227403058,183.16175453801125,904857.9227150538
2007-01-08,188.5857071758956,190.4188928802175,185.70886305461931,188.40752283058103,179.38894313569713,850161.825561892
2007-01-09,191.2702926682871,194.13819131718478,188.40008850369932,191.61399284302317,182.57065793253352,1120277.9776293824
2007-01-10,179.2686522518842,181.0797011603201,175.73436219193704,178.03945973953742,169.05164880769817,1030033.3664658634
2007-01-11,191.00069646779042,194.125675197199,189.28670045234875,191.82287904088645,182.71875551718864,983618.532998325
2007-01-12,193.18048173687575,196.187855768708,191.65467730739292,194.36770456461068,185.1182030045327,854638.4876088413
2007-01-16,197.07035180329083,198.71616694528277,193.13919136269894,196.26083145204686,186.97471286865223,874622.9004343468
2007-01-17,194.57887842549079,197.0764457089162,191.78353933509229,194.91712167147963,185.71244058497751,923475.5350935829
2007-01-18,196.19464997930865,199.8224761921247,192.5177046082924,195.19067102574658,185.9199918851484,1005764.373204143
2007-01-19,196.55303710969716,199.39358403119138,193.05075936455182,198.2628244871868,189.03652400198507,902756.7572815533
2007-01-22,199.6595164344494,201.0384140839751,193.83655673383328,196.00729994394067,186.81606790181834,891234.3471433345
2007-01-23,194.4550647151925,199.67798615142303,192.27211224251656,197.17520849068077,187.90183278112627,963121.8541875208
2007-01-24,199.28546923858795,201.32478041334207,195.9599529362883,199.02788901574561,189.62454773943486,868461.920885015
2007-01-25,199.1305573469059,200.00467411718614,195.25564038439913,197.13659378107153,187.90216059949543,889610.825083612
2007-01-26,199.09569074057208,200.94799127381006,194.34084386057992,197.72418550938022,188.28184015003066,845598.810720268
2007-01-29,193.7086559377995,199.42230194313927,192.32114197029395,196.95022319340404,187.64745358757995,845893.5777479893
2007-01-30,200.75021939996157,208.75348441858722,199.29493881354702,205.38012997570377,196.03450190867815,852196.7425610163
2007-01-31,209.32559985139395,212.8139591094913,208.04473679139213,210.98908485965376,201.28887709991912,954959.9498159919
2007-02-01,208.55990004743526,215.486520309424,206.68805383214155,212.75005515234292,203.30178682690945,945688.0441914964
2007-02-02,213.11958785652718,214.94500179574985,202.77148511379698,207.75646489121905,198.3157956890162,850518.4108216433
2007-02-05,205.18061501619985,208.80783538381897,202.854534767037,204.6107060246095,195.0987191875498,792913.4003338898
2007-02-06,202.9217188598294,205.57147152722504,200.4325356870221,203.7218249225091,194.27704717548644,866443.6366366367
2007-02-07,206.03528465036374,209.60683785841417,204.84680908666553,207.94542951899814,198.44679825840325,891790.6439267887
2007-02-08,207.32603095138086,208.59959943812785,204.10433546629483,205.51072192097797,196.00869272202974,890932.280426809
2007-02-09,204.66145659496704,206.33725199598402,199.4291585777837,202.33718669205444,192.95195009707774,900089.0902430903
2007-02-12,202.99022810739874,207.1370735552581,201.0455323277195,205.63018394324968,196.2523337619422,780732.5532623169
2007-02-13,71.79151628023867,72.65060133939755,70.25734296942575,71.49932786653238,62.072125968542736,806859.3859708573
2007-02-14,208.41715520886154,212.0691882276687,206.55516420354155,210.09120276639104,200.6630915514282,838544.3659432387
2007-02-15,211.27030815685828,214.2961828816796,208.40089687861274,211.82911620163875,202.26363575282966,780599.6475682878
2007-02-16,210.63366554419125,212.65606037758062,208.7932473462921,211.39484641113248,201.91813519865832,747557.2276964048
2007-02-20,211.13585158614833,213.7665270956807,208.91802087966886,211.4428146401196,201.92621432518072,837931.623087159
2007-02-21,210.4671070259219,214.618682496533,208.07298614223907,212.26663706588369,202.80340199464143,872906.259382265
2007-02-22,210.7029055703277,215.4782820329955,207.96160192681305,212.12529367460172,202.65436797530975,840118.2041902228
2007-02-23,216.1910180193017,219.03701935210412,212.64218059287293,217.2298500440804,207.60223840233837,766501.6236272878
2007-02-26,216.65762756650972,219.34797083210947,211.32763774681348,213.0727948132607,203.56717201657867,790047.2874750167
2007-02-27,209.24675624381874,210.77746068941428,199.8080762915847,204.8625377182501,195.71689247825836,1289864.6796666668
2007-02-28,205.47006841217993,208.21904979927902,202.20436345982063,205.45786085269918,196.2233973412521,1169345.7114743162
2007-03-01,195.96658068694617,201.97399347056952,192.97634471095256,199.77719662913526,190.6794934468662,1222262.4644518273
2007-03-02,204.4977619759914,205.89484139331185,198.0079214471748,199.90648166502666,190.711874251741,1017609.3160518445
2007-03-05,197.53271233326072,200.2201132996964,192.90580610331273,194.2803920484918,185.38358890034942,1031707.9026666667
2007-03-06,198.75939232166607,203.56701816429694,196.41304745690027,201.6572188342611,192.6443285329938,994269.9266666666
2007-03-07,202.23830022831768,206.67679235879345,200.31652850257748,205.1171141011252,196.13763563957303,901310.8594270486
2007-03-08,208.18063488613566,211.54541723767917,204.2743312475582,207.36708022230863,198.2362427811666,867247.5843333333
2007-03-09,209.03156828030993,209.93728175943906,203.0549295391497,204.65138274311226,195.40075912941742,785383.0472545756
2007-03-12,203.7138365891451,207.13554869200766,201.6773814586615,205.18416655586563,196.04239258675906,721449.2622622623
2007-03-13,199.67954887827617,202.95925873147573,194.82973247737658,196.58260614150737,187.7149051751464,968203.5261928595
2007-03-14,199.20901062077073,202.3393643616291,194.60811619752866,199.87407224196426,190.84985609015928,1005466.5658552852
2007-03-15,198.6994450723841,202.53562312657797,196.81230251921778,198.5500601950116,189.63864397636948,791370.4035964035
2007-03-16,198.5861046759751,201.84289841230483,195.68554367929536,198.14024460966877,189.24909863043493,933572.277056277
2007-03-19,200.5311003126167,204.23645029304507,197.7386997626754,200.97953158595112,191.83279979301406,780583.0099667774
2007-03-20,199.05000166053279,203.95436188174125,197.23542668318444,201.73735593326955,192.56559582844753,804597.6323138297
2007-03-21,202.4146782678826,206.20738161673532,198.71413492476185,205.07105330834074,195.87385181716485,966639.9376037172
2007-03-22,202.46209362168014,208.63761816880313,200.7113909463865,205.82224274714247,196.58724358551814,987690.5043103448
2007-03-23,207.27805170363789,211.48770838800496,205.9854772387677,208.5831136470426,199.35823924739518,841875.6801324503
2007-03-26,208.45890185375296,209.86921177301258,202.90670519407797,205.16570682299258,195.94381234892816,884414.1279761905
2007-03-27,203.10794525064142,204.25784863221725,198.90503364438644,200.77194118075687,191.6323353191343,786343.6897810219
2007-03-28,202.34365830321573,203.61199277684833,197.31666994029703,199.1325855645205,189.8884387618245,929704.0373553719
2007-03-29,199.8531348737401,201.52976141286507,196.18123989443208,198.5433108900545,189.39639144923447,895362.3727693325
2007-03-30,68.26723418520702,69.47784411969197,67.2632505489022,68.57541629303199,59.53130609042974,947612.9172543489
2007-04-02,198.2007863001751,199.72655123554952,194.9267362144394,197.03961331338024,187.83796497735955,814778.0645268034
2007-04-03,200.15599258226902,205.88493702182603,199.15040625931658,203.95324195571504,194.66710327989233,841235.7123923128
2007-04-04,204.76132514572302,206.56461287932893,200.90204963423398,203.47463226876968,194.04922683110604,792650.2725470763
2007-04-05,203.67421535758083,206.65021038188902,201.43023405363238,204.9748398119779,195.60147959922946,670572.2312272576
2007-04-09,201.83821279164417,206.1294558555728,199.30475911147676,204.21982283955396,194.81008712674952,596110.2339635382
2007-04-10,205.72810296790507,208.32070977339345,203.09586330851903,204.39846866690928,195.10044400194926,733117.9091509746
2007-04-11,207.8499266970708,212.57063817376758,204.85622233976807,210.21551536136482,200.92831921287424,850399.2529761905
2007-04-12,209.06948048840854,213.95965321127346,204.2285692702738,210.9499266692769,201.63425619268145,872659.9683377309
2007-04-13,212.67228122822624,213.58413054848612,208.80514216320483,211.61650538266133,202.25677035161388,796763.6140118969
2007-04-16,212.50802381520495,216.73382391747543,210.42652053131104,214.76300984661742,205.32423465085574,898986.7537953795
2007-04-17,215.70511768030462,217.4871238193904,211.10336325350102,212.79502364676668,203.36117993142577,847326.427675033
2007-04-18,213.55746833305483,215.84065178908816,209.17937929737607,212.44222600174052,202.96802419048421,842143.0849025438
2007-04-19,208.89484604765548,213.31272250662042,206.6731099105698,211.1644465539731,201.64325282502372,850362.1148135929
2007-04-20,214.24659585924726,220.5884201182987,212.5312212644734,217.43821006364078,208.0007671268137,927735.4523178808
2007-04-23,216.58024508172306,222.38893657454506,212.58842951824033,216.37048822246757,206.9020886590216,804377.6686429513
2007-04-24,217.14936577312133,219.57257041363815,212.70039073696708,215.78811816471324,206.3304216464706,931353.5238565317
2007-04-25,221.50275373655856,229.14134158746177,219.96896437724587,225.75093040953087,216.1732943330809,1017958.435154707
2007-04-26,221.83351310731692,225.32318280178748,217.40937680902783,222.0407368905891,212.54596480899414,1069004.0272131148
2007-04-27,215.88760784873725,223.9471714385136,210.13008626110442,214.03641307802923,204.50298604212983,850733.0984524202
2007-04-30,216.16724535132465,217.52567530898622,207.3858467479555,208.4124018700573,199.08493613999238,962801.2851973685
2007-05-01,423.5048470480295,428.99110451902754,405.21148005510594,417.5760689267884,406.7967657476086,977684.5680079814
2007-05-02,420.52206884078635,431.0317267401325,416.3769707965114,426.44762473740866,415.5554102760584,949036.8349164756
2007-05-03,429.1258620530499,432.41844272875954,419.73917770744845,427.33126400758516,416.2743790654199,889801.874180865
2007-05-04,429.75988785735404,434.0811990970841,417.1324015238684,425.65387878662926,414.6404514331138,789968.5173884515
2007-05-07,436.43133558391344,442.5833623755767,421.94051771742727,432.6159745683757,421.43541818970004,692553.3572834645
2007-05-08,423.5871783922725,426.99712252233525,408.90263649533307,419.0924003330101,408.13896242873733,844984.5026126715
2007-05-09,418.31990006108356,423.0506395291121,402.96055027380936,418.12976470453134,407.09952934842937,871525.2263226649
2007-05-10,412.1081248228719,414.06966010269224,395.2541785780523,405.2099915400668,394.35512679139,996662.6214541898
2007-05-11,407.6569776109028,414.34195795964536,401.6917773679986,406.9632688890151,396.0039367332086,820820.7025791707
2007-05-14,406.8828781265826,410.45845118212645,393.68053661203214,397.41312723537266,386.547592455996,887248.3845152896
2007-05-15,405.29712528690123,409.9982846977709,393.7621678839896,397.11970221277255,386.09016618613555,984727.1158477059
2007-05-16,266.97954769699766,269.34622290663765,260.43127369295064,265.89435640718693,254.96971948502247,908892.9510095995
2007-05-17,395.85935725587404,401.3369978778793,390.30096624960646,396.44228211436734,385.6061841238902,874935.3598435463
2007-05-18,393.559674189132,405.2043981075294,387.88119432642463,402.44842063954985,391.56659106949866,839958.7176970886
2007-05-21,405.90736164240633,413.33948306387526,397.9964177823645,410.4559899316881,399.3680671352006,859385.0602094241
2007-05-22,404.2358788431227,412.86190471947026,399.50195048116836,409.80564887271555,398.7573560909788,895357.336698144
2007-05-23,410.5235406210761,417.0150679002877,401.98162535268096,407.78562558174184,396.83925335531,927427.8068403909
2007-05-24,405.4665316513438,409.55988146536,394.33667624847936,398.8151533078541,388.0487740188998,971394.6152088773
2007-05-25,401.15734598895,405.150840609315,393.7309936279484,398.12428179325025,387.28236722693686,733803.6622236671
2007-05-29,403.7512341138865,410.05459087891,394.54915775322564,403.2728103970625,392.1759995386609,768989.6024723487
2007-05-30,397.98310670684447,403.41412757150044,391.73270426329157,400.3982129025486,389.4665235244263,973791.9753646677
2007-05-31,404.81240074263667,412.31178939933255,395.72451791430797,405.203046092775,394.13092229271746,1060400.5423289004
2007-06-01,402.775529925523,407.5349375206187,395.5846945136996,398.578192265411,387.47258439703,915561.2059206245
2007-06-04,396.9418747527029,403.76603533764336,380.86905968372724,395.2473711880033,384.0766472069692,814241.3321428571
2007-06-05,391.94913051401494,399.5763091040335,384.57128829495605,389.24117232136433,378.011958351495,904483.6840739539
2007-06-06,396.6933366887035,400.98547406490513,382.19543994685944,395.4742244203006,384.4393786633595,975165.0767487047
2007-06-07,395.9294659600001,404.9098445686185,381.61634840927053,386.7529967511871,376.00845561825776,1102306.6038961038
2007-06-08,384.8534568032923,393.512307183736,377.09033297244304,385.6386189081626,374.80089694115117,915240.3014276444
2007-06-11,380.97274950304177,394.51794605988704,377.584545907534,390.5139693666036,379.6619826930431,848571.0191000324
2007-06-12,387.8698507041957,394.98229351656744,379.3680427807302,387.84965938365985,377.11999250911083,996042.6420711974
2007-06-13,389.8245685997173,394.94527487176526,382.1948891170395,387.83281078648116,376.9990474609136,948376.540032415
2007-06-14,390.78868353699875,397.1837705287684,382.70192067085793,392.8450656572084,381.9493750105189,936923.370514064
2007-06-15,393.9455204006236,403.29008173026483,388.8997294809137,395.47071963806286,384.4413424773964,1039233.7993506494
2007-06-18,399.9934596979826,412.22450176364083,392.42714675496023,403.6981938578244,392.55619553573257,785724.6932773109
2007-06-19,399.694489766643,403.0793596143461,386.38510701597124,393.28260677308083,382.24671101168184,821819.2027858762
2007-06-20,394.40254979956904,398.865272230661,387.13473544398437,389.26048910192617,378.2998256737179,944473.2042071198
2007-06-21,386.40155424765913,391.4647851270417,379.36609055471257,386.0946285766749,375.1836878292784,875153.8278210117
2007-06-22,386.08678466347243,389.31025874235786,381.3407971390285,385.04839566814434,374.1869467523643,1217583.8287937744
2007-06-25,389.92116285174137,396.542230520224,381.84597236543505,385.9277483957413,374.9936578731828,952296.846104106
2007-06-26,381.5620473367438,385.1825143375879,364.6961574355406,369.51261147351636,358.81645999221786,1019419.864532816
2007-06-27,375.1576642162997,379.9850955482402,362.3861062341884,369.56194214318447,358.75943993406673,986048.3763336566
2007-06-28,372.33841258077274,380.386666611369,365.1753305712886,373.2077573052203,362.36132409738946,883265.579644588
2007-06-29,375.3654190105718,382.6477956695514,367.71435924161756,373.90763759567267,363.08569518619026,928861.6020045263
2007-07-02,380.2408745602144,383.195712793333,368.71051315465115,372.82731992412437,361.8553199366848,784936.2392499192
2007-07-03,371.94611249746276,375.860239369712,367.72460005035504,370.8944017642035,359.89564994411893,510421.25675675675
2007-07-05,373.30215154579884,377.86967991962945,358.32449494320815,365.4482967145963,354.39684418140797,814545.9230025773
2007-07-06,368.3978573174022,373.1353294973853,361.0824936371282,367.62514264967393,356.539767944963,745718.0747089263
2007-07-09,366.83920382244935,374.67991349539176,360.35812106740946,370.33445377514437,359.2774432372213,835382.4945090439
2007-07-10,393.6839570532853,399.7090867435279,386.6734225512216,392.90926281366495,379.8668111792208,1044952.3956788133
2007-07-11,369.45023691963297,380.6027936388316,363.92598113793173,375.2381054693244,364.1611326569314,849345.376581252
2007-07-12,373.5391074140541,379.4710263468072,368.8158047240758,374.50071464107526,363.37863243566613,950765.0796116504
2007-07-13,479.50249433239804,483.8137230775075,472.81847101738697,477.83729088015775,457.52521461375784,849651.2899159663
2007-07-16,368.71922853263334,375.0968739091255,355.85535382395324,361.36403225696927,350.28372679757933,840646.7199612403
2007-07-17,364.075686709762,371.42912992859857,355.0038791834282,360.1323819196474,348.95770903856265,890977.8031037827
2007-07-18,236.205079754176,250.58035351539482,231.35403420304502,237.27436691554843,225.48320556925677,1064667.4738386308
2007-07-19,360.1950745451696,366.73735586941274,353.80849468364175,358.5722028305661,347.2129106420898,930957.4839961203
2007-07-20,354.8356295499601,358.66503252140143,347.6933748364979,351.7242899745558,340.6789842604771,1109770.0194174757
2007-07-23,357.3326026646175,365.297030965657,348.2163020840828,351.67394344296787,340.607668622084,902606.4736501778
2007-07-24,351.25669871761346,354.9357276548937,337.22886737322466,339.74718771066557,328.81187945881436,1167288.728359173
2007-07-25,250.87178875406005,255.63098153187914,244.4235005343697,251.69039780928773,240.3757346752253,1259387.36
2007-07-26,334.0490313488157,339.1880906972663,318.61106703398497,326.09266007807946,315.42898209608256,1638382.5765503875
2007-07-27,327.6620633343696,342.89661354111036,318.6867139434987,329.63067565904,318.93065291792686,1320062.9932126696
2007-07-30,332.0093110388851,335.03524719609777,316.07620860383986,322.7834305821444,312.31559810909164,1107967.3995470721
2007-07-31,325.00529765406486,341.2310328460494,316.53758447068,326.8340658605859,316.2588606806937,1237450.7876049064
2007-08-01,321.2822803280087,326.46545891051466,306.3663944477328,314.77439802548326,304.4562274779402,1407745.7039664625
2007-08-02,310.7589944570619,322.88263807142084,307.00669307486186,313.3257984431801,302.9873050112139,1109527.047819063
2007-08-03,321.2838773913066,328.7409891285594,307.859363710704,310.6520121341562,300.56013452768315,1098936.8275526743
2007-08-06,309.47471472504657,316.6020192878168,295.61297816746344,309.4694039818278,299.447241677946,1278688.4234001292
2007-08-07,305.68580847161866,320.06773025689245,297.0265629262933,312.06438869301064,301.9329159125646,1381840.5740919318
2007-08-08,318.345920093384,334.4414668984115,309.2437881184387,324.0010872074626,313.6612666936193,1492432.394125242
2007-08-09,319.84408437808224,331.819774187877,301.83221512379754,320.09604069746865,309.88913995207116,1556055.1337002267
2007-08-10,313.9645144233682,330.01702755558085,302.6331206643618,321.7978249369957,311.3934300087663,1466786.0244845361
2007-08-13,316.67422899153456,323.80808805980485,302.5835667327478,311.6963776462427,301.51617765876966,1032073.3971061093
2007-08-14,307.48048655652184,326.2768912075576,296.5531251374944,310.0751287323643,300.13584562086066,973888.4803605924
2007-08-15,205.29886117560986,208.80146519530825,190.23561619342766,199.8218574814518,190.07367155078933,1122809.8243950293
2007-08-16,295.30367102139945,310.07855570077515,279.37974430556744,300.12739834225994,290.4051769533244,1651274.9829362524
2007-08-17,297.32017959793774,304.79291841532483,287.05162839335696,297.894920639023,288.0615442712527,1295913.6524685381
2007-08-20,304.6523072822614,322.54184891379106,300.90327109472355,316.372363714159,306.32728763203437,847414.6689232753
2007-08-21,312.96113345496394,321.9388188358965,302.4174931528497,311.92506438305674,301.7912705443872,857388.2020525978
2007-08-22,311.15054146973864,325.0188303925467,306.64677715770307,316.766667987098,306.5753814408307,962196.632404739
2007-08-23,325.1318650179355,328.20959104462264,315.5552680676548,321.57557322675996,311.36209418461584,826713.4110468851
2007-08-24,321.20256490865404,335.63908348250476,316.05637164373667,327.4676179408647,317.15045029139407,738830.7998078155
2007-08-27,329.1770987866531,337.7022972881275,320.55006443325146,326.47763512955294,316.06486235736014,573379.9016446307
2007-08-28,324.93515074327235,329.0431937633447,311.6316738271111,316.8016236959313,306.80071105680287,802624.0430452939
2007-08-29,320.90161512404603,332.3574798984436,316.5516785488996,327.86407024696393,317.4970312253961,806187.3512820513
2007-08-30,324.84012274283407,335.5842796589589,321.9507696140027,326.9319119766855,316.7567492486119,790598.40672
2007-08-31,335.5287576686752,340.83648567553223,321.22024049614924,331.4265333127248,321.1264879430649,765237.7897271268
2007-09-04,335.61718664934716,339.7844410248227,320.42256302013635,328.5066697107962,318.0886363936535,834717.1093700032
2007-09-05,338.3652868279192,341.4124947358119,328.9191107156317,332.5806443234903,321.70212018340857,965624.0775119617
2007-09-06,321.45719437961503,326.6081012671832,313.8183518901077,318.56160549574605,308.23543033895896,816010.7333120409
2007-09-07,320.0803205162837,325.78811231799733,310.01294757067626,315.99809432502184,305.66692952177766,911413.3160588612
2007-09-10,316.80002401269,321.1062988734945,299.5593897206426,306.715943021092,296.4737948086452,841841.6705017578
2007-09-11,309.9615233236943,318.2981804992214,301.9744467338542,310.3516317050291,299.9513339812396,817943.3008962868
2007-09-12,307.00346846949515,311.7319293466515,291.30256074403604,304.5409138767454,294.3327330700941,868316.3246090009
2007-09-13,303.36575033488936,310.1336594392265,294.8138477670154,305.0826777117079,294.74310295792844,741690.6954151972
2007-09-14,303.03787619871827,319.0550223245607,299.18559014417747,313.3778916851033,303.13470400095815,697166.8272873195
2007-09-17,316.7621440484984,322.31759209999507,299.36311250206137,305.69990207834206,295.5108446860832,714989.935297886
2007-09-18,307.68614414316016,317.13677820102015,300.2149591771581,309.92260768988206,299.4509591369426,997525.388710712
2007-09-19,313.61828055975553,323.12240550570783,306.7419297095165,317.6786183310906,307.0232022255063,1059357.6349663786
2007-09-20,315.2046091669395,320.7743106623616,306.56285223548946,310.47651355225065,300.0208230859799,807115.1497754971
2007-09-21,321.9816549721349,327.9009484947785,309.49371876736365,319.6568891209932,308.9408953023786,1024552.980436177
2007-09-24,318.7075904255492,322.29215541009034,309.7563366594375,313.2412349781541,302.6303821082415,830849.8511523687
2007-09-25,310.96433330118197,327.1726195985233,306.874658754702,320.29675620664636,309.90032875739627,877858.4910428663
2007-09-26,320.21719971659155,327.3247163556902,310.1939843576615,318.66055680913126,308.24421169006456,912765.8040217045
2007-09-27,317.6202735942511,324.88849572211404,313.08038227122523,319.72945940988797,309.18920832898425,808877.9648112603
2007-09-28,318.8180609684259,325.7847054634933,303.28137324446755,315.70418395313743,305.24279530870183,831971.0201664532
2007-10-01,320.2318964145287,327.60871341699124,309.6972588810254,322.9827805892369,312.1985830539983,857161.4786790638
2007-10-02,313.2644338735417,322.4502617164532,305.8545943021622,315.00565343782586,304.3551171412885,859703.6337488015
2007-10-03,316.4435588973232,327.84183202083824,310.0990419836736,316.48733639709315,305.86422338925394,864304.3742820676
2007-10-04,317.4028902807258,331.1260147214495,311.64196944058585,325.02807812174075,314.4263938485023,748793.836741214
2007-10-05,326.1386058960629,332.744886840938,316.911259168392,328.2132215089685,317.46501630989326,873343.1628352491
2007-10-08,325.49309840122305,330.6534693575825,316.1177051145712,321.1036134877148,310.3304621922554,591722.9948914432
2007-10-09,317.5939277148358,324.7641224597093,312.53544875274673,319.93830252685035,309.0244259147257,824548.9505266518
2007-10-10,317.35333065740866,326.7529421390034,313.33937741665665,321.5139834063596,310.5424559684725,867079.9611464968
2007-10-11,316.6983543025947,323.0843904210516,306.3264897076864,314.0604694871778,303.1450412104695,1101768.7261146498
2007-10-12,312.7324983697203,322.8934774865041,305.76453332305266,316.72372642311586,305.74622676903334,777563.935926044
2007-10-15,317.1954290132858,323.26266496217056,310.91836598411044,318.18388502763014,307.2483644923373,848610.9866156788
2007-10-16,319.11718889847066,325.0450199646007,311.62652133013887,316.8071601619399,305.86127989906237,871398.4824393359
2007-10-17,318.3164994147252,322.2785121545332,307.1741498171711,312.9824996589042,302.05606490563434,952022.071884984
2007-10-18,208.60868692921406,213.69239084082375,203.04328136466174,209.41530851283167,197.8167601605442,890634.8510843373
2007-10-19,310.5192148711697,319.26959166721804,303.0023775662123,311.0234434403412,300.38883171155,1074200.015674984
2007-10-22,309.81487437704277,321.54590511801933,302.5877339945765,314.37688740559884,303.825594809163,999610.0143129771
2007-10-23,314.98517408702367,321.64915316587764,307.3222402432027,312.77735614505315,301.9414328354778,947155.2666454285
2007-10-24,371.09899739712813,378.7120943551016,360.44807651014384,370.03641391869644,354.25912940831495,1103409.064670277
2007-10-25,312.9580664173982,318.7610406267811,303.60622743797296,311.5603696131559,300.7382930032343,1185365.5169464683
2007-10-26,305.63531190901756,320.0897902942924,297.7880937613552,312.3846173375452,301.25325205304637,968276.416772554
2007-10-29,315.9716426006041,327.1524452707756,308.06132684745467,317.10551914741734,306.000117229085,821284.8841870824
2007-10-30,316.4867260754534,323.38328091112356,303.0338609124992,308.86576302000674,298.0230103978541,868845.0513959391
2007-10-31,307.1290887952204,314.84938973219914,299.6938626580776,306.18596577565154,295.17100721631783,1078665.5112591183
2007-11-01,307.7659278156114,310.5495164387862,294.45456436539666,300.416289960563,289.73745234526757,1064210.2748407642
2007-11-02,304.02859131097154,313.83327779939884,295.6191453331283,305.7953832724473,295.1664271538641,1099599.6469465648
2007-11-05,299.93853074942695,309.271661427137,292.32442037030927,299.3858776980377,288.919407493433,940152.2165341813
2007-11-06,300.77837013243493,313.08941939369265,291.78122919036855,303.1789114201622,292.5598809281405,1039644.3764668569
2007-11-07,304.03537853613994,307.4926064837602,289.38260418581183,296.38013673892533,285.97033131985916,1076310.9965034965
2007-11-08,295.8711864612308,302.6956909900326,281.97430865340533,292.1201223515753,281.8447036985411,1401722.1046290426
2007-11-09,293.5984549231943,300.10856225791645,282.8103852067949,291.45384756927194,281.20335695009203,1206430.6456218273
2007-11-12,289.6335427692496,297.5000568244242,279.2456519094343,283.21819175686835,273.30524033498364,1154958.5109280962
2007-11-13,287.3874526882377,299.1095234916867,281.7026031830415,293.2803096720141,282.955960295438,1172607.341340076
2007-11-14,199.69816705678406,202.61960260205063,192.14626092522408,195.9660033128751,185.75480700961285,1038984.8286724526
2007-11-15,289.2526791943775,292.17580708265604,278.2162860232482,281.29571644953097,271.308016640001,1095407.616161616
2007-11-16,282.67871101584143,285.5046903357492,268.70740329985676,275.4660052593889,265.52814573970915,1091393.7932342712
2007-11-19,274.2935444030179,275.79983113927324,260.03372897136194,264.8829750646181,255.28147068744042,1102228.9977890083
2007-11-20,263.6601951084748,273.8801993042624,255.0366615650127,263.6954449053744,254.1580751721094,1252080.553938627
2007-11-21,262.8321947260226,268.68444683354016,252.13691077602087,262.4153188084674,253.01715295198377,1010854.8314890927
2007-11-23,261.6146610008914,267.2452218884347,255.04994851528812,263.81734925272343,254.28296278881535,422411.3082754264
2007-11-26,266.5199224535198,274.14824792479527,253.88020145679266,257.9064406993396,248.46171269246955,960117.3366992743
2007-11-27,256.2036332768712,263.7085204548976,248.36436427049446,253.8530588028661,244.46032901807303,1099497.9231255932
2007-11-28,255.6242822360593,272.5080123476853,252.85902312390974,264.27713264387415,254.60282260534225,1155581.398165718
2007-11-29,264.76686134679454,273.6634653347583,256.27230973467385,269.3469042929963,259.6700015340239,907450.3428030303
2007-11-30,270.8069180693771,280.62645753581415,266.0824505499127,273.7017009792771,263.91240626286884,1099381.193099082
2007-12-03,276.2722821256909,279.48314433002946,265.4424932997497,270.56629906916663,260.53498458119736,852054.36357908
2007-12-04,271.3688573035488,274.7508581476133,265.80762156385816,270.04348153436365,260.34847178031345,879666.7376222012
2007-12-05,272.78382206749666,278.62845246385615,265.7664504530327,270.63588804044525,260.7078911407546,954995.959003469
2007-12-06,271.1786428237009,279.15309070657923,263.21082526765053,273.23906705319007,263.1687822244947,937778.7522012579
2007-12-07,274.1498143451282,281.329036834794,270.5557499448007,277.30902060047407,267.334332992971,869968.6951181103
2007-12-10,279.55438168255006,285.46782574511593,272.9899403143609,280.5905327903823,270.52928383836087,793300.2084382871
2007-12-11,275.5038463213831,280.0348868465971,261.9026303747941,264.51754751895936,254.77727751779372,1045116.4833123425
2007-12-12,275.7428678881547,281.6784631301256,260.85539621852547,270.51429169261564,260.72466210006274,1077868.3450770683
2007-12-13,273.8592795228562,277.90356438884373,263.6910289301767,269.8284898614534,260.0031460823063,892945.891023622
2007-12-14,266.7954228272583,270.36275572632235,260.364494866496,263.10656206207324,253.31576671829848,863652.3606557377
2007-12-17,283.0215507927854,287.79860143803046,271.1538698154855,274.21004632180535,262.7643593573807,944165.7744974875
2007-12-18,257.01333996122,262.7852874947542,248.3521433994016,255.78538211121887,246.235822490538,998284.1213836478
2007-12-19,253.65766659687986,267.6715477587545,249.79684595346373,262.6289184526273,253.14065141873007,862934.8592569269
2007-12-20,263.54324929933784,275.7891749667395,257.9458939827533,271.57133204530777,262.0531722382256,869806.9584513692
2007-12-21,276.7412858821047,280.5465395255522,268.4795012753058,274.95114596180855,265.2894780048018,1174102.6440944881
2007-12-24,277.16511545780565,285.9714035360768,270.2421207046514,280.02789533919855,270.181665026271,334248.7910447761
2007-12-26,272.9525431540019,281.476991972394,266.88131864871633,277.8324905726238,267.9347191081656,543359.8282442748
2007-12-27,281.50091637802683,285.9154695518378,270.42656598096073,275.198485676149,265.54929800629753,604196.1613914133
2007-12-28,280.0458847948508,283.38898006408897,268.59190484538766,275.5283650042554,265.8651432359769,606237.8637074085
2007-12-31,273.9424883926167,290.0046418773479,265.1248559315711,278.3363326755087,268.5254625012196,659468.7624920936
2008-01-02,275.69445578537324,282.90958358607486,268.1884569351494,273.5421650292393,264.02625167297816,936464.4181818182
2008-01-03,280.1930990200484,288.18506257934104,271.4075218340324,279.8779680021783,270.3540638369876,903710.3356271505
2008-01-04,295.28262086094674,299.22659994344065,283.0683324725888,290.8448039523043,279.21884873318305,1142791.2274718399
2008-01-07,265.329604188327,272.19373639636115,257.8990895191986,265.2737151919867,256.0276584969868,1220009.6695815115
2008-01-08,268.91153619892634,287.6551951437465,261.7350771417949,272.4524409342214,263.2804783030123,1245247.5507653859
2008-01-09,273.5560262004927,289.16229558403876,265.5740163327067,279.9162551387201,270.8325719818424,1367237.671254301
2008-01-10,279.5363649378226,288.68301924655736,264.38102020310777,277.7160498378089,268.49986978522196,1285557.9473189088
2008-01-11,276.12467608926,279.88558664984754,267.1720921213671,272.9564780026461,263.993903276925,1074992.6953517587
2008-01-14,275.82934562975424,283.6030105730715,267.21838290561874,273.4459122003726,264.5175926662648,961771.7955611128
2008-01-15,274.9345320576329,283.081453264009,265.1333746719761,275.4622680212268,266.7089688592774,1253366.0221390708
2008-01-16,207.22486204914503,208.76990711609469,192.57630852100235,196.62806172106278,187.9448558277434,1524786.2785108387
2008-01-17,274.8872541541218,279.9780796151637,263.77994825180747,266.902590601721,258.3725120627315,1456357.2900405868
2008-01-18,270.08675540229854,276.31721943236624,261.210331155446,268.4694303459718,260.0152169476679,1449319.7028553498
2008-01-22,258.9874805663648,268.72340350154235,245.56587448854404,261.97520200174785,253.6243759684366,1630937.6170212766
2008-01-23,256.6870238346256,278.51203951334554,248.63363951730983,273.39490564796796,264.8986725898836,1915626.9011882427
2008-01-24,276.4689261074267,280.9597743607497,267.087215339704,272.2037904737415,263.54403062767784,1407480.0857858486
2008-01-25,278.1261562007148,287.2236690451369,271.7477657434189,279.65393719276335,270.85907735041764,1243130.295276822
2008-01-28,275.0127102939967,284.9440432458602,267.08470432184004,276.9839872142668,268.15956287547294,1042276.129153605
2008-01-29,276.98909452549054,283.6399129556542,265.8916843635598,272.0239319464042,262.99503240289056,1083100.5208852869
2008-01-30,282.1033660239886,293.03905666951596,273.1934116991994,281.2655800258964,272.24968461206083,1162025.1994364434
2008-01-31,279.7701534607381,293.87092795042224,274.2124148628905,287.30763760583017,278.190223426194,1360217.9338557993
2008-02-01,287.8261680506301,294.6165140577591,274.2655590852851,282.17780189593344,272.8850158938789,1147665.2321932851
2008-02-04,285.0823603467489,296.0163590460576,276.89537570191305,285.57246866913596,276.35618896551665,893989.9796747967
2008-02-05,283.25545287470936,294.90365111776543,276.88762542941225,282.80003521215696,273.7450372012516,1129018.7551530295
2008-02-06,279.0863047399133,287.64379625149957,270.5765645258218,274.94840236504814,266.1022319221526,1116908.5238540692
2008-02-07,277.7436597325976,287.05284141910346,267.8983853432344,274.95964081642893,266.0259696211322,1331983.6835876673
2008-02-08,394.3455698506911,398.70446887797965,381.03685506558185,392.7574857923326,374.0792487957755,1001298.1341463415
2008-02-11,269.6142556328655,275.53970481378656,254.83127247378098,262.7570629564407,253.78071474423922,972989.8110555903
2008-02-12,265.6381219960283,269.7972842556022,247.29595064917106,250.75919376200693,241.75654371005436,1024084.4480925578
2008-02-13,186.6871807707082,188.8005142440701,183.45242268367397,186.18840032266533,177.03410002956173,985836.4954012051
2008-02-14,258.89220054283294,265.2481138894975,249.21249081585648,255.64403435082696,246.57949002613515,1063710.6882389546
2008-02-15,254.86203746917,257.92990589260506,245.30121299616363,252.23191442004776,243.21583050056464,890334.1812206573
2008-02-19,253.61782824585202,258.28586708616166,246.4078220011678,251.36497174716837,242.1976279987676,1050254.144099379
2008-02-20,249.99720793659475,255.2978738096045,237.17516617244823,246.30144929837053,237.13078754215977,1040996.2130177515
2008-02-21,266.5426580829083,271.3803302275121,245.5893196321862,250.09276349908956,239.33522280794713,1198744.803416149
2008-02-22,230.588810767734,236.77783915874969,220.89815310240186,227.49107345141036,218.38862233056653,1065592.1337064677
2008-02-25,232.0279377928425,235.49778019312578,218.6929285464544,226.29171370310178,217.03774097450398,1015492.792199688
2008-02-26,229.92683994628376,237.568300265424,225.18590235110474,234.25272046432985,224.89045486900173,1089929.335723192
2008-02-27,232.38399360695993,242.47136410966473,228.50365902297025,235.95189081581813,226.57433945848237,1074274.1556178026
2008-02-28,237.51413443447632,244.03402917126576,232.2108127487255,237.43978869778545,228.1100920245868,1016002.5512740833
2008-02-29,236.99863279148522,240.37764576721193,228.04255234910536,231.93655610338433,222.7531699212474,1110545.1431244153
2008-03-03,230.12668256965827,233.36379639511304,221.92199006346723,228.05672850309688,219.00335397510997,1105170.8906882592
2008-03-04,224.97336187293863,231.70927046448222,218.69877463983562,227.1979215209614,218.14063221448527,1239594.734204793
2008-03-05,228.5664247063034,232.65570976728466,223.43149903104896,227.2562601745746,218.23770697405703,1090975.8733665214
2008-03-06,227.5949574059954,237.0409634945997,220.04723422908336,228.56767100610747,219.7305641370277,1058016.8558081593
2008-03-07,226.76041747721902,235.8469029358442,221.62606006738457,229.85049067526884,220.95723496233495,1106589.200187383
2008-03-10,229.26541388031683,235.03858818254287,213.4487753926834,218.5485885151135,210.0266379480769,1050808.7535870243
2008-03-11,224.98042954940203,232.38879219560565,220.47444906695205,228.1691602054699,219.33692698447308,1188933.839525445
2008-03-12,282.63893585114926,458.1553399297016,273.7033160473442,319.18361421253087,310.59116056500295,1068249.9333540953
2008-03-13,362.0165185527464,409.58792639895955,320.61266611198613,349.98668258667846,341.3373068033885,1227850.3846153845
2008-03-14,356.3348036779281,358.80326492133133,306.5394248843088,318.3896064379774,309.93583301772975,1196564.6379525594
2008-03-17,310.1743445393029,313.75068267121526,270.14759181596446,283.4439625716048,275.17230203787636,1236325.2013737122
2008-03-18,284.05917042127766,309.3332648514536,278.2747381637503,303.2617388470416,294.7110898114144,1357282.3566108008
2008-03-19,295.0897582986802,313.58171611955584,284.414392710589,297.3236664838313,288.99229188662133,1354627.8163201986
2008-03-20,297.96057007119344,312.8041374121648,283.6834220951478,300.54971726229434,292.00028141316096,1440114.407857811
2008-03-24,301.5666364710274,314.6649471899205,280.88825994736914,304.173048245659,295.3288745955477,1120504.156073002
2008-03-25,307.28394040171304,312.5942070403793,290.8772201722726,300.30840412745806,291.5568013004619,1034575.4491762512
2008-03-26,299.4011085020581,308.45943554665234,288.9994459936443,297.22045895529226,288.4823712346796,983010.6122322261
2008-03-27,296.9859279487368,320.8207336944179,286.2035461823757,301.20921238678363,292.5470479418156,1039063.6741085271
2008-03-28,305.304938112009,307.55288924095447,280.75563437677476,284.12537630974475,275.44794366242024,902472.8949658172
2008-03-31,317.0044274970683,342.5816041980924,309.1474712461165,315.36671913758926,304.00396938676556,1009477.8649068323
2008-04-01,290.2639889104504,305.82360423243864,278.8176567989918,295.4488946477075,286.5835464480029,1139204.1481020534
2008-04-02,297.794684277721,310.39757870835297,289.75987654417725,296.59465942353216,287.6671198754834,1069071.3710027942
2008-04-03,302.32965703994853,310.7382222920503,288.75247223031243,298.1922788224049,289.2353435736838,976421.4467556659
2008-04-04,302.6990132959916,313.71184868102284,294.19458836340095,304.5451208439075,295.5825321301575,1100213.2770228537
2008-04-07,303.9615806255765,321.19168413216664,301.7209717666824,309.57458846205304,300.5583118835645,1019739.1590979302
2008-04-08,172.18788304485795,175.06539603147704,170.32660444095794,173.5849867731138,164.77173740925014,915929.067725362
2008-04-09,304.84099282743887,311.222205113126,294.1182252819003,302.8688557277827,294.0252991218005,886613.2556624264
2008-04-10,299.8506188496361,315.41540154849883,295.9041034147497,303.0383101398663,294.1273878367092,916135.2458048477
2008-04-11,301.7921474737251,308.6260255969057,283.72064745781813,288.37339133924513,279.62381728786295,945761.7557275542
2008-04-14,292.2894779699565,297.6911860367389,272.00191000109345,277.9070880851459,269.1359290959956,781677.1130785958
2008-04-15,284.7686198286809,291.67850928563763,266.09834171418447,277.7472663103441,268.90128867317543,875728.9418893723
2008-04-16,275.44257796270983,289.73963106276545,270.7827062789735,285.32980600629674,276.3280328166033,1064037.545623836
2008-04-17,285.3390698035392,293.0324782146082,277.35728105155994,284.97483935374373,275.9552642083039,924713.771641328
2008-04-18,288.34975933275297,297.04196521795603,277.2199879841781,285.31145045787315,276.152251543052,1097333.4965838508
2008-04-21,276.85031384855534,286.1807633257297,268.1439934965678,276.0859697535358,266.96855489638574,926954.5737248841
2008-04-22,281.810842704597,285.5648335147171,270.9576685216879,278.8907506892404,269.7105769723084,1012500.166769802
2008-04-23,289.08842536690014,297.6658111556594,283.21059974244116,291.6159326894761,281.16288534463297,1155679.7182098764
2008-04-24,276.97826176960297,287.146542567906,268.14744348143137,279.4165620864799,270.3153967130152,1249237.073275862
2008-04-25,303.89613144205117,315.82134504868037,298.0450334707947,307.64458435428566,296.61450346945963,975711.8361266294
2008-04-28,321.0350327600754,333.52757323467637,312.70874045628204,321.0343152129828,308.7451462082489,920608.0859616573
2008-04-29,295.54142625295896,298.28693582598237,282.5820152733505,286.5543278205215,277.4060363479433,988380.9962928637
2008-04-30,280.45605737835365,288.2834711487937,274.3838783370727,282.46826242613946,273.3672440456987,1129722.123682579
2008-05-01,286.52037694864094,295.8662703805889,281.75002194434035,290.77892523747056,281.3360783156642,1017167.2112096264
2008-05-02,291.29899878987516,295.5261327088612,281.34156156940935,286.7596189402371,277.4176077540782,992255.2075941488
2008-05-05,286.722645702264,291.7082014705518,280.9988033843258,285.4689825120528,276.02301265440394,761988.0059134765
2008-05-06,285.98196828468633,290.58290151837826,275.30784606790934,282.4498620729508,273.0694976806366,913715.4488530689
2008-05-07,283.1003658975065,292.82657199196825,274.1704992062219,278.68469289506703,269.29995729286964,1083023.6894313968
2008-05-08,338.5446652586549,344.71357711437446,330.1532242362226,338.51567465610526,323.8702510435304,1017722.7018518519
2008-05-09,275.42719012770834,280.9694223334885,269.33190421272053,275.3243386866916,265.914305238969,883348.7196665638
2008-05-12,271.9648265387797,284.54330714016754,267.69502628050844,279.6902346012348,270.24807496036,855037.1752704792
2008-05-13,280.72544731810484,285.95961472415945,271.78197367131344,276.62475537643104,267.14939643395377,935560.2129171817
2008-05-14,221.68001029784264,229.17081692315864,219.5340704547445,222.51364952845447,212.9604521942903,1040676.4910686305
2008-05-15,277.68329569578617,284.1190961612873,275.25012712435876,281.42808232228924,271.82783035384966,942379.3836886005
2008-05-16,283.535939063161,288.4462308775998,277.39128263141197,285.4403824613863,275.95578501711026,967707.1774543202
2008-05-19,285.48065472000206,292.2235031010749,273.03788087208267,280.311510250072,270.7906984260759,935306.3603464274
2008-05-20,282.93851395034136,303.68054172530753,268.09775449184497,295.3267747419095,285.8954638061108,920302.8306451613
2008-05-21,298.7968112411823,302.2114194636393,284.1105519269332,293.5994339134186,284.2539693765169,1023906.7660564692
2008-05-22,287.73674911357597,294.85439277013927,277.93597218180366,284.0243146813952,274.7017371474213,946523.8234384663
2008-05-23,294.3583589165506,300.5651821668518,278.1377337325991,287.15819608060207,277.91175820889544,989087.1264226392
2008-05-27,284.3867552014548,294.70465498641664,278.0572725175469,283.07046191327095,273.85280060486036,992987.3783451245
2008-05-28,281.32467199961127,294.9514298787462,274.88846735027766,285.4092244757663,276.17837802302836,1092411.2566235366
2008-05-29,292.1679030854308,302.6147444278326,288.0406903207557,298.8897262724328,289.6447493318234,939795.1508500773
2008-05-30,400.17325162340575,431.8586166428393,394.72892504284863,428.48632862399404,410.2703246691476,963300.890813486
2008-06-02,326.0921736215429,335.4447571780671,313.7927218665388,327.7630508760531,318.5734607871338,863350.9126934984
2008-06-03,322.37116365658443,330.1072009542603,311.88703280801565,319.5506067954637,310.3586006463415,1042945.4673879443
2008-06-04,318.0944567563197,329.0224353920166,315.29879280294807,324.5829496888649,315.4163575401449,1146886.0522755228
2008-06-05,322.3520849897874,333.46905344248256,318.3043308950162,328.9009500210877,319.6152659409792,983843.2359133126
2008-06-06,321.6316472697079,323.9171989057516,304.7406522827329,308.6678670299059,299.50139928844493,1153260.8763109192
2008-06-09,276.1438994572077,282.94640128064236,271.30486700823724,273.334490739565,262.89900918025444,1018628.4871369294
2008-06-10,313.2829256279326,315.1380868020453,290.4214484845465,298.4532413053132,289.6066898811562,1044253.4077279753
2008-06-11,298.68507779121103,305.7755637939713,284.4733241680378,293.2819115232997,284.54845214283375,1026320.8372021046
2008-06-12,304.32153843935066,308.9539520613747,292.9973387761316,299.06072921774944,289.4459227900935,1095555.1482737362
2008-06-13,291.2907954430209,297.15462529507977,280.2443379434655,284.52166107632695,275.76127223782714,981525.1555555556
2008-06-16,287.3214691104488,302.40159283073467,283.051329940496,297.332378704989,288.5456809133329,928769.6645061729
2008-06-17,300.5676780939315,308.66059974529185,292.99850004261447,304.2639116133355,295.42620048228105,981273.8536660505
2008-06-18,302.3519963481317,310.81822531995005,294.98089030250276,302.2191136402585,293.38809346258495,1145145.6843076923
2008-06-19,298.7666046576169,308.28690195525655,293.9320838802173,304.02749651415894,295.2711840435758,1029725.1963456179
2008-06-20,298.1357226861172,309.421857782512,287.34678938645146,297.6840774179175,289.07287626241015,1335260.0283775448
2008-06-23,302.8487508768263,309.68507687059923,293.03450616705777,300.730375285383,292.14725809920856,961439.533065513
2008-06-24,301.36531853506085,309.16996055728254,286.8016333878427,297.0721455731547,288.5667496471163,1039240.7434149365
2008-06-25,298.31053056148755,304.3292117461148,282.9455162034997,292.09356162714226,283.4922445722551,1100051.341133005
2008-06-26,289.0129646993905,293.5380258017039,276.8630956426944,279.98170779081903,271.6105606092977,1159223.8460591133
2008-06-27,278.3886849639275,288.03400936892797,273.1170804035568,279.84367713147134,271.5078676687796,1560403.9051139865
2008-06-30,286.7970856182183,294.59770867353166,277.15033695983846,283.3029892060653,274.9160474470207,1086598.411275416
2008-07-01,278.978586935268,285.293356527489,268.29088296622956,278.05916914545804,269.8043348528637,1406518.736923077
2008-07-02,275.43924556564724,284.6738279399484,261.5258763138262,268.62865897308166,260.57604905193307,1320081.6359729895
2008-07-03,268.01286558358464,275.0549856853469,262.91949422227736,270.87077278503205,262.8894021929113,807153.0641104295
2008-07-07,273.623271982475,278.07481822284024,259.34176571245075,268.2585031111891,260.3517870724019,1314182.7229026332
2008-07-08,267.78797391611005,281.153012558589,260.4615859758768,276.41560950789244,268.32464466985266,1512510.4321253072
2008-07-09,278.17614966057425,280.7615026619527,266.92670029373033,271.19914965884186,263.2017750170108,1362466.1224739742
2008-07-10,272.24846928766874,277.46549030214254,268.8869429193334,274.45820515860265,266.4443462175863,1295651.3562865048
2008-07-11,273.7918436694463,278.41237924342516,266.9536102872577,274.25407958064125,266.23753236090704,1308558.2532347504
2008-07-14,275.22223124204714,277.75663072136473,263.4634994167997,268.15336121338663,260.22394859677445,1137755.3476658477
2008-07-15,257.7304053354349,272.23159678685994,249.95253252598818,263.13348127474944,255.33159484413346,1435584.401909455
2008-07-16,162.3982454699007,168.5447662073364,160.70842183495225,164.15503038863088,156.41194607372668,1366465.282992565
2008-07-17,274.63903032627974,284.6530264361568,268.62071058810375,278.9991262611031,270.9424182408256,1438790.2151898735
2008-07-18,274.1550364466139,290.98323423157433,270.2591191601403,287.6734296507278,279.65216180304446,1194539.6283866996
2008-07-21,280.29452725376416,288.7783082335123,268.0927831452719,276.0594224964093,268.0367831777936,1047475.25781729
2008-07-22,276.9559013240536,297.42326433402275,274.0858531676745,295.0291471470143,286.8465500479261,1337370.4322660097
2008-07-23,293.8378604122079,301.5834233365049,284.43761483574696,290.39689333762317,282.187895543101,1309499.7162704538
2008-07-24,287.3008141443145,295.47880591488894,276.3166699918402,286.14506018354336,278.1454686937226,1308214.86100861
2008-07-25,282.1149472124443,293.40210805627896,274.5902741637251,282.2414148346832,274.1619291570423,1043311.7623304562
2008-07-28,275.8752491927537,283.54953432815097,266.1870323370237,274.2673452459517,266.26637177048053,952521.7715782984
2008-07-29,270.995871321496,284.757925728016,267.6189140194158,279.85204304200346,271.6783289668247,1154873.0896722325
2008-07-30,279.5131649881306,289.19881900965623,273.87596520387285,281.89382876190433,273.6408991625329,1171448.9345330438
2008-07-31,278.4214551753053,291.1465487721582,275.82491389670145,286.0576271380407,277.8096174863678,1125867.7416253102
2008-08-01,285.1756297975853,292.87764384412344,278.4551560445784,281.9633028879892,273.77641849856,1006737.9322139303
2008-08-04,278.46861827150707,282.55654588667244,270.71278359445773,274.93868006054396,267.0175334201836,987535.6951257373
2008-08-05,274.67637704014834,283.9146605891853,265.45551700555154,279.3700807405232,271.40627624863697,1239996.297806611
2008-08-06,276.76656981052327,285.13977963656407,271.13150505773694,280.4202831543877,272.36565237888277,1097193.9764851485
2008-08-07,277.18852876216465,286.4460762373072,271.39839221090983,277.29401872278703,269.380916405084,1103638.0597893433
2008-08-08,272.91103553981606,283.7002002881215,267.14173631914514,280.5861977631527,272.58399893542094,1072944.0826086956
2008-08-11,276.2536972606527,284.2279353073692,271.3373693537658,278.03660614768773,269.99747129926624,1158100.078784119
2008-08-12,274.76585029134947,282.12421357733365,267.4590750494891,273.5681089976225,265.6971034136787,1050135.9395348837
2008-08-13,276.35710244577217,281.4758778115759,268.8036283019654,276.7271583015281,268.85016746347554,1059519.3242405455
2008-08-14,219.6669197288784,236.8365530426356,218.12565448959765,232.56316083652794,224.39506059095362,948038.6663524976
2008-08-15,282.9191932220274,292.1933780115117,274.34988788223734,284.13583707943155,276.11731786838266,939512.8822070676
2008-08-18,285.11214114357995,288.52969792587777,270.2367833155262,278.50668568136314,270.7698635017322,904974.1760024488
2008-08-19,273.11224463486235,280.83268095976257,265.3759180887261,271.8549190611797,264.2711620579915,925456.3757668711
2008-08-20,265.8112334077044,269.09488130220427,261.25590281342744,264.2239623044789,256.65995015642886,889709.3763871763
2008-08-21,265.43306094076047,270.9118231667239,260.89137296005396,266.7201206153984,259.0666626490373,875556.4497240956
2008-08-22,269.2124271147761,276.649307380686,264.28977067426445,270.5257074079774,262.8691842835684,766718.446390169
2008-08-25,270.6761242588373,277.774817749627,258.2919628249596,268.385001241635,260.6433087093378,738617.8659097883
2008-08-26,266.8280998723211,271.36100526917755,262.12419947110754,265.1432950303168,257.50235709180924,747397.3465559656
2008-08-27,261.92452898688174,270.9775581987345,258.64731704836584,264.7911157733012,257.0497729155982,722265.9210202828
2008-08-28,257.0708682788536,272.62826177212986,253.24807618356905,269.94337524790524,262.1080546883673,776459.9640221403
2008-08-29,271.0202428891613,274.1943950322381,266.2946314528957,271.22003325734175,263.43720105635384,724871.5332720025
2008-09-02,268.3881361733981,275.5342443409634,262.26637446193644,266.56579953746825,258.9751312312644,992961.3188673438
2008-09-03,268.13387128141846,276.7286573093613,262.9149035983995,271.65444209216645,264.13106872448674,1060375.7808177068
2008-09-04,271.43564959788773,277.4873267341637,263.00612311856935,266.91824941863905,259.61711595766377,1117362.2364532019
2008-09-05,267.3948175243258,271.87601108590945,255.0550320446228,262.9593161299546,255.6903240149177,1062730.146777675
2008-09-08,259.714969746633,269.1618328343589,248.9588716405543,257.19182675849237,249.87199669884424,1248849.965485362
2008-09-09,255.1167123466754,262.2753353880756,245.19913473228434,251.96323191140704,244.93964293058283,1429039.5604057792
2008-09-10,252.11396284697585,257.1803293223868,245.0023805022494,252.16642775801517,245.1143417247424,1255333.8226797788
2008-09-11,247.78297923324834,254.71499904726628,240.84654091035068,251.76336148077692,244.73090133465897,1205252.2900246305
2008-09-12,251.44712100164236,258.0810236943277,248.36555703387972,255.13730623866343,247.9419096846631,1118104.168100799
2008-09-15,243.45930112551352,254.52692741076802,236.41611436592586,246.49818199148692,239.7232360150333,1319609.1232329442
2008-09-16,244.88848755395895,255.40348393599072,237.4689012609729,247.59274615790264,240.65066423012328,1669548.5728334358
2008-09-17,240.06445468261774,246.43964215129475,229.85934434230225,238.28245378984238,231.6808697477252,1775013.7307574365
2008-09-18,245.76273429713333,258.11704062266216,232.0440898197089,252.46347668916192,245.53940880388456,2035321.8613587457
2008-09-19,255.91637702302475,281.05254060262257,247.62888799627223,266.17191651882445,258.8890720847356,1796963.5640946818
2008-09-22,261.4566972325937,278.1677519095304,251.79776123508054,269.9827205235128,262.88800960643084,1139918.7226813592
2008-09-23,257.4262602938485,273.26551415450257,248.35505636905822,252.97850319982956,246.0661580036816,1076917.199938763
2008-09-24,251.84888786509882,261.2884482748825,240.98915557218774,246.80637192293926,239.94746601258908,967578.0606803555
2008-09-25,251.39266618168836,261.8185791638805,241.22093848106474,251.78305678820047,244.8910282686554,1024336.3468013467
2008-09-26,246.05956883212053,255.2538525750969,233.69154408319818,241.68784994520954,234.90596441103844,1005429.7058823529
2008-09-29,242.62882933122978,250.5101848067616,221.32422195953006,233.1385594611314,226.97982538444964,1597537.7823295628
2008-09-30,237.77455044464898,245.2996572552889,225.2763023724844,234.98462196965798,228.57255267761178,1274998.2612695491
2008-10-01,238.31035320947382,245.246518674562,231.7708859746571,236.78885376354793,230.41216283198446,1122046.0303030303
2008-10-02,235.58696659585493,247.62187670037682,225.0506523736771,234.29965217556907,228.28989958749915,1329516.5519142419
2008-10-03,228.10608472725224,239.70291553958893,213.8302356654303,222.27969232569578,216.36003167475272,1467043.9205136043
2008-10-06,223.59440234315795,228.81152027725358,195.17936858201963,211.07760650235622,205.54559973493625,1851925.3922888618
2008-10-07,210.5733507700127,226.1790477985147,196.05839245284662,208.82123523747066,203.54784784858484,1621574.5739210285
2008-10-08,200.73132449168983,217.6709269410063,192.39324339932804,208.8442662721421,203.78596182583874,1992679.9480122323
2008-10-09,212.82538116807885,226.2895320432547,198.3197320791587,211.5785155363405,206.91461897751023,1728570.917611026
2008-10-10,207.15652092714572,234.1982690771142,187.49714251791116,221.9337590546665,217.27703749463384,2360450.7833435773
2008-10-13,227.91382665200882,242.4350925252192,212.98434912564048,234.31325047101214,229.10171401818013,1464387.2685469037
2008-10-14,239.87751844274212,248.15119823826822,213.5239378073127,225.10089703199174,219.8119543640646,1709853.1169626454
2008-10-15,225.66432156532696,228.74322615269764,199.80329440662254,208.52316175084414,203.77537654394945,1476114.576063667
2008-10-16,107.00378585334667,111.4307659254995,100.79661565014894,110.02044151740544,105.2817737736865,1922246.5039152463
2008-10-17,208.4193174673786,224.01438615017105,189.38811350906752,214.05356468035978,209.1949106721436,1504913.063973064
2008-10-20,217.23617458509563,224.32675510174755,202.32182326126267,216.85663927658484,211.81430356631603,1198672.7967603912
2008-10-21,216.86044126273805,221.0216554108656,205.13080354499908,213.4188840913769,208.4767309647129,1228950.847209515
2008-10-22,211.68176824265524,219.0503184647778,202.20079775044005,211.88688562066272,207.2490030115573,1511299.8257020756
2008-10-23,209.8673230154065,212.94029228863226,188.62376359562697,197.87774145595446,193.3241711695557,1705806.4534313725
2008-10-24,189.24916969567653,197.65741748335265,178.9361481038043,188.6861436393677,184.3291337690514,1504432.7054689887
2008-10-27,190.99731362542323,203.01951005692501,178.16016179255374,182.9223134016982,178.7193278723486,1263559.4522137404
2008-10-28,184.9036065837402,197.78754041907138,178.5544710320405,191.9502951983232,187.48434338107538,1601189.7181762545
2008-10-29,195.88249602180733,203.81066760912861,181.8773559917462,191.94315335508978,187.34509568297693,1591386.43853211
2008-10-30,194.51340649730076,206.52645214915887,189.9353236387242,196.06953941878797,191.3355495242014,1420458.6105166615
2008-10-31,196.7305166741377,207.47585363183723,190.46103131808727,203.39816602270164,198.45736305060356,1427763.188627331
2008-11-03,203.2102287578352,213.70420164802687,191.25933419241414,202.0562415249784,197.11909263864615,1031725.1514966402
2008-11-04,208.10110901876632,219.553930456021,197.97708638546607,213.29191010612817,208.14384865812696,1299469.9798719122
2008-11-05,216.72781745529073,227.13156486029246,199.29072059549094,208.22340722476338,203.362767057248,1252080.1373626373
2008-11-06,207.18241376139716,211.4037837348998,188.1179037297953,197.32383244945908,192.70733236663816,1322259.0312022024
2008-11-07,199.70912585490555,208.115706332071,193.0497878811938,201.19785312977626,196.41730417121104,1032509.0208333334
2008-11-10,204.9970374150036,210.4524736558665,198.64355586202214,203.12348646140563,198.36721766958112,994742.636002445
2008-11-11,204.70916833374295,206.17286823081912,192.09619339314304,197.1533493985749,192.54473553394104,1101057.6323844506
2008-11-12,189.87452497902146,192.39966475312693,174.56065256188572,176.94261727122236,172.65761099800434,1244525.6094276095
2008-11-13,166.63054090707254,170.38942745661248,151.37329950990718,163.88571407534798,159.2997949024972,1814774.3244582044
2008-11-14,176.22097875756026,183.7002999261673,167.88572384560112,178.78805239599342,174.4254935901227,1341973.91478314
2008-11-17,180.99071057175644,184.56892404686852,166.11493272545462,174.8639115703542,170.53728549011683,1130214.2156383628
2008-11-18,176.94593100104368,191.0760642258909,168.32664022527462,176.0762942769688,172.07716608923602,1328546.5295197307
2008-11-19,186.77404210536167,188.12543102263524,163.26371116644972,170.55216810445074,166.76452985538123,1404562.6895814238
2008-11-20,167.5974651446388,172.96087406705036,153.92154563813514,161.4243825092386,158.00304037734855,1866312.5444546288
2008-11-21,163.95135133456054,167.25906762503186,143.13169630600484,154.14585870448693,150.59030210950064,1936894.5679804462
2008-11-24,154.16958399428012,159.22994489024993,142.94232014545295,153.60856828743465,149.7887128761221,1616606.8651616839
2008-11-25,154.94569904515652,166.26106659851743,147.38765571163745,156.21135009100522,152.32587460166442,1509346.5849633252
2008-11-26,153.9629869967116,167.3930915257458,147.62659524431868,161.1436509805307,157.11609631267078,1251659.101400731
2008-11-28,163.01410009705123,167.40479861532253,154.20697413333502,159.34129396498452,155.2558432496167,541231.6743761412
2008-12-01,159.44462895850043,168.82564213939423,152.9011012003567,162.65495830788458,158.97421329906356,1263220.7061510354
2008-12-02,162.1765338156605,171.08621884730783,157.20618133187455,164.73883250312537,160.89238384139404,1348674.5497557998
2008-12-03,161.97602875782033,167.70072874955537,158.0156839415697,165.52965771460157,161.64761877724763,1404990.1879378618
2008-12-04,164.75012674469826,189.98408279117672,159.8637801311481,175.5909950872849,171.80772725633463,1296970.3561852528
2008-12-05,173.70373197649104,183.04367826930616,167.16032412082959,178.890314201133,175.00607119001018,1322412.1674318947
2008-12-08,182.64312952125928,194.65743483987424,176.29364836599885,188.73361590920143,184.67684142382174,1419567.6370302474
2008-12-09,193.62681205974673,202.73391413050075,183.41909960835,194.66393922988073,190.68218624848072,1383330.71968312
2008-12-10,195.14125086215773,202.14231487825077,188.0918122828655,194.20617983991767,190.13075130002406,1143201.4301863734
2008-12-11,190.89320652117144,201.2486212147522,182.5653640605077,192.28301163902776,188.36118953255894,1270205.0970992367
2008-12-12,194.7603159674835,203.01694785641484,185.77992669183294,201.1649127156962,197.1638413824902,1206507.0585365854
2008-12-15,195.1510504351342,204.0503036346094,191.14995651196813,199.31991851072848,195.4029488230313,1051855.9504257909
2008-12-16,200.75802894603987,207.23773226611632,188.76798825806023,198.9083580250122,194.79760581839426,1322880.8664425428
2008-12-17,198.9248134910214,209.6094863779417,195.9539572794311,201.86237144640577,197.6675439632878,1260918.3740853658
2008-12-18,194.4408064574225,197.09515927732878,175.61647345763006,178.00497205136523,173.97523892866877,1197930.7133251834
2008-12-19,178.66540130263996,195.8316385864375,174.07399985701412,188.58059159538004,184.56440809257361,1401600.1742586365
2008-12-22,179.4052643879359,189.03286717017673,172.23077058142889,181.65605623689552,177.71472116363282,1038534.8836784409
2008-12-23,182.48975220912686,186.7439500390625,173.51326471438128,182.2262270051463,178.2639109342529,811797.0551829268
2008-12-24,167.3275711182519,184.27339095693063,163.27447487883427,180.037407336717,176.10092936247085,321857.17376647255
2008-12-26,170.00800473553954,180.27508339859423,162.6955511030705,173.37510002765873,169.36736364086363,369689.6229153799
2008-12-29,171.11804996101878,176.45991271034185,156.1848505511162,166.38945888569395,162.51003429686205,731241.1914764079
2008-12-30,167.91977533348665,181.6399332441444,156.76620742897185,173.85105998636922,169.84909838588,829826.5719927097
2008-12-31,166.1473869386159,180.05481585396365,162.73986265953377,176.23670247868534,172.12995398240835,872973.9032258064
2009-01-02,173.74746045465585,183.19001673193642,171.9549748189838,179.16126369862064,174.96406180881635,871095.0243679561
2009-01-05,172.00830783697447,183.14651719981356,166.820866603451,177.8656596605289,173.61815281577526,1156242.1310428702
2009-01-06,178.94562307814698,190.03909965537105,174.08880228134967,185.76735691677712,181.4349650593875,1310401.8611449453
2009-01-07,187.38204943850187,195.08847911063424,179.70650184983896,184.11864022961038,179.92091922835198,1133473.1817627326
2009-01-08,185.1427956922744,197.5242830221412,177.97591269183954,185.32229315336363,181.06448140213286,1129908.2295530557
2009-01-09,192.0879173806626,193.9655524234032,175.36631523882957,181.03358834967995,176.87951414270495,1014878.4925282098
2009-01-12,180.02540584780692,184.69660569949187,172.0424103372195,176.45840951144416,172.41213225401148,1054977.7494672756
2009-01-13,171.49162467265123,182.07145732843605,166.87486174576136,176.68390639923692,172.62272825711136,1144932.3109218131
2009-01-14,173.20088216062635,181.91331915073386,158.12215230093508,161.3929455648027,157.49584846192317,1213410.8235473076
2009-01-15,124.55847357796168,132.59999749646437,121.65282253377548,124.23779146925662,120.51893971269511,1579824.8456284152
2009-01-16,166.69506355445856,168.55641630883733,158.32298115208621,161.08644701563455,157.06814528302104,1379182.427399757
2009-01-20,166.84109962539281,171.25024750640387,157.5187881698436,160.06286781664636,156.28870030167462,1428327.9972644376
2009-01-21,164.4347610060188,169.47832516557156,154.13370053551773,163.83364678976213,159.91225361047896,1479950.031306991
2009-01-22,161.350764819097,168.57678149550264,153.6828629789694,162.28490111951763,158.45253266598354,1345658.138550548
2009-01-23,162.34143358498693,170.67837211205838,158.82222159502274,163.0545112869913,159.20680218002906,1301620.0158391716
2009-01-26,175.8642861979092,182.274865434943,164.6740066492349,172.60676328264864,168.7172111842632,1137166.9219512194
2009-01-27,170.34722033073095,179.15799817697686,158.83456941261346,167.3892798758026,163.4465177863475,1064813.7248322149
2009-01-28,178.39183987967806,186.08783936054195,171.4646781825876,180.9279919596043,176.8624644242071,1374829.1449010654
2009-01-29,175.59370835997655,187.18406186629934,165.93901170721958,178.23027137130458,174.249509199147,1138689.2358864816
2009-01-30,178.4988046132027,188.7900003752568,172.06508190563812,182.29328783851932,178.41790209840818,1304955.980469942
2009-02-02,171.36426793308877,187.11347014477306,167.31014955063657,182.59654353760152,178.7211936175086,1195411.4326630104
2009-02-03,178.02380031810213,187.17733427013926,170.6966691345032,182.92982909155953,179.01572292397142,1233783.8110907984
2009-02-04,181.17541694018107,192.64860380715635,175.1771072322851,183.9447931493222,180.02471274246204,1439133.5089366857
2009-02-05,184.90511782855992,193.81113678837445,182.2387951087895,187.27056825021378,183.30790391101195,1532858.0437556973
2009-02-06,184.73342466771894,197.1876670239735,181.18839358798797,195.08061080759455,191.02370614497673,1531981.2145244607
2009-02-09,199.24554693766314,206.33252593586502,193.44590288853212,196.12429735475135,192.02496448797422,1201882.1526092233
2009-02-10,191.28708090885667,196.27612172637137,181.63111546527236,187.25651705696882,183.33515612849638,1584283.4092980856
2009-02-11,184.53455611852382,190.87030363213768,173.65130310118073,186.87955087384978,182.94267379434706,1287669.7484047401
2009-02-12,173.48762844780566,181.32802799334857,165.9506522403992,174.7924726799918,170.88087440081534,1422897.564
2009-02-13,187.36364906127557,192.49880056520126,174.79521786476948,185.05369464744382,181.15013810173446,1145214.8125568698
2009-02-17,172.02365414375254,185.46031344923085,162.52846502326486,178.81370864393233,175.11163154516962,1373600.137248935
2009-02-18,170.7739155182954,180.67245390580794,165.32439829317093,174.19038219832404,170.53874061421175,1324156.4367223065
2009-02-19,167.85984386136204,177.68842411884148,162.73932665829628,170.11928806526154,166.50533652808548,1357006.31778249
2009-02-20,174.11878406034006,176.70073804265007,153.4442813176747,160.0437754298785,156.46679036307367,1782678.76597033
2009-02-23,162.50617696533692,164.75116948695248,148.77362527853745,150.33310843409976,146.92356727825205,1433606.7036474163
2009-02-24,148.44068153821073,161.2102265425346,144.47594450154963,151.9416988066126,148.4095466573319,1627877.2611077297
2009-02-25,151.8861625804427,159.59776632897086,143.41295693600586,150.95154633563513,147.45021401050394,1596118.793544458
2009-02-26,149.71224221441824,154.01266459347988,144.77953769323398,146.57365462515915,143.0973856072808,1476314.6289978677
2009-02-27,145.0632430336283,157.83848671018293,141.04255837909747,151.60514071015254,148.1746480401243,1660968.925
2009-03-02,148.24277223860406,150.17673760158104,138.06651151787824,140.32385199324509,137.0896543569602,1622921.8754946727
2009-03-03,141.26739892068915,143.72904731592894,130.3748183156991,132.9478600449742,129.75865845203796,1667322.8226495727
2009-03-04,133.7804984699469,137.31499518271661,127.32493075924594,133.49042251760847,130.20419481451427,1637004.7749391727
2009-03-05,129.45377917753433,131.48039398889307,121.3839436146833,123.36648126817131,120.23897168588718,1560354.6442748092
2009-03-06,124.35955089450694,135.34406680399144,121.89946046840804,128.34354501630517,125.2353181404318,1611436.6802201162
2009-03-09,136.4958851973547,141.8209912306724,120.88659364934965,131.50323285886242,128.43794851266685,1351739.519877676
2009-03-10,127.69640827065798,139.27933652289087,118.3646282603562,134.60164419387232,131.35286800395136,1714476.7609027142
2009-03-11,141.79508822882,145.70056228204248,135.42522003261294,138.92268026632888,135.6818528229685,1539476.7659574468
2009-03-12,136.0714790098385,142.40940326293597,128.53229433636997,139.51604827444595,136.12829567707152,1590192.0876445526
2009-03-13,141.28842647060972,144.7664744585284,129.31222520424336,137.13240819013188,133.71001302702663,1372229.3734756098
2009-03-16,140.12638729492207,144.38873778480266,130.77136583282478,137.3500259863838,133.95099974494926,1437887.7191386109
2009-03-17,135.3989985073505,147.07229813624517,126.24975373368319,145.3536701232274,141.86365226714506,1316130.7819343065
2009-03-18,149.37255110150994,154.46853987237571,142.045564536517,147.48161799539153,143.86163721948074,1709720.3272450534
2009-03-19,147.38743318181548,150.915901470325,135.43765672704194,143.3149916001053,139.72193395852761,1584574.3759489828
2009-03-20,133.51156131776855,145.9797593715049,129.45664916081176,139.13035180885413,135.58231525677638,1554467.8613227673
2009-03-23,143.3219375726411,149.04822226782701,135.91835119944616,141.88501532459873,138.1223014608706,1558286.6669710807
2009-03-24,140.13617322464972,145.00582117500042,132.7005963429159,141.8585318807316,138.18620063160225,1478484.6705167172
2009-03-25,136.440885781444,148.35404021441238,132.68131386754837,146.17796134393367,142.47212104364064,1610651.9433962265
2009-03-26,148.54383292295003,153.53897268540683,146.31708201436498,151.43675196739963,147.62132412971744,1533796.0307907627
2009-03-27,151.5023591519678,167.3197650763055,148.70934628020174,161.61909495961518,157.8671152639963,1208279.2590673575
2009-03-30,156.8364294965025,165.47347501732708,153.40752017015652,160.04618868892067,156.43950881174058,1281714.6595615104
2009-03-31,163.56571465480607,173.8533159559158,160.00849717979852,165.8060595133446,162.1580984891502,1382222.4116392443
2009-04-01,155.9349670296991,160.2142558874728,148.59891894678034,154.96186104004332,151.2630086628086,1332195.2795371497
2009-04-02,178.60259095455413,189.70702951860235,176.20571050500956,188.13632015335477,184.55043505048806,1986611.505446623
2009-04-03,160.17920933197814,165.8050842537371,156.1028466249764,163.69586421238455,159.7753233462135,1357871.8577087142
2009-04-06,163.1856750051929,166.48936071632684,158.57534257155942,161.3311138701855,157.50421352750112,1221158.5772851503
2009-04-07,112.21508987343122,115.48681083698536,107.72252271292841,113.82342552283485,110.36322798089708,1189783.211080586
2009-04-08,153.94498826367072,159.55487457538268,150.6855046960893,156.96702026794253,153.17569209091042,1157941.0179331307
2009-04-09,158.5490374264372,161.3917891154759,153.23915158146488,159.61517046802726,155.66989702252766,1662694.2615803815
2009-04-13,152.76570753517237,160.1640002940042,150.40819029377894,158.70967087919252,154.72419867975594,1209682.8192918194
2009-04-14,159.9938153477567,163.35340894807834,155.0197740296693,160.1501125849796,156.27790473896206,1462134.9790782293
2009-04-15,160.42380979964042,163.17905647376227,154.55078904451616,158.82315225165613,154.88925494371983,1373772.4448818897
2009-04-16,160.02868139377696,165.18928847783192,154.28663077800414,161.66506790457478,157.66171865197305,1419950.0561797754
2009-04-17,156.88055761764522,165.09858432478018,151.98740255244743,162.8772425222844,158.83364087827488,1448730.2646969236
2009-04-20,160.86491844553333,163.43145024140404,149.4861422991342,158.31861247098334,154.46995857992422,1453407.8473444614
2009-04-21,158.44894730640988,162.96950134782165,152.53016958389404,161.20082768032265,157.24581425303097,1588687.4019399818
2009-04-22,158.36274520279798,163.24864389443795,153.2028607142445,159.702371858882,155.7596856031438,1596333.056231003
2009-04-23,159.95562134779146,162.2358284147504,153.94786867194523,156.36633131127618,152.3997029247903,1548014.1104368933
2009-04-24,160.76465902753995,165.03940881196536,156.00036946578228,160.56566292727499,156.48634251000527,1577544.7324414717
2009-04-27,159.64900280103095,166.74577976320379,154.24271952570984,162.3610101271756,158.38695583369642,1395383.0394058805
2009-04-28,159.90686939585703,166.96627067640077,157.8219085724511,162.5374504821609,158.5640933158812,1298753.7032667876
2009-04-29,163.58770806826254,182.0158199777402,161.19292459592512,174.43872654129834,170.365771585648,1439158.9227963525
2009-04-30,182.60044052784193,189.19639388601215,168.56228698101447,171.293794148742,167.19676739326172,1622443.5098814229
2009-05-01,174.53760028271952,189.6496950333006,172.05446615845423,183.9574870289909,179.80797425268875,1110400.2308399754
2009-05-04,185.8654605197134,192.20395895426884,175.44408515010812,180.9957402705564,176.67134133362939,1487608.164945322
2009-05-05,185.01616333222702,190.03475753266034,169.7700257363276,178.9327533256315,174.67751651971022,1480180.982716798
2009-05-06,181.54678543516843,189.79077679980568,172.54986170537052,179.0303485863412,174.72691350445814,1726041.4801695428
2009-05-07,184.0609360977326,191.23716343551146,178.372152049091,185.9426752241022,181.6816811036872,1878818.092615012
2009-05-08,189.1780750052453,194.47008865270757,184.66012140532973,191.48769833889958,187.0648558111545,1573182.7137659187
2009-05-11,191.2194055853802,195.20038856333926,181.1940398490057,190.72633223145044,186.39624903075062,1290147.9162875342
2009-05-12,195.565826479472,227.50165627549347,185.45483395661608,211.85258699360688,207.53479514813696,1391580.6273914364
2009-05-13,213.87331361222604,218.17520147908715,189.4573407545437,193.31399795756084,189.16782457809006,1467815.8928354585
2009-05-14,189.17720882905925,203.65780442417562,179.49757679166626,191.75109432525474,187.54012133474095,1295907.3448382127
2009-05-15,207.104989084857,215.62912907706882,193.12881057886543,200.82008276735445,196.66514671305018,1248835.966545012
2009-05-18,216.7474997865124,225.33885892966288,195.93028229549887,215.89256783706344,211.61233913736586,1375779.4397699758
2009-05-19,216.4709099839077,220.86445975579403,199.5549576150662,207.43443253495994,203.1250495681111,1529777.529873265
2009-05-20,211.22058704287477,217.36228313623096,194.3577159714617,206.75997407711188,202.42005591241372,1641379.5909502262
2009-05-21,209.30896447414924,215.43416109721764,201.39401192424788,207.73655055131024,203.4471451035102,1343232.765506808
2009-05-22,206.91266946508873,211.9254258622418,204.04810632803785,207.7053178002208,203.3874933970839,1090127.8993957704
2009-05-26,205.4302984715022,211.8627985782369,200.46240034364422,208.56843072156127,204.1781969497707,1432209.871678744
2009-05-27,209.31500126429154,221.96818490455732,204.67363511177803,218.32031578407347,213.991053236289,1380649.0692261185
2009-05-28,219.85572805962482,223.19836405869967,212.0962572691291,219.67772222504104,215.28540119415874,1406029.1770927773
2009-05-29,222.05014690400753,229.6806242989196,207.65056529165122,214.30387952225283,209.85769315929534,1356814.2496958638
2009-06-01,219.08424216723571,225.92121300553143,205.06144736742777,222.4726123046113,217.91072607072016,1427520.2826350941
2009-06-02,224.04790257730406,228.3104159409623,210.4926811770228,220.90904750133438,216.2801234137871,1385701.4157064888
2009-06-03,218.26329522277277,226.5912531817613,212.67292177720273,221.8797206208889,217.37503857082328,1260354.4516717326
2009-06-04,217.39948028087497,227.2935551515926,209.03373276035458,219.94625420976618,215.34890353495143,1215509.9108009709
2009-06-05,221.77136039268845,230.4617988842054,215.5570225538827,225.82141112753106,221.1862046711209,1268988.98
2009-06-08,221.9209675645881,228.10218784711446,215.85987929527872,221.81028788151102,217.26027022886097,1082950.6383752653
2009-06-09,221.98681893600542,232.22545933831736,215.4436483255853,221.66816890697234,217.07213710224408,1110607.9711596842
2009-06-10,222.2994419590142,229.80657119802476,215.76271132159684,222.71504544205663,218.1426630002771,1277402.7696509864
2009-06-11,229.19840486265159,236.88672932831201,223.4534874375218,232.01072019615867,227.39686045006783,1317183.1635867918
2009-06-12,226.10492094778365,227.53476186044182,219.15957783799445,222.8140374720612,218.20701532841093,1125405.9724742891
2009-06-15,222.25130085741253,224.17560685880017,213.2013634091592,216.8164436403198,212.35907469372708,1155805.9429784652
2009-06-16,219.9110672803761,225.66534513559148,212.46588968477948,221.0750799542676,216.64316328098758,1203405.7508325765
2009-06-17,223.74003007473988,232.92182570773713,216.51827273207294,222.58808838972143,218.15623614967265,1360952.1703030304
2009-06-18,224.9363613345663,232.26327453036137,213.88326052793101,224.10077828756673,219.70306829920477,1086105.4266263237
2009-06-19,224.75130669795058,231.67571181361734,216.6465684988902,224.87216763231334,220.43489978412015,1399043.3696840827
2009-06-22,223.79595802478457,231.71292356869432,213.8154080628972,223.29418390989898,218.99167792147801,1274448.2974530018
2009-06-23,222.95917443205204,230.57195102483277,218.71821214724503,227.23849821477413,222.97838965527436,1249108.822208738
2009-06-24,223.90542525997523,235.69718197864296,218.93711835214373,230.51389069167664,226.19425724831405,1162893.9960534305
2009-06-25,226.99903370195113,233.08990434616393,220.8519541881546,226.33036055318212,221.9536215058315,1168792.2796841785
2009-06-26,229.17734145321322,232.3737467919481,215.9246904986018,225.46966791698986,221.05504389578505,1589698.4183922047
2009-06-29,221.93576592614443,231.926961557847,214.9813979904576,221.91776152211213,217.4875708568427,1020752.6774682011
2009-06-30,222.22482653591453,233.5363643897477,213.47908104201125,225.16892764610984,220.75620000549998,1109140.3685010641
2009-07-01,224.8468303895545,229.17031869633246,210.71428941900322,222.0327824418787,217.56043641502785,1105003.7190807378
2009-07-02,217.10429063528002,227.5676347556077,207.6008282746414,221.81702866132073,217.4574763888728,1031015.2368979098
2009-07-06,211.1645274198513,217.9502248960699,201.7102338629202,210.5711925751431,206.26868062111453,1141416.9360993337
2009-07-07,209.35761560671892,211.07403147737017,194.93218616813732,205.82342839470408,201.57878482684453,1100442.1483616505
2009-07-08,202.8964509740452,204.6051948365591,191.30086284218547,193.20836232375785,188.9976731606432,1396123.6177184465
2009-07-09,192.51978732060553,200.0050957316975,188.02331586820762,190.73155052604494,186.50681602516983,1005647.0647613256
2009-07-10,186.46015083978577,191.0713362941698,179.81141236280027,185.0899100194662,180.8748582182469,931944.4502125076
2009-07-13,188.58806162978476,197.8073598678357,174.03893915139943,185.14043711551048,180.85601297214154,1104000.9600242279
2009-07-14,181.69726156006277,189.36945776206312,170.8876618987821,184.48775642669148,180.16555876065945,1040024.9508147254
2009-07-15,157.46851072425923,159.17259644525035,150.2776019757705,153.19431257857818,148.98431829072186,1365722.7229299364
2009-07-16,179.33655976488285,182.09980837397444,174.5555175450333,178.45798881225997,173.95751102548516,1111777.087416818
2009-07-17,180.93192281478684,185.35107905182684,175.6283032961201,179.5025224613988,175.014615174312,1096956.5039274925
2009-07-20,186.73695217923657,192.16063854045487,174.08078002943452,180.36630481360098,175.79037011740414,1138929.678926741
2009-07-21,184.3503117280588,196.78531083383905,180.0694581751154,187.22321575910368,182.62683927284462,1128759.8543748108
2009-07-22,188.34240365109474,193.8708961649384,182.89134404872541,188.6543702201054,184.05034009690368,1109794.2444847387
2009-07-23,189.91643183187725,195.8553175646023,184.9216184875422,189.58502086816583,184.8960578058862,1395971.8870723585
2009-07-24,192.91082450351396,196.78038714212826,189.17671782676518,193.5106471292064,188.76930882902144,1066028.3701239794
2009-07-27,194.75758135083134,208.5826324523581,188.53854275168226,203.45787350839777,198.6238926507892,1075452.9704195594
2009-07-28,201.72537512573885,210.4059162875202,193.5278628546294,205.42091587736616,200.66355724103263,1154230.9824826336
2009-07-29,202.40274961520626,207.46684759320866,195.575828210252,202.49451469033772,197.7477923816061,1098423.412636034
2009-07-30,200.89716192867573,205.69027836633592,193.62958453734007,198.83598386115003,194.08235874978806,1263779.1891810214
2009-07-31,191.90069205369937,201.3305115827874,186.31556669029197,192.94464994445516,188.159421583473,1143659.5841644001
2009-08-03,192.92316288640913,204.5274714210504,187.34381609846395,201.2140719328198,196.3230607331004,1221248.9209175974
2009-08-04,205.36000345078472,221.7731162965429,199.42857383603467,217.6612931703623,212.74946617950903,1208720.1695376246
2009-08-05,221.68553861709208,228.6135149214026,204.9642974081763,212.98195724830478,208.07384264451167,1248204.5633675316
2009-08-06,214.23757986989833,218.3354329076441,206.13815303046965,209.63618202730774,204.76080760118617,1220568.7880434783
2009-08-07,208.70085154077,215.6577487524907,202.99368588949585,211.2060920051613,206.2023050936565,1230109.1092665258
2009-08-10,218.0757138985458,223.13153580733345,208.87255240038036,213.79831275276484,208.8381480529526,989218.2607648298
2009-08-11,215.73515334145716,218.59363928655827,206.79741622320708,212.72467975923334,207.90585955536997,1054882.7197835238
2009-08-12,213.3306823436224,216.44147631215046,205.75358989698776,211.7632323243174,206.88068908513,1094627.5276941601
2009-08-13,201.24323930847848,205.13427390518197,189.74595254422402,195.83305031144806,190.8986188838762,1113082.502437538
2009-08-14,213.17337902030727,216.66142359032958,206.56441100240744,210.90001278461847,206.03744132371224,1001636.2663650075
2009-08-17,208.52435975013728,211.81385772605364,192.84130924222248,203.55012681458396,198.81880605859456,1112436.1371016235
2009-08-18,202.66268875232754,206.7852458412302,197.24200170124007,203.8455205599933,199.04130810640964,1040669.5093037215
2009-08-19,204.46172501405894,210.0710373335796,195.473218700645,204.95999414264324,200.1231601940493,998039.5061728396
2009-08-20,201.15147838582,205.54514858358652,196.8348190301222,203.1480538456059,198.29644890284112,1005162.060378492
2009-08-21,209.13785110253292,213.86266484022354,197.4247333827548,204.52436620979933,199.58031177007956,1141380.3183599638
2009-08-24,204.33070813998458,216.29058397826262,198.19655396623466,212.181921770487,207.13303879535974,1060540.8135694987
2009-08-25,212.04007546552538,218.85333263404533,205.86100278999785,213.11721740767177,208.0421956982268,1070759.5302437556
2009-08-26,212.8903252378525,216.86514757741875,204.07068270443506,210.06511184970987,205.0860058681725,1022105.6657649534
2009-08-27,214.99045225486387,217.85071311028156,205.94155650496572,210.15082365005338,205.15158698945834,1043235.9714543269
2009-08-28,209.45150880977766,216.96551704913,204.50357111414743,210.98155048785011,206.0923495641484,970370.5496688741
2009-08-31,214.016003643145,216.090479950823,196.79275866104712,209.11865376449657,204.21749317501113,865408.4914686166
2009-09-01,206.08100062890517,210.99209908496027,196.30103231827178,203.86759187732252,199.13756468788267,1343713.2409638555
2009-09-02,203.02017481101737,206.97540851752186,197.82683794159783,202.55335136190556,197.84093377369402,1057997.3421766656
2009-09-03,201.22588447824913,204.68462414834897,196.39703344076335,199.45641632497043,194.7074089976557,980268.532769556
2009-09-04,200.80268965577585,209.7460357818471,197.1256407128848,206.6722378266559,201.75160316157294,850747.2593373494
2009-09-08,209.15760737676774,212.28032461472776,202.83522145721287,205.78341576308847,200.7761713153564,1086865.242013261
2009-09-09,206.71308943477598,211.1577611409925,200.79688464051338,206.5054926202265,201.46515028991936,1164497.2220548359
2009-09-10,205.80697055425358,211.74347994111483,200.03575972806078,208.10107610795566,203.02078125637476,1266427.042406015
2009-09-11,212.47055526623694,222.06158347153507,205.67964211505395,214.3615615641155,209.1870844555024,1141075.2447932388
2009-09-14,216.78277353955338,222.15130325929343,207.47442662127293,215.3739651072219,210.25880139670716,989175.9540785499
2009-09-15,218.5464904465829,220.83255490633613,211.3301347753314,214.0321224586583,208.79193981267585,1195493.8006033183
2009-09-16,213.80128778258532,225.89165808123582,208.5198361306453,217.41960746784878,212.14825827060926,1337983.9824984912
2009-09-17,215.10373190005913,220.28150289039053,208.00956931721785,213.32012606608802,208.0656208463279,1329414.4781429002
2009-09-18,216.2920815022392,218.76918036963997,211.04707018867384,215.4281237615868,210.06181145279228,1323668.1495920217
2009-09-21,213.04983965942603,219.3505842723124,208.7925524022309,216.22472229067185,210.9578256303917,1027955.2039274925
2009-09-22,218.6571125614483,226.71544080685337,215.56647295424258,225.1042994607871,219.7763733482146,1040537.9171955273
2009-09-23,223.61769595529591,233.39332934930076,217.03706041780097,227.72484182901593,222.4365783305179,1195255.9039565085
2009-09-24,230.77199286608757,232.98447993424074,217.83048867488276,225.33856526286357,220.11966886069158,1212445.923657212
2009-09-25,203.4891317831965,206.8387111444768,199.58343979811175,202.9521290378876,197.6538165415014,1131215.6295013851
2009-09-28,217.8739391731416,221.64495576715456,210.7018966024513,215.73077398689688,210.44719311742242,883935.4034981906
2009-09-29,219.39055339628018,226.75873246915688,213.6919633844976,220.91345770475752,215.62607708074216,980868.8383197341
2009-09-30,224.17138409010553,232.48779504904556,220.60628532638827,227.48350342716623,222.18562721353817,1300685.5350030174
2009-10-01,230.08164879138891,234.0256661699217,214.87120361201855,219.25993765093438,214.0954351588695,1259074.2226928896
2009-10-02,212.79222526962332,224.5664795393047,207.72139861821609,216.67893058404073,211.51899457914354,1175877.0387526492
2009-10-05,216.82687343796587,220.66043132059704,203.2154595668171,210.42874516955317,205.21145357649544,1038548.6949562066
2009-10-06,211.10254427804963,217.56781735591775,201.79804080881746,210.16694523986132,204.85525982369953,1181184.918126888
2009-10-07,208.16864096200055,218.2346165112954,206.73155380145468,211.32973259313712,205.9916839928746,1008640.9280966767
2009-10-08,214.55082770776306,220.20035703245418,209.979091661186,214.4347420608031,209.03797555775736,1209756.9427020506
2009-10-09,211.64748145341048,217.53121809861884,204.83941405047923,210.79384230012343,205.30986253172384,968122.8767329716
2009-10-12,206.93097482894217,217.3587202987574,204.02824274572367,212.09868666566803,206.68924498608106,927598.3886041604
2009-10-13,208.7321622201297,214.14531595701933,204.96182272759822,210.82073549091675,205.43419340260326,1100941.735117258
2009-10-14,212.57823349823857,216.47732145039797,205.7732709995077,212.17462888670204,206.72926475303655,1403053.3689262148
2009-10-15,188.69418593323311,198.38573639277215,187.4345790320192,197.60447720909679,192.7343799714977,1172649.768673608
2009-10-16,216.4044554836424,219.75533147303358,213.40226996464176,216.37826104709174,210.92055774583233,1220163.7143716177
2009-10-19,212.39885497380962,214.66020215127855,204.21060799026023,210.32391150347686,204.8268557396838,1084096.5932712527
2009-10-20,213.62602032096896,217.09383085646746,194.12046660011262,209.53164015215683,204.06783104284682,1209532.545509162
2009-10-21,206.49025702115657,210.7289509618373,195.1392092616862,204.40634462650752,198.89690340843023,1415461.2674069628
2009-10-22,203.71336422301604,207.7026618956717,200.33882103178755,206.4625423325609,201.01457200499271,1244620.020156438
2009-10-23,206.06923346857414,210.47698871203804,199.6217381527907,207.1040880045794,201.66592480454494,1093824.6409791477
2009-10-26,210.8148604103856,214.4040242102404,200.57501079770665,205.27645610876337,199.94689862010074,1242540.9771222156
2009-10-27,290.3075392651232,291.270041479049,265.6558800500732,288.80593757530573,283.7989990679323,1244373.2908204712
2009-10-28,193.1748953375107,197.82182588565283,178.84851536745177,187.69203813155514,182.59473316662164,1439014.9903439952
2009-10-29,182.8222741135833,194.89809341258362,180.5985362633765,190.84704276477893,185.63334411324436,1250490.5285067873
2009-10-30,192.11062180054802,205.01205760945135,182.2729324928003,194.91265556545824,189.83893725999553,1549415.2444310656
2009-11-02,192.18995918306817,196.6652578277183,179.75985557997546,184.59288094527437,179.41712187267947,1323685.8454845485
2009-11-03,184.75472113792102,192.6676192426716,181.11295926466977,191.07617680223947,185.95246698273138,1179109.0129752564
2009-11-04,194.64703534386283,196.68642063289408,180.237815801928,188.41120142472602,183.2659118252834,1244630.7666566174
2009-11-05,189.17154557437513,195.3325478102969,182.74460156372444,192.3190761449924,187.07941427759496,1127979.3285155073
2009-11-06,185.0730076069105,191.8697215967753,180.89221459426062,187.78928907417023,182.45252249010787,1010515.7630388906
2009-11-09,188.66134552600633,193.34636029180223,183.09621541516952,188.95540572643785,183.59787169554852,1060379.0342857144
2009-11-10,189.9679572598607,195.8235480232947,184.68931212293745,191.73812392497587,186.40532303489348,1001115.830075188
2009-11-11,196.2264307518962,198.96634736885335,185.07297453351302,194.29399030108993,188.9283334287587,970926.0604875113
2009-11-12,187.18929432252023,188.15592015406145,175.51789735940596,184.88749846478754,179.58000830613864,1001407.0067093626
2009-11-13,186.948589016436,199.35668615184244,183.0202666579961,193.69122400372083,188.36156735317078,904741.2930878358
2009-11-16,190.74743299084864,197.3461142925332,185.44472517628785,192.2805526579509,187.0323373343773,1034547.1284983449
2009-11-17,193.7837476947066,198.12085752058735,183.32115914763872,190.52121175219466,185.30623821524546,898619.9161910483
2009-11-18,187.90618731540675,195.15003712122484,181.26164606649434,188.28791916015555,183.0557231328547,930733.2868753762
2009-11-19,185.22164073880472,188.87124134998953,178.3102380674153,182.86002837277934,177.7085158563896,1026434.0753075307
2009-11-20,185.33806145975961,193.61254554617017,180.48826239996117,185.87176642568068,180.73439297108192,931378.9303797468
2009-11-23,185.70543102232003,190.69089267358132,182.00852604866816,185.84344377793812,180.63955808300656,931564.7084837545
2009-11-24,185.11911669157914,190.82594523717242,179.49405500783305,184.74095727562678,179.5657153318832,905967.2222222222
2009-11-25,187.39581912488103,192.04235528798654,181.4019162464334,188.55848050803348,183.36228251090046,777540.1091454272
2009-11-27,187.27924659132023,190.97687532649334,178.2464826191301,185.73715923503636,180.61832286783735,554155.6993680409
2009-11-30,187.32051798811094,193.8434455057275,181.56322414460075,187.6114913278004,182.51800337581813,1089822.3065145602
2009-12-01,185.50409949662483,190.3877025083809,181.50361728394435,188.19184473626754,183.0108577800993,1074266.5123197115
2009-12-02,189.24212547750008,197.5270003740058,184.10527386755703,191.27849482776807,186.0621829550954,1039480.0682706767
2009-12-03,190.4822708965343,198.64136522272207,186.34110699685317,190.43148176605825,185.26256250086604,1129851.979658989
2009-12-04,195.94800757266276,199.32165680514254,190.55351089299992,194.53633436248057,189.2945549419457,1453054.4729123018
2009-12-07,193.9326628505,195.76126279362853,189.9468494871213,192.3694490064935,187.14329261962465,971009.0611877624
2009-12-08,194.07551528989023,196.06233773743534,187.05881900265567,191.66499383655145,186.49861287342182,1044411.428957645
2009-12-09,193.3240364329103,195.57219256546455,188.94295579614663,192.09992529418432,186.96633469392006,986347.2147147147
2009-12-10,193.78762199083434,200.58364505017516,190.72839674822586,196.02902315946403,190.88642029482236,940072.8584735577
2009-12-11,193.37252523102697,225.92690226139126,187.45065308270037,218.98533176418078,213.82229648036164,919753.0084058841
2009-12-14,224.0753954965313,240.10469420944685,209.7208263015462,234.0570799100632,228.83233205516,895945.8592904389
2009-12-15,236.57755373133767,245.96379648778796,217.5796095774566,229.7972857082523,224.62817153354575,928121.6627697842
2009-12-16,237.2542192022305,245.59312273267557,228.42747883828537,235.56100737270313,230.35116462094743,991209.9185628742
2009-12-17,236.46234744087553,240.89544009599211,218.50892162249943,222.1917709182446,217.02108011697558,1048630.6017964073
2009-12-18,228.73841320396383,247.27672604890623,223.50532708188797,243.8419943009355,238.49365042131194,1463783.174265147
2009-12-21,247.9965116123768,271.03612356776597,244.07035519373693,265.596155963494,260.22343815061777,848394.3373313344
2009-12-22,265.4356732313517,312.5318986664251,253.89583490898684,302.56161650614104,297.1813933406634,809136.7988005996
2009-12-23,306.31914880771524,315.5263679374682,276.0784482169891,307.34075277458544,301.92983988604993,754684.1755223881
2009-12-24,311.67618577855166,350.2869970390808,306.3233837464913,334.39875921070984,328.92083059755544,316709.85085354897
2009-12-28,337.3009708029496,339.8513317571628,306.0976013054029,317.0167565961874,311.5072447445694,594864.4221090473
2009-12-29,320.8277484702013,324.9523536534464,290.99410893523435,311.54793048332533,306.12073067064705,579147.4647550776
2009-12-30,305.471659951964,326.1017078030254,298.81504894256085,320.7483318261486,315.3357118789008,565424.8457399103
2009-12-31,318.9541439069203,408.70730562747565,310.77801353537876,372.16378031291345,366.7556785071021,530471.5537537538
2010-01-04,369.46305339381814,423.47790892740954,350.23928424382706,406.31260489137526,400.84860772429994,971608.5692537313
2010-01-05,412.48096989598776,416.4340746250948,374.6346493974541,382.9775535324972,377.520730008196,1116763.740519558
2010-01-06,376.14233306567354,378.5057649579268,319.9169871506484,355.1110514412708,349.6717994881842,1135990.5448050015
2010-01-07,362.6968306341048,379.0254234355159,333.0357984642482,343.0015438993576,337.5244556169729,1194100.353974397
2010-01-08,343.8404436246461,364.8605240954579,327.56195305653966,357.1886253343758,351.664601501751,1047111.3842026825
2010-01-11,357.6917333988761,366.58759500714285,340.78341757789207,350.7907324335148,345.27785554829444,1032690.5682766845
2010-01-12,351.05463918886227,360.12138170386294,312.33698295518644,328.32164670597257,322.85546205535076,1094259.8844431173
2010-01-13,329.0348529080828,350.03229296635845,324.2052529712648,335.23609166507276,329.73180836141336,1010238.1978545887
2010-01-14,340.0234615086596,348.45876804694944,326.21252404691774,334.3115198187612,328.7178231848857,998427.6078665077
2010-01-15,337.1325486089752,340.4181806426071,311.0442595584541,316.45659979716663,310.9123723777497,1315062.366527943
2010-01-19,310.9072898321187,365.3437516221814,306.2102101208663,350.163157629115,345.2206849031217,1139758.0178970918
2010-01-20,340.9419814876841,355.184335880635,323.58184178228834,340.12940966116594,334.71347671793274,1159209.521778043
2010-01-21,384.4426716804711,399.156351101883,366.05072630491713,383.96878795823295,378.52193492113764,1382956.821785591
2010-01-22,355.7777816828,368.06574747101075,332.2053886240033,341.98868130660196,336.7204733274737,1473466.8786161647
2010-01-25,345.3282907728801,352.47251923639806,328.585139501078,343.3012227410612,337.93903579050067,1195844.855231867
2010-01-26,343.61322235316703,347.4399580452997,327.20589763303633,332.3024358461883,327.05308724634995,1152765.9242017309
2010-01-27,332.7544728429327,338.6010999140759,321.03054113636256,332.807749487568,327.5554049069913,1261768.5454816583
2010-01-28,334.3774178877827,337.603820517723,321.0610577805411,325.76625819914244,320.48571118606617,1348399.3226094728
2010-01-29,329.1549703672388,339.9090868879282,318.75395965285617,329.4077381491738,324.24025811828824,1307583.282906492
2010-02-01,323.28546737734575,332.6454077418723,317.82501277482817,323.3355695650085,318.1107019528983,1022262.0002977076
2010-02-02,326.6473400086871,330.8430643231281,320.2881391718083,324.42738322144316,319.1347093810756,1225931.819126819
2010-02-03,321.4300365738598,326.6446338032831,317.2154924582353,322.27659149292424,317.0130072579699,1122902.429460581
2010-02-04,328.679210236703,333.68019548507397,317.6911410512585,322.77870178467776,317.61328607143093,1377589.1409036862
2010-02-05,321.1009889286728,324.01134021627104,303.20666220419923,317.071709779832,312.0044248204173,1500883.1327776124
2010-02-08,315.0991351231838,322.6149256644898,303.65906378584856,313.3285120152286,308.2884507296402,1006609.2467261904
2010-02-09,306.8228377026264,313.83133818285904,303.2902475629447,308.88090843736853,303.80641251901613,1205596.9449732301
2010-02-10,309.7269596846233,312.37878540189087,301.79901749074645,304.53241710241326,299.36726292110836,1078753.994962963
2010-02-11,300.73890692654675,303.0147065149579,277.2334892917152,280.46314285253476,275.2202184608302,1042204.5393629808
2010-02-12,285.8842984379267,307.8874803265631,283.172202203989,302.361960150975,297.2467300026911,1048603.0463320464
2010-02-16,301.05164677113373,304.78806766617834,281.2020943805371,287.69565334531404,282.5145594416156,998046.3713017751
2010-02-17,287.7762334259813,289.92304289162206,265.870354043698,270.7542749308419,265.5453332466219,962497.4749926013
2010-02-18,274.2714029780429,279.6496053901245,260.60664923224823,264.6723979704293,259.48289338039916,1065984.9409332545
2010-02-19,268.2756360937965,274.1339792529865,254.8672527137184,265.54655220495397,260.21623276216434,999054.1954329775
2010-02-22,280.4558039850021,291.4231791497087,272.75368390683053,280.1423958316726,274.4505769421754,937097.8029585799
2010-02-23,278.81888555059805,310.85660712418127,273.27642357577224,304.5956029209338,298.96136125004716,1122688.9156555193
2010-02-24,182.21336234936024,189.41398442863422,176.06432942649283,183.66276635207345,177.9582981293437,1023705.7227313035
2010-02-25,182.79478057713516,185.2488804659602,172.1082151993128,181.01708462263812,175.39584199806384,1095659.561907583
2010-02-26,181.6381748940985,187.57129878085988,171.8642151748352,175.94948607194843,170.19954372214562,1096270.5753546099
2010-03-01,177.3947675734538,182.0768735612594,171.0267538524701,177.44322926869626,171.6642866289491,1050427.6621301775
2010-03-02,177.4467245444803,182.05064301910943,172.46731560219945,178.0089086840697,172.21391975365432,1086180.9943820224
2010-03-03,179.28075683293378,184.12283992176222,176.48112451889617,181.3601894537364,175.54100354061745,979206.5273425953
2010-03-04,181.03155588674568,186.57956260167728,178.13614192935745,182.92320940432822,177.09923586282815,909458.5965016306
2010-03-05,184.79341883511867,190.60660719466344,182.33979976508633,187.60970293244418,180.86245921558975,1121457.3177928592
2010-03-08,187.60216916653116,192.92606087826218,183.34302027986723,188.00071051274998,182.00384119875466,859350.8602309743
2010-03-09,186.95621041871024,190.6169165628848,181.25964487584878,186.1803468917308,179.33736366319857,1063921.0759231905
2010-03-10,185.2391892168215,191.54815067371769,183.26687135573766,188.11492495977748,182.17472000450093,1069953.585962843
2010-03-11,187.04527807593686,198.8032928248302,181.36875689669972,195.82781539629372,189.89262246745852,970423.3876106194
2010-03-12,195.15116069657907,202.3625109807692,184.87973434645914,189.57452920137115,183.61747834450938,996594.1521226416
2010-03-15,122.61282419965607,123.88010772541209,116.16380412935663,119.19149633889357,114.30079483902648,913242.35933897
2010-03-16,193.3399795032149,197.17942627630535,188.00426471039478,192.1311284402806,185.2794069906887,981422.934904271
2010-03-17,191.78106051257467,199.3877439937485,188.88327442439447,195.99718789627858,189.94731220682996,1079023.6586084906
2010-03-18,192.7678733578234,196.88525505739543,186.3401753859387,192.4620674726173,186.59052077121265,963323.9201532116
2010-03-19,196.29292554368718,204.27095933047357,184.79668172403558,196.12392094955706,190.26649817529045,1395540.5860643638
2010-03-22,200.14278405871113,212.98152017789076,192.1957805353486,203.84666810825954,197.8509152617323,1063510.0055915245
2010-03-23,206.57555885292518,211.96446170359116,183.60101319387527,189.55672671720856,182.7114273352837,1184097.2393413703
2010-03-24,186.17020330243383,187.2829061136844,178.82920188437575,182.60042495151134,176.68878496582664,1187179.6334310852
2010-03-25,185.143702416843,190.3323351898603,177.63716232443525,183.38120873480446,177.62947910067336,1247990.4543849323
2010-03-26,183.2575718948742,186.67842702311222,172.77579131794153,176.71178125637238,170.83739163373878,1174410.7311196004
2010-03-29,183.09234927624155,186.0856646053492,174.68875413230586,179.10234917219802,173.17965107121134,962596.8789659224
2010-03-30,169.75175989944506,174.81839875545,158.933306388834,164.39285764940573,158.90118617205928,987141.961787184
2010-03-31,171.5523626338767,173.87624189464097,163.67065893974035,166.7222470745357,160.83784827871762,1133883.7431085045
2010-04-01,168.60131250745033,172.64933137271797,162.5859549393209,166.27098416820655,160.47416297873102,1058353.2915443336
2010-04-05,176.9727942899466,179.29579561486977,169.54990660016392,174.8602585241933,167.99537257576407,803897.0504778973
2010-04-06,165.67124362548762,172.5632423130973,160.4885873474487,168.24049425886153,162.35340844151645,1063068.601174743
2010-04-07,167.92643850571494,170.39674836338685,162.68547639323427,165.0372949201269,159.17889439784983,1291379.355301699
2010-04-08,165.96333064172387,173.4571603915671,162.78587359510794,170.5326679762623,164.66507383054162,1191490.4379027535
2010-04-09,170.69772898990652,176.11012320363469,164.13619380765172,169.10051410329294,163.27241702995136,989822.0264628051
2010-04-12,174.92677465482586,178.70686385044036,169.19606639531787,172.12942707061092,166.1919518592781,1017797.9636363636
2010-04-13,100.3321587311232,106.89246863819031,99.62973166760594,106.25681415827586,101.421895136348,1060152.4137472284
2010-04-14,173.5311171518659,177.83382631395102,168.99791641808798,172.11125494732195,166.11602091389645,1172005.1468078846
2010-04-15,175.3600089422827,180.16156679462085,169.28896074149708,174.3189857262562,168.2826135722561,1146788.4782736348
2010-04-16,175.67422000897525,178.76692213825115,169.2747562299019,173.2087820008304,167.26114073877773,1477216.007048458
2010-04-19,171.3520752730391,173.19427788337208,162.63959456122737,165.93215069559508,160.04222044614863,1180312.8963700235
2010-04-20,171.2123847146421,174.51060961586631,167.2628974176917,171.3244070126139,165.25710837805943,1214400.856516657
2010-04-21,175.21673207443234,178.72976140926204,170.9239542810189,174.22744045141252,167.17783448215152,1060957.0502941175
2010-04-22,167.30783307952584,170.89768735329272,161.87446596814002,167.85299417946575,161.8985074269379,1183581.875256824
2010-04-23,157.13589242592158,160.1773811141763,151.58603966557484,156.1300530948558,150.48960968507257,1126776.966500147
2010-04-26,171.52961962179168,173.27464701185187,165.0176333406325,168.3569851681627,162.25990067124891,1060279.944525976
2010-04-27,173.5564235577102,179.44358135590082,167.0590549290479,174.26335208368167,167.3347784100683,1518462.5197541704
2010-04-28,169.49223798462737,173.6086742185172,164.3458164931403,169.9916460642548,164.0547798521701,1307082.072412782
2010-04-29,168.20936829212854,172.92561454465914,161.66573998160086,167.73272532730402,161.78450797259242,1211694.0346447446
2010-04-30,154.40081063619496,157.99537096120574,149.5499356743516,152.31005437795739,146.8471596583815,1253790.7134864547
2010-05-03,158.8829801503817,161.9632054947253,155.2377297855475,158.96801529823412,153.34893839362564,948479.313534279
2010-05-04,174.19326363467442,177.53305814453998,167.33179946748422,169.96440765829715,164.11377783522641,1385426.765739385
2010-05-05,170.95936630953983,173.40090975326697,163.8844197708995,167.8306358038529,162.050115200152,1390946.7589442816
2010-05-06,168.12446968652938,170.81124465275647,154.01447225131912,161.86309026745636,156.28996251224072,2003261.8087544066
2010-05-07,155.44836536817476,160.22298381533648,146.94585258437132,152.20429205781926,147.11920223215762,1949236.612412178
2010-05-10,162.8205975624647,165.57065566395647,155.9252799708532,160.73719605186994,155.09772618762116,1611631.2875912408
2010-05-11,166.382357376285,174.2350690766932,162.52461633449622,170.5484563015695,164.75639501345023,1243759.3517867604
2010-05-12,166.60672571172069,173.5681461251377,163.93019828320425,171.54711736384775,165.8010989738581,1146167.1274481146
2010-05-13,161.1008663855556,164.73744232783034,157.58360495623978,160.5412428653952,154.7992415212086,1089990.2977212192
2010-05-14,169.09533877062145,172.1169558853007,161.04994431653773,165.17209781658963,159.54634391095783,1248148.6985057134
2010-05-17,175.54997322458277,178.9918726437333,168.25368119774726,174.61989811055417,167.6767797692088,1233731.4535901926
2010-05-18,174.18698119890286,176.5085849058021,169.05644048544724,171.6780899500829,164.92023100451632,1428183.7944767443
2010-05-19,164.97237685246046,167.2331729173344,157.09609551446695,160.38904048917016,153.79294308248546,1571389.9965095986
2010-05-20,163.86649964018545,165.9694366731406,154.50460255680073,157.60628186099348,151.26801821787564,1708662.779338601
2010-05-21,157.31181837740908,165.46453386369717,153.89152849542432,163.394589804099,157.00789990242473,1756018.665885798
2010-05-24,157.10131888543165,160.21017744545492,150.83551547892242,154.96963894111002,148.71113408337027,1082440.3397830548
2010-05-25,133.43417800597024,138.88183981870452,129.89878550782993,136.40297167244168,131.55465730777343,1536353.5691271236
2010-05-26,160.67769630316127,163.61919343002285,155.0766237177916,157.6029071986581,151.33622392639734,1645606.7833430402
2010-05-27,162.45649169051637,165.63581892094905,158.80642382475486,163.93104048839675,157.42759283987814,1177875.7672313084
2010-05-28,161.1855451885154,168.3224221963479,158.46106975675445,164.2561733475518,157.73523462320168,1196684.4598540147
2010-06-01,162.1376885023454,166.99167379915244,158.2404344856024,162.2230437566973,155.83100778380006,1216904.1776871542
2010-06-02,160.35540885122052,166.87219970875313,156.4324859919066,163.1661517347966,156.64849674611546,1162536.8244386117
2010-06-03,169.84364472456903,171.96191650144033,162.46947829438588,166.56678225286984,158.9634835933265,1072296.6002337814
2010-06-04,160.63896078718577,164.15441670423093,151.21323287059977,155.75871827805153,149.40549524291492,1272645.2374670184
2010-06-07,152.2787503224636,155.8755892322081,146.41623526217288,147.64181200466962,141.39104378970364,1313870.723917466
2010-06-08,144.66090897898934,148.8269232716553,135.87532858005451,142.00087624496155,135.84103999592108,1327916.0336454066
2010-06-09,147.65009806614088,150.20029559323203,138.71432654411657,142.32918063744745,136.14630297849646,1175368.2743207712
2010-06-10,143.78216240497156,150.79655986580835,140.4426650086782,146.58423350173055,140.20816099529802,1097527.3766423357
2010-06-11,149.2670710527681,152.70804486224236,143.81350434129774,148.72063527775396,142.32515429002422,994494.8631732169
2010-06-14,144.93893659663607,149.31266129602255,141.56235018497586,144.42745941218567,138.0660148800052,949834.1883591694
2010-06-15,125.1625326475463,128.74086345854738,121.39197682294152,126.38791437569162,121.41353861390022,1031368.6327007299
2010-06-16,151.3265405475273,157.23721622619806,146.31834118235506,148.52527000951812,142.0413154609079,1102352.5261627906
2010-06-17,146.8054708428678,148.8105842664646,140.8652772460318,144.470522101528,137.94489943832082,961576.1680770353
2010-06-18,149.82444211866456,153.97863058696527,142.6824434574647,147.7836756374755,141.30458168093318,999701.6907759883
2010-06-21,149.0409751781586,150.5935317788195,141.58879575867934,144.29163338333115,137.8197384940569,1072455.0325486776
2010-06-22,143.93957608982464,147.7632006459606,139.71066683589268,141.17023340631286,134.83093835171687,1019888.1581706962
2010-06-23,144.28974181752446,148.5792482314948,141.58066220369412,145.6650190307281,139.32293719466702,987664.1706036745
2010-06-24,143.77940219359598,147.43805120111818,138.7711880924229,143.43318027790224,137.18553106515753,1050960.703930131
2010-06-25,142.5649770236242,148.26903298414328,138.29032296295216,143.38772627240286,137.1537263956829,1529928.188104307
2010-06-28,142.6200184317719,145.6039103786716,137.08484414714118,142.51340814692344,136.33835756249067,861785.9696969697
2010-06-29,135.37257307622852,137.34425095390526,127.83506270856387,132.1621356143634,126.08660190535315,1341430.4103759837
2010-06-30,133.23635425462214,136.37799756089458,126.88981054135559,129.55233902805273,123.48623471276223,1163001.1515151516
2010-07-01,132.31470951479238,136.02992574113833,124.4133870274663,131.64994160644437,125.51690925779224,1348619.789135514
2010-07-02,134.29496808917546,137.23240801822158,128.49679405742265,133.59987480359825,127.47604896695329,916025.6829552065
2010-07-06,135.76624027184837,138.1760149620007,126.14408165382648,129.2914211294211,123.20528425950953,1076192.2008733624
2010-07-07,132.3607716882785,136.0244244612089,128.56538028893996,133.15605288918098,126.9497754225263,1124488.4311899913
2010-07-08,133.11597685527911,134.704406558003,129.180683106927,131.8960208924596,125.64108920297652,1052147.0631364563
2010-07-09,133.78530613345202,140.0633944540231,131.2928810176013,139.17823244979553,131.87144056539324,822423.7397260274
2010-07-12,134.08154853027506,138.5725633808196,129.88409601418624,134.75240682895884,128.47452751059575,818585.2576990122
2010-07-13,137.38567285226983,141.4920449378994,133.68675078040746,137.35898640498706,130.8404284088407,1044630.8663955852
2010-07-14,83.75396963867283,86.1044147061078,82.31725224960944,83.66203589446194,77.62219105070072,1020656.9873029772
2010-07-15,134.81584804109244,137.37377474769838,130.84544861591226,134.69404608433845,128.35344824338702,1053817.2256944445
2010-07-16,137.88434528511922,139.9266164096547,132.9942526929858,135.5460977993655,128.27234294153772,1303765.302986373
2010-07-19,134.8129944681741,137.87124765689398,130.5348163669225,135.72403408121346,129.38261593886477,949111.8051609162
2010-07-20,132.3047752939885,136.48517632966752,130.23818103593374,135.0179559686775,128.64240272772668,1037275.8406513522
2010-07-21,137.06641337438043,139.5548327824185,131.40105947684646,134.76317976652444,128.44813356914196,1225414.3437681159
2010-07-22,126.8988670472961,131.40574523177602,121.20235931853742,126.64938724679091,120.24975506928867,1143191.2793263646
2010-07-23,132.45235062792017,136.52459206563177,128.638426612723,133.54524586465686,127.09290525752144,1084789.330328584
2010-07-26,107.90548454456416,112.77233584422673,106.50546011787007,110.64056494917928,105.52911106664432,911447.7194873289
2010-07-27,136.0704906802461,138.49914357813807,131.87362467104776,134.6009258048676,128.19217019144264,1055611.281358885
2010-07-28,136.5496579619359,138.61256960019372,131.47170957124084,135.85038897440157,129.46904426033726,1017189.2082730691
2010-07-29,138.5078533498416,140.43738182772043,132.3071132430247,135.30517540365318,128.87893002101035,1121074.2879535558
2010-07-30,132.69967356926188,136.83914128164224,129.60566805601266,133.01502853486542,126.58401724956349,934379.481621937
2010-08-02,136.96826155230272,139.86199317547496,133.20852094785903,135.7686472567975,129.22915260539386,1029890.4547307133
2010-08-03,135.208253892442,137.87438985680865,131.12963008239726,133.9676910374868,127.47534866247881,945438.8409883721
2010-08-04,130.67080077868144,134.28540730278363,128.30945356800086,130.65520978721375,124.18733953215292,881911.7184041934
2010-08-05,134.2625403129089,138.5004868545192,130.1926849701442,133.9100671333232,127.44599583356366,872836.4761766415
2010-08-06,126.41386926761739,130.11282262822704,123.56269599392203,127.77504955628044,121.38682590314002,929338.2500726111
2010-08-09,131.90871598783315,134.63166645419258,127.56675320088836,130.76828053693382,124.39695556329995,775053.9542028985
2010-08-10,126.4939121265588,127.79833175104586,121.73862121355984,123.9973710068135,117.7486174398361,929839.650710763
2010-08-11,127.51743980030409,129.58095296117529,121.80229378079733,124.35324719363688,118.2221145879158,1039600.3023457862
2010-08-12,122.77031328926257,126.6479161283382,119.14524556597736,123.31077709681769,117.24089115468801,979943.9901705695
2010-08-13,112.71686277549962,115.79867775086359,110.2849003788816,113.43613127818112,107.31534186017974,792541.6986784141
2010-08-16,122.875680015225,127.09103320239754,120.64441526799166,124.85487145911246,118.7065642764297,762699.3424776206
2010-08-17,119.02677754838007,123.31069978171976,115.69726455317003,120.64039721060087,114.47850679506682,910226.8923922476
2010-08-18,122.99515796646146,125.51225925923609,121.08261008932514,123.00509468522928,116.8243144649039,919464.05135603
2010-08-19,119.82443558492812,124.55784573709924,116.23406597575917,119.03284050242499,112.94163298538072,986111.4838337182
2010-08-20,116.98806116513956,121.48508105951737,113.91722766883079,118.00882411358303,111.94701995367751,805973.3598605867
2010-08-23,119.22078607066534,121.22932776838877,113.45247181433145,116.18383400159442,110.15024864875728,832343.9794856978
2010-08-24,112.98342816348257,115.79308773185987,110.1775768543376,112.81033341474301,106.8838301761379,1001270.9115172614
2010-08-25,115.35392323295324,117.9317314760276,110.05343082228312,113.57944100149705,107.67903289436533,1090402.0323419
2010-08-26,114.69573554569824,117.23852328206327,110.045342706177,113.14595946977,107.2740077874095,867105.129050926
2010-08-27,111.63191503816411,115.6985797742004,107.30906397961219,112.84634805967427,106.93037201532609,938183.4559930515
2010-08-30,118.32626191607514,121.56416356654971,113.01750898017109,115.62576356255711,109.66377629472935,661640.6848520023
2010-08-31,117.31935522445363,119.16135133257632,112.05640931228646,115.0615681447744,109.09550789639304,1069604.531430219
2010-09-01,114.39344273684418,118.47128179852012,111.72846693750917,115.67161936949748,109.58693416222741,1019136.9595609474
2010-09-02,98.05420140317818,101.44977070671499,94.12414172565056,98.30612020167307,93.20858733955778,858544.9754618937
2010-09-03,99.52952586698594,100.57975571591282,93.9873023152217,98.89996007754354,93.79358336079079,849041.4875794338
2010-09-07,119.05662673087957,121.35122894671453,114.74835836475029,118.61345867001418,112.39949715628232,779886.1336805555
2010-09-08,116.26981137401093,120.25187965909794,114.28648990689636,118.88332828798609,112.75692048008912,841699.2272333044
2010-09-09,123.40941532176547,129.93202829650127,120.68154808326976,124.9893393334012,118.74430848152595,961663.4587896253
2010-09-10,125.09337165981452,131.99062784520171,120.34115354935597,125.14533324213757,118.92169293340869,766071.388422576
2010-09-13,124.03822305882672,131.71600943873082,120.7544166569213,126.8054536989742,120.59104672319256,896656.0999133699
2010-09-14,130.57199576056792,132.37526608412188,125.79723219363628,129.7042884165421,123.46333431139372,1034115.771313364
2010-09-15,126.51286139775719,129.95691504311827,121.60697455312403,125.24589506030752,119.05618354837816,907634.8326612903
2010-09-16,122.43562307806444,125.79898505081754,119.40433382218866,122.05139979077447,115.88921790193479,915878.6182131572
2010-09-17,125.90714237258486,130.96913693869126,123.9037786705002,127.67588488511497,121.40497459380323,1173793.676954139
2010-09-20,120.42859150365904,124.53092674620396,118.5054630785608,121.10073363577337,115.11375583912096,988827.9285714285
2010-09-21,126.35055342359128,130.74756264766918,121.8056952980654,124.95254672864424,118.64155115254415,1037789.0014425851
2010-09-22,127.60549051261052,132.4817583032316,123.10955306013224,126.97622741181897,120.61664751735097,1060296.7258064516
2010-09-23,105.94277718357091,111.44103809951041,103.70119475614884,105.8874534808437,100.76298061736259,1151310.7705341757
2010-09-24,128.16961694759118,133.0014694066908,125.46250908271556,129.28015505413106,122.9200096146981,1017469.594298877
2010-09-27,130.42703054981786,135.34405752359632,127.99487121814553,132.3128555138105,125.9822480357379,995506.7889303126
2010-09-28,130.74865840895734,133.10843323246257,127.1074931255693,131.20075103491524,124.8474112974382,1044455.5368239356
2010-09-29,131.4689948912193,136.90884142121885,128.4404600921604,132.67405761918897,126.32748703425281,979048.5970664365
2010-09-30,134.46868731977025,141.73666066619458,131.83960202255304,137.03299948868604,130.70628083468637,1136387.532546083
2010-10-01,152.88341125433817,163.01081822297343,148.68341585314144,150.48069018815977,143.55339668803978,1041370.5522001726
2010-10-04,146.27110565000012,148.3741356274762,138.44500163933967,141.49206856455012,134.7664995992547,863099.5493809386
2010-10-05,140.6084896034474,144.74278345089132,135.67013033984563,140.77098855268736,133.98001124972694,1087846.8115816768
2010-10-06,142.626718242374,147.11413113123464,140.57992409563903,144.82183179359944,137.90647966929708,962491.4723502304
2010-10-07,145.10348900193043,148.37603395665144,141.46779461322183,145.12530643162694,138.2614467863565,933987.9422745549
2010-10-08,143.76748581478716,146.20957064163252,140.47406418117225,143.94823428905005,137.08509420146274,989429.7002873563
2010-10-11,144.30348080677334,147.35162706193694,141.56119647597322,144.25455891481045,137.3824031838765,711808.9484447005
2010-10-12,141.54898768228423,147.380709792019,137.6140489243897,145.85582655885148,139.0193984295185,871837.8910662824
2010-10-13,156.06146281414308,160.58732736076425,150.31627942128824,156.40149374148584,149.51461830596034,1038381.8660534637
2010-10-14,100.21774937508721,101.81872207066507,96.63354133309768,99.61220129673121,93.10423999209738,1155962.742548596
2010-10-15,155.79255669624584,157.65703394439296,149.79049822424437,153.36105605651997,146.5164893215967,1160537.8313736736
2010-10-18,153.23491267822246,157.48809500943307,149.51150313032244,153.82632879979906,146.96689380491065,924549.3789051304
2010-10-19,152.9802214596081,157.64883136704034,149.63980533921352,153.4142330990442,146.67542739303929,1228536.2042918454
2010-10-20,151.6935975441431,155.6092201517009,149.58445958615923,153.28741925439692,146.54184356140848,1124962.441361556
2010-10-21,153.59258970830183,159.9591335247791,151.00353733881678,156.97695474183737,150.24618924795584,1107374.9146131806
2010-10-22,156.92668608540097,160.8406130271179,151.93038541515656,155.6956612077208,148.95247301277635,859622.6854769407
2010-10-25,155.3300405294652,158.76723278884504,151.48755510305452,154.30692375916828,147.54577186477061,957883.8033772181
2010-10-26,151.84784684046033,155.65311198634961,149.18391078392915,152.78198943619742,146.00888228129722,1009538.0877895339
2010-10-27,149.63187631976072,152.37683381499883,145.57672433409786,149.43360740791474,142.72212315938674,1052628.8391428571
2010-10-28,153.93543682157008,155.9881353214,149.84136208391695,152.4543084632845,145.71375176217302,1109813.8068571428
2010-10-29,152.04656177042176,154.74991056623344,147.7907895764616,151.3878310345279,144.6653670936373,1023949.1236051503
2010-11-01,156.05059132397545,158.1907810967064,150.9010473277166,153.7972674040307,146.56783498215646,936294.555969081
2010-11-02,151.84954912668238,156.58275791965383,146.54412775643934,151.97217544029334,145.2069129234311,939225.8383867277
2010-11-03,152.26634937198813,154.34795808739491,146.53387436322268,151.54900096748298,144.84163602635468,1030702.1221745351
2010-11-04,151.24004630556888,153.87168863496504,146.66569051760104,150.78853644432849,143.96389569113475,1393116.700485853
2010-11-05,150.4390901433182,153.79943550632981,147.99831685309354,151.61730373493123,144.7353122186713,1147821.1596566522
2010-11-08,147.5639783257035,149.90749231452287,143.26507272194783,147.8213902566891,140.90936593281486,804812.9706980753
2010-11-09,152.69794862634674,155.85771826040815,146.46748356113187,148.8321622336631,141.9240492381304,944479.2438743154
2010-11-10,145.37765587003258,150.97819688645652,141.44264806521772,149.55781703662424,142.77200037646804,1116792.4317532838
2010-11-11,149.32419456283318,151.78205525769272,144.6710031978892,148.19632293170218,141.0168487273447,1028579.2521440823
2010-11-12,142.5225038575926,147.84544958110055,139.75002483120036,144.07827906042834,137.48143552039173,1094252.7578526556
2010-11-15,134.06873866754614,137.65732015670525,131.74603258723045,134.90571848823024,128.3398094226959,921802.4069901791
2010-11-16,145.49845631768875,146.9515954531998,140.54588558179717,142.4763238038135,136.05520659772586,1347152.4503990877
2010-11-17,138.7858965000383,143.2222508799622,136.03514713483287,140.34873455969114,134.18146584909553,1029672.0818181818
2010-11-18,143.4990268954391,149.07417897095206,139.5101516858492,145.54689479092315,139.04510080354763,1054782.1192922373
2010-11-19,149.07003826602983,150.78231872107642,143.1364362369451,147.63375295097865,141.08659216018003,989918.2059326868
2010-11-22,146.88240847083506,149.28492173515218,141.93521868885762,145.1448602474303,138.64042996256734,1026759.138225256
2010-11-23,144.08757518427174,147.7871334604396,141.21642860561994,144.3113522660674,137.8866568600728,971205.1491178145
2010-11-24,143.7899781623258,146.43246112980643,141.3224959785122,143.88085181449904,137.39177692329795,920150.2255959137
2010-11-26,143.7783505867165,146.95293949729424,141.2199787592866,145.13088744005793,138.62610262910974,411928.2956225128
2010-11-29,143.97655648591595,149.0851139883314,140.1913504187795,146.19318654967927,139.6452286358294,931465.6498719044
2010-11-30,152.1462805896788,157.951184327207,149.22968179210136,153.93213889322385,147.39044618462876,1163443.638382688
2010-12-01,154.44348133760477,157.73756380819987,151.52044893697268,154.58421339842076,147.97664430981996,1161067.6116945785
2010-12-02,156.88284479637923,160.76797732981302,152.7372087237264,156.19985363796195,149.49504674106302,1136651.3586246092
2010-12-03,154.19157368438223,158.50285329240384,150.7918917683191,155.4829893983102,148.6614746655744,956427.8080865603
2010-12-06,157.5070469885532,164.61804409535384,154.86715426229242,161.97101543949927,155.10744098563015,944217.8901192504
2010-12-07,164.86078950540735,168.79927683204522,159.4623797284532,162.28491674692395,155.43742413749828,1210832.1495592834
2010-12-08,160.36095888696164,162.69374678207592,152.04513165516673,154.81327091657778,148.06796851134507,1038144.7559659091
2010-12-09,158.59854223291228,162.06548535357382,153.9941394465692,157.50248998574327,150.73569644904288,1070871.7720442303
2010-12-10,154.33787325182183,160.30503513096465,151.60053438633847,157.63214652820065,150.79822742310108,978900.0313122687
2010-12-13,159.2724634128888,161.89154445230432,153.2155709153303,158.22519638320392,151.38140999496986,1111440.024113475
2010-12-14,160.9170939189015,164.16050527914172,156.42133143741418,160.2039405814287,153.35178842176356,975554.1921000284
2010-12-15,157.94126695022464,162.4356639594669,154.34807653607945,158.02025438146865,151.2173067439106,989809.6576627807
2010-12-16,159.49276096955265,162.68781556385488,154.5132202104795,158.55501347397401,151.82359744670248,911823.6841206602
2010-12-17,154.69252840304202,157.9834303435605,147.68220621937078,152.59607024978473,145.83160507506983,1378340.6484486195
2010-12-20,148.99856928337317,154.03153565515294,143.31611135701596,146.97187495792744,140.25334620116118,933178.6625106263
2010-12-21,150.40802598942463,155.6688821212348,145.217103426313,150.6241275044792,143.8261631593051,889077.098979013
2010-12-22,149.36697381232648,152.22332439145106,145.48682217422098,147.9927980515005,141.2188379185143,879525.5226372383
2010-12-23,118.48860794864542,122.07861880383092,117.0600060314553,119.54506719207032,114.00106317254485,646516.2166525064
2010-12-27,149.37116283339373,153.34718485913302,145.1142059939903,149.47693543714163,142.57457385381383,396147.2653879187
2010-12-28,149.53948215781605,153.11495962314945,145.5021170614248,148.3039707917657,141.3534935943781,449364.5692572412
2010-12-29,148.0840047637911,152.61413481014827,143.55419032753852,150.1322467296934,143.3193311493799,579793.90700961
2010-12-30,147.64730740778162,152.8976341762897,144.63052391533526,150.09090999144135,143.26672962484372,542704.0269350723
2010-12-31,159.5412710939546,165.40383365047677,156.04543520339442,161.56619662926218,154.63083010748113,547303.7905579399
2011-01-03,337.08339698925624,343.43384229198807,333.1185816584239,338.1204049104524,318.3843360371333,828564.3925904653
2011-01-04,369.44757201568245,372.92117646106277,365.1405630849233,368.57831970192336,347.8170834029402,1159814.58070922
2011-01-05,359.56483707195184,362.71946186981955,354.98598762641205,359.0283885063203,338.7897759221,1158739.8457401642
2011-01-06,362.3734659511293,364.1991553791745,358.96052461850036,360.80514653573425,340.0515781470989,1155322.806982685
2011-01-07,357.96678137145517,361.92520525297914,352.51235034534494,357.5665236793553,337.2720049533043,1226736.1957507082
2011-01-10,322.7101807387725,325.63729491967115,319.0714853122688,320.92508827261577,301.96471195399084,1114170.0603399433
2011-01-11,353.96125935863154,356.59313941704755,349.5909264323315,353.6222521783536,333.47701551760935,1076426.7106900453
2011-01-12,356.13540033602897,360.0513116987646,352.83673952733113,355.206849011127,334.9798503029391,1050736.3979042764
2011-01-13,348.42256876427774,350.9775611644286,341.9676211744017,344.5012965060893,324.71662171380996,1119337.5712266818
2011-01-14,342.29244687302105,344.3863320643671,338.66633866957073,342.09900140970956,322.56283053372897,1078816.0073612684
2011-01-18,88.7055650516091,89.74029333308899,86.45097296854861,87.99460167871084,81.63330305090618,1151849.2493595218
2011-01-19,338.043255243786,350.34414015738025,315.33858476866504,324.3861091379671,305.8456399851736,1209676.6263767297
2011-01-20,338.80347803174794,341.292434624588,308.56234593270875,313.7318307959477,295.4942076837431,1281097.3699095023
2011-01-21,314.18364490435096,321.36496054458473,311.0964691712999,314.72492172926803,296.5690753207485,1073866.3167279933
2011-01-24,311.68372808377944,320.75961283532473,308.89991703993167,317.95647411473453,299.6614871556706,960669.4774978772
2011-01-25,318.7878301144919,326.47711027396934,314.0865180390061,319.6038913636041,301.2536347631269,1215907.0894974591
2011-01-26,312.2817283421897,319.2057588730732,304.8969699787155,310.7236256864774,292.6000625011379,1119069.1214609286
2011-01-27,316.08795587257885,322.76550979029736,311.63657497608983,317.6185056189116,299.2132024479186,1090263.6702488689
2011-01-28,316.44979322272917,320.1690888965592,308.1399559711406,313.08703448880453,294.91583172628174,1311615.5435028248
2011-01-31,284.68328906010305,289.77457662809485,281.3665405813109,284.08886948555676,267.2075310992132,1135047.765205092
2011-02-01,285.24535441284735,291.56495851086345,282.944830985819,287.6148731522315,270.54571916725456,1143127.7082979325
2011-02-02,284.0729633074704,290.27797209516814,279.64569523042456,284.2063184969322,267.26171516212594,1039790.7115384615
2011-02-03,287.2060864120156,292.0818591784231,282.4178648216704,289.410630397705,272.31915241734725,1110014.6978783594
2011-02-04,285.78981989888655,290.09154584928,283.1081395778981,287.9759426750382,270.90767596224475,982488.5359773372
2011-02-07,284.8728917042864,288.7439048977662,281.8170904959519,284.546674569699,267.4936285718182,1067710.6154496758
2011-02-08,314.3800553939145,316.7432054908133,308.29027901753466,312.2323691837269,294.0202818573272,1013660.2647887324
2011-02-09,337.66873554260854,344.9845947205125,334.7484640311172,339.6226546083997,321.4418178738268,1085555.2654095131
2011-02-10,339.2225120055912,344.5137092233249,335.5642502504536,340.3817072346602,322.326439020407,1120157.6
2011-02-11,339.8722030411269,345.1791529088386,335.87950475820264,343.11502676805867,324.8028406129093,1047094.5954391892
2011-02-14,341.6539895923081,346.00541230576823,336.6376499896614,339.6236444551365,321.5237570795972,1022598.2981715893
2011-02-15,334.67748892365137,338.8318319254782,327.1062315108292,330.7940429224934,312.4813700733915,994265.35243553
2011-02-16,340.67482376332094,345.5613734148282,336.0089316178027,341.91831388344553,323.8160401806944,1042703.5256482526
2011-02-17,342.24386503448216,346.884874084358,335.2790604508762,341.24031146205584,323.46376407836794,981172.2476083286
2011-02-18,344.77678940897874,353.61127476462985,340.27365012852096,344.45884319135337,326.45229038780104,1054538.8494077835
2011-02-22,340.15675957606226,345.24875715207077,330.4945061798645,336.201497257053,318.41985380754073,1368708.7498593135
2011-02-23,336.9922082839212,345.6720937334398,330.5215534188292,335.7239673912691,318.1495636860295,1255930.6073239436
2011-02-24,335.64640110414564,341.5258268683432,331.9825121998162,338.7007517157019,320.97664879445546,1273837.974409449
2011-02-25,132.1445762061112,135.93556262795457,130.97706316256486,134.2820616007993,128.06470062703607,845005.0522260274
2011-02-28,337.832841832238,342.8114442967901,333.73607062302005,337.52882753488194,319.72462379326873,1016230.7741753594
2011-03-01,333.2942734045017,336.3006627738042,325.4632954148463,329.88690425501375,312.3058508052577,1137922.3626621545
2011-03-02,334.56142809431157,339.5505237226652,328.6828660890245,334.8124435408106,317.21395875871684,1114831.785272625
2011-03-03,337.4081623123897,341.7001259427763,332.0698598868675,337.70064930302897,319.94706692461733,1096051.5305375739
2011-03-04,335.88111697602204,339.55794760605056,330.4192364505784,335.39211616553945,317.76985970646217,1127559.9929676512
2011-03-07,333.75108417412935,338.87930366553564,327.5215800053093,333.77010749141186,316.1757078482223,1111888.6160337552
2011-03-08,331.35500652045727,339.7971324304717,328.2723023560123,337.6441830162513,319.87748645549476,1048253.5826527738
2011-03-09,338.92231447945915,349.07145060269977,332.1821872603387,341.2188001139772,323.1598089502959,1016677.3235790659
2011-03-10,339.8579665809897,342.63486918101677,332.53289718291626,337.2399851843506,319.4029383816064,1137691.201351732
2011-03-11,332.7076158738812,342.51996539036816,330.63743361441976,338.57979320370833,320.7221737221012,1012638.2048835251
2011-03-14,335.76081303820973,341.9223336755004,330.453930932474,335.3396948370967,317.5848504513706,956430.9028442692
2011-03-15,328.5767116947469,335.0419596565827,323.003495848434,328.60933743451164,311.1336930983219,1252382.1774964838
2011-03-16,332.3625901213483,336.35928551523625,323.4854500517291,327.162739233931,309.9205930582528,1304063.002541655
2011-03-17,325.5265670398208,330.55410748753906,319.96661112687696,323.82076836722155,306.5544075736991,980130.0081690141
2011-03-18,329.0713177235524,335.3669100289862,324.92119731537946,331.3002046553794,314.0840161511815,1248020.892897407
2011-03-21,333.29469387595833,336.7524242964589,324.3775391320921,330.81231999268005,313.3715205572156,987199.7440944882
2011-03-22,323.09349177733725,329.9841008009243,318.82894358123076,325.0511809679044,307.65018508419814,924442.942849099
2011-03-23,331.7686892648231,337.4288326051797,324.379469015237,331.35115290317714,313.8722859775911,957597.1483562798
2011-03-24,329.0660061315252,332.2843099567948,321.42394339801183,327.614900486689,310.4038240885718,959709.3836194765
2011-03-25,322.26244571846075,329.77710125199434,318.22625944583234,325.47789570678356,308.04172893665185,922383.088326301
2011-03-28,328.44612124055857,333.31199790498,322.4731786715688,327.69733027033203,310.2840255285281,843169.4282101714
2011-03-29,326.34259201100423,332.62306166961275,322.5321026801084,329.0901251037905,311.72097995280865,866792.6930637461
2011-03-30,336.5899728472052,345.32895903270565,331.14684372959516,341.03267943500714,323.4371840213771,995198.3734533184
2011-03-31,339.8889324553395,345.0829136199328,334.2605308276174,339.92657877641744,322.36268043457324,932738.8283540022
2011-04-01,337.9170808249358,349.2907545356955,333.3446064339336,346.9256181397455,328.90329960481637,1035565.1019376579
2011-04-04,349.3450526601792,358.0524118875954,344.0625081583402,354.9966387803871,337.01978851064683,873180.6356003359
2011-04-05,354.73399104813325,359.67641789870385,346.48901487618065,351.90867251783993,333.84727667859204,955293.5392596747
2011-04-06,348.5172104036534,356.6167530729898,342.78869903640697,351.5476035834579,333.46179747854904,936963.3340819764
2011-04-07,357.123664576499,362.0134674973668,350.6181496847231,355.05947645741435,337.1710066337832,977104.0277544155
2011-04-08,361.59416636676997,364.7384938388689,354.4303483102786,358.0932231643881,340.2879236096211,899497.9997198095
2011-04-11,319.968526257798,326.43476942107355,316.2652890857214,320.90471262391213,303.8578771657373,888604.1277013753
2011-04-12,157.79722537071916,159.44035641805092,151.92166360068964,154.81038934439644,149.7771690223363,941095.9450596252
2011-04-13,383.87345750266826,396.7877167213075,379.28457647439836,390.8038138380519,372.5550704397865,979352.1295206056
2011-04-14,388.0018172665155,392.0706819375778,373.35790863887235,377.34938298747653,359.22530292651277,989513.8681041725
2011-04-15,381.83931347765514,390.9393809117929,370.0430497685521,382.52330598133716,364.26729574837486,1090010.308058198
2011-04-18,378.27812982676875,381.16057952960995,368.3684684612639,374.34426163581355,356.13391931592827,994427.3956290277
2011-04-19,379.11509171990787,384.07948583586506,372.5602915259369,378.4531334946306,360.4943188583992,1019774.6431361607
2011-04-20,378.5815299691292,382.2570394834142,373.30184596163105,379.33338385551133,361.1975606392908,1066021.1233566434
2011-04-21,385.8546789871175,388.19690430499435,380.32763238578644,383.3904671765866,365.2134860400392,876210.3842709208
2011-04-25,391.06176476481136,395.63829672185864,386.8887124478284,392.48739454888863,373.54228517334906,598454.2841201717
2011-04-26,382.165491716307,385.37667482607236,374.7300300472266,380.3678154405666,362.1224547376966,1031754.781889543
2011-04-27,382.3512587750109,385.0298688976385,373.6889122302561,381.02917010841446,362.71720425313924,1122131.2297146055
2011-04-28,371.93258697403706,376.6345134945539,366.19781757840514,372.79932972235184,354.4931161226924,1044965.8170868347
2011-04-29,377.44300502277287,383.8439327226416,370.4785032333955,375.4690994934209,357.0888145522119,922812.378401122
2011-05-02,345.5669612742854,350.99984600459953,341.89350982332286,346.26990962106544,328.67930207340146,757178.6827468786
2011-05-03,346.89158685153154,349.9100918250686,340.2320979400976,343.4580419430189,326.2339032001449,1094844.7363100252
2011-05-04,368.1279911208316,373.52767271613794,359.2405259190711,363.7542061820769,345.716981275205,1082098.0428331466
2011-05-05,364.9870128055326,374.15568102397526,357.813960361278,364.2029421971559,346.25194648448746,1194888.7925055928
2011-05-06,374.009483501268,382.8251284824477,359.07393140702067,370.70626004502,352.8852502036627,1082830.651942969
2011-05-09,364.2165338930117,371.8319833584089,357.2292915253802,367.81310666119305,349.95470792081943,863355.7933538118
2011-05-10,367.6876570354957,370.5510469821434,354.51809160560856,363.1799110147612,345.85872920749796,887873.7892238973
2011-05-11,356.3888506783627,364.6719834070202,349.38958996643987,356.8130549215115,339.62325234651234,1009302.6237458194
2011-05-12,128.4241676631246,130.00290298548728,127.15705792372965,129.03506999894006,123.71889480776842,992347.5321739131
2011-05-13,347.90767640911406,352.2531030925647,329.5350272849484,341.76338846259966,325.11371651055737,933805.8356435644
2011-05-16,346.96931058441817,355.10323137811486,337.24595137444123,345.64636749542683,329.29567929397814,977424.4393095769
2011-05-17,340.73818558046025,347.1263092086983,336.12220856034423,343.76793511270813,327.52535332027406,1029789.602006689
2011-05-18,343.55789590845717,352.89858229264473,337.85912618586644,349.43975500081706,333.12326093069123,924390.0606229143
2011-05-19,350.7624483813636,353.8550469013806,335.90963965168453,344.6537996743769,328.58902276838586,900993.6669451406
2011-05-20,341.20857326072087,348.80257065317187,336.62348649770865,344.73639717213246,328.7066069448862,896510.0131174993
2011-05-23,346.3637977352279,351.70282809801415,339.5778956130487,347.215141452396,331.1317372291171,945071.3333333334
2011-05-24,346.35058032232655,351.03790129661263,336.79493444484615,342.60709636417084,326.61356999184534,874651.9451711662
2011-05-25,343.78999977563393,350.43329470507143,339.6469183839074,346.72943290265425,330.7006814589732,921439.2966573816
2011-05-26,346.60785458098144,355.7125681685315,340.61953156167084,351.65559585006457,335.5111480455983,911184.9206128133
2011-05-27,350.682254222736,359.52186349293976,347.4727167745469,353.62577702587504,337.53683803551803,720944.1282408698
2011-05-31,351.30026729253353,354.9300140723107,339.7673303188584,345.8994117584712,330.33001795825226,1090414.8034521157
2011-06-01,346.59322406590684,348.6059599067187,325.8102576974255,329.94973647164034,315.10162909097494,1097506.4714564187
2011-06-02,330.35249934078126,337.33946389230874,319.48911873972963,329.8896496641452,315.0319246570102,901679.3568245125
2011-06-03,321.5436593670715,326.7911737509989,312.8335407303942,319.42019390041344,304.90071450360557,973259.579327591
2011-06-06,319.6596945685738,323.1545220480109,307.32681789598854,310.84559025437323,296.6978313564173,911059.5918196995
2011-06-07,312.8559866276615,318.5977521778173,300.48620853532503,309.26467552024076,295.4655605208776,898163.9972175849
2011-06-08,307.68134041079566,313.0245178157548,293.5540050661924,302.91374319881345,289.49720831437725,1001655.0682831662
2011-06-09,303.4144387576216,307.5585937120968,295.2967904582729,301.8703726782166,288.5658232686328,874509.1734523146
2011-06-10,290.8223276885429,295.5349624311183,282.7516336490823,287.4425031455789,274.9097543490887,982650.1426183844
2011-06-13,289.2943101331393,293.91753092803503,280.19738366719304,287.5700566622153,275.0994043705695,901136.4234736549
2011-06-14,285.35778124459057,293.89353750141464,280.81311468053065,287.12815622637237,274.5778839370259,953079.2211404729
2011-06-15,286.0063506630005,289.1747149852942,272.10376144594954,276.23661849808326,264.3168871088287,1141564.3016357084
2011-06-16,276.394925760754,285.79250961293826,267.1027345786107,278.67614331629375,266.76307136616043,1132002.582362729
2011-06-17,285.7476824673557,287.98341416287286,277.05945394791735,281.11408686815736,268.97154575365056,1145275.3473537604
2011-06-20,279.4430102752545,286.81905751672883,270.62037953684194,279.7028970007101,267.378003523596,824174.5965545985
2011-06-21,281.8646950116143,289.3486921742427,271.52758051291767,280.99323559601044,268.4540811898407,944771.185308848
2011-06-22,281.2187596127561,289.04063598210666,277.27073710761374,283.3468247291811,270.84848015079484,902348.6066574203
2011-06-23,281.24499531238865,288.78026378880804,275.45725033211227,284.86697285768065,272.0885384902995,1201535.4849833148
2011-06-24,281.1067040529974,287.7462441843823,271.66685258493055,277.3187626691146,264.93323299614866,1300225.3144846796
2011-06-27,281.25530896618767,286.75685792726307,275.0082592172659,280.9917690372752,268.6982854374383,914482.195899141
2011-06-28,279.16988320615013,288.0315235996573,275.7566914439247,283.4449681417977,271.06005059823383,876129.7981651376
2011-06-29,281.9856297084229,283.9064308527252,274.80729532009144,279.8313323863218,267.26089846597495,964636.1044444444
2011-06-30,278.0049660631678,280.49424385251893,271.95822970082895,277.5706307041656,265.01372112376947,1028102.6656501248
2011-07-01,283.68424967757164,290.1213741358058,280.40149328174897,285.87491813522433,273.1599901864659,923722.1523252575
2011-07-05,286.46646500507205,295.22658199029166,281.03492357773644,287.2447167851389,274.73779293463946,951607.8707709373
2011-07-06,278.6674151576912,290.41939881456733,275.23833308813903,286.1967928702206,273.63164472490286,924801.7751594123
2011-07-07,290.9871679633632,294.8927240042828,285.2233179434886,290.6730682896445,277.95234855096965,1009468.5152523572
2011-07-08,291.84471935793476,297.1908815346802,285.97880400822373,292.2045721083697,279.6317370506554,871805.1819190239
2011-07-11,282.74143485580987,291.18531970857913,275.4346003700792,283.69500301738003,271.35175847897324,906843.3251942287
2011-07-12,281.23871177461297,293.29577246066833,277.1750736079075,289.41594761706114,277.007698248714,984723.0702387562
2011-07-13,163.6514851919086,168.29950203041884,154.85370074439825,166.10040446239358,160.49338484700738,1059562.2836134455
2011-07-14,281.44265417078407,286.73538221589996,272.1579891621056,280.9208868835736,268.7319612248851,1053190.1723946785
2011-07-15,283.74669636989694,289.2886489307013,277.257104642536,285.17326405476894,272.67915704942675,929144.1033907726
2011-07-18,279.47134640914686,284.76594194208843,269.0709119163287,274.4943218310702,262.3931850934289,934238.3444259567
2011-07-19,276.16552169277975,280.13597148053805,266.32623248614175,273.57057561953366,261.4595361280253,1058500.696073009
2011-07-20,278.45717196854173,286.208844849155,272.9195068461622,280.84102936632115,268.54124875193975,917465.0337482711
2011-07-21,274.804618248877,280.08081543333196,270.63688128867994,276.9259190250953,264.76530789378427,1035661.5847693163
2011-07-22,284.5657222383189,288.2009099619788,276.288342087028,283.5029771443553,271.13229368273244,793457.724625624
2011-07-25,280.0105346528127,285.4453282605939,274.67989384945525,278.6637050587648,266.3547198864954,857294.0119113573
2011-07-26,276.68469378437374,280.01159764288315,268.90952388037925,274.6457777331202,262.416348952452,908304.5921818686
2011-07-27,273.6469924086888,281.5916233576564,264.69061013122456,272.40039517306025,260.44709779929195,1188360.9384871155
2011-07-28,274.09459013494967,280.6000209882703,269.5411990386007,275.4334704632713,263.52023606496203,1053952.0047117516
2011-07-29,265.81053365229917,278.2878641693374,261.7128329724321,272.20628055461685,260.2072463733372,1122092.2821864595
2011-08-01,273.67990686786806,277.0531786704313,263.5582749873495,271.8651466431676,259.86123525055206,1142315.2845257903
2011-08-02,269.04698067788445,278.1150236391675,256.2918098645596,266.27238664323096,254.63880216549214,1374439.7439159292
2011-08-03,257.28302176522607,266.5597721501457,247.6480917454783,255.7984744316682,244.71047215432174,1406776.4579413394
2011-08-04,246.93259064918396,255.35249632138888,231.33095637833097,243.6378541541012,233.22252303889908,1936215.0606896551
2011-08-05,244.482125338637,249.9237588634201,222.32065156454934,234.72214518053846,224.66631279047965,2322664.809983453
2011-08-08,228.89724623498458,240.65462654518635,219.43911693581478,227.3506709381541,217.83177455409043,2241621.396680498
2011-08-09,227.84147349175413,248.06401883867207,219.41827195340394,237.08244712024032,227.13320581427053,2150322.008303349
2011-08-10,234.33670164038367,241.21616295100392,220.47786133955597,228.4556751318371,218.95258440065646,1942242.7333148713
2011-08-11,225.179499041807,236.26367833868815,220.29874225473637,231.33818977194207,221.65741483401197,1685099.8000553863
2011-08-12,234.15190241910722,242.52463058701414,229.15000789283607,235.13748665231978,225.2936568677113,1329855.9856274184
2011-08-15,236.01952364788562,245.07521358068036,232.5070752745246,240.9967085414212,230.61760128118186,1103010.7253025612
2011-08-16,241.81268463200468,245.79402275314305,231.5218313070588,238.20726624591103,228.12561538302577,1234645.7885146327
2011-08-17,241.80574382940924,246.49322886721384,236.2404129314737,241.1304643005972,230.95437174811903,983893.8435167265
2011-08-18,235.54197734143227,238.84974482961866,227.9069116055924,233.95297538300412,224.23662697997838,1479466.6066574203
2011-08-19,228.78514451188934,234.98545194661068,224.3721128990149,230.6207307213363,221.19758955521004,1289596.302409305
2011-08-22,237.13299157899613,243.82111211256486,225.6596812867559,232.8219844617514,223.23708641469455,1225588.9342904473
2011-08-23,231.68031229628906,240.03999837281472,227.3814100906588,234.3753290386538,224.5838112946216,1247624.4453665284
2011-08-24,232.3550395929124,237.94112924129678,226.23673960293206,234.08221092536382,224.19225896864444,1226739.2874069992
2011-08-25,233.05272343891036,236.10679311354303,223.48460023491546,228.8667018533565,219.12928253131,1213424.7045517243
2011-08-26,227.6292679845075,234.716969049181,222.66228804547615,231.55186743858116,221.69846171419192,1144491.4530127142
2011-08-29,235.20532799707144,238.8423851241935,230.43207980061723,237.27192536207502,227.09027815276212,866339.5997226075
2011-08-30,235.0658170651422,238.487758944177,230.35816836135544,236.36746656293016,226.28294503008115,1096336.5507046145
2011-08-31,234.48456113534792,239.20698152304462,229.57348403973674,233.32040034678943,223.33400684252658,1089650.379855716
2011-09-01,233.62798612829235,240.96798123709053,229.2978794270796,236.49014682872144,226.42321051042165,1031052.7146814405
2011-09-02,108.64027763278621,110.37916505435015,104.40976962604941,107.22654205251564,103.10257732742124,1055979.3259735047
2011-09-06,229.78402624227743,236.5271537319792,224.00796154278547,233.32498356574067,223.51107187663538,1064674.5202104098
2011-09-07,233.28459591376733,240.47408144904253,230.6053442143686,237.55419515703232,227.5555702575725,975079.4601328904
2011-09-08,238.19016684125543,241.66024987962848,234.3490106240033,237.77931961614115,227.84572339426026,971682.2290055249
2011-09-09,233.26535222779606,236.69623698842415,227.08215695107535,230.50535404148616,220.81598665202907,1284660.4141358365
2011-09-12,229.30406743898874,237.5565260328502,225.72891907132956,233.19618514084502,223.3530653284484,1143439.3020746887
2011-09-13,234.05156908300486,238.90699601281764,229.6165434361392,235.75799494069693,225.79476530489504,1038109.7476480354
2011-09-14,239.1619090049711,242.48311206693162,232.96117179140765,239.03243332412362,229.08561756054405,1151232.2912057522
2011-09-15,236.36535347292457,243.16675429506694,230.84056993515486,239.2248522377403,229.26484473128696,1044645.9756838906
2011-09-16,237.80174282494735,243.0292533377189,232.6708697131365,238.81247320317595,228.8930459013531,1422708.1675854465
2011-09-19,232.4293681004135,237.78097368300814,228.37023705951205,234.32434189461677,224.46080615081553,966905.1492537314
2011-09-20,234.83212278491115,239.54473569388028,228.91172235007983,233.2254649791289,223.4320699023726,1112773.3302094818
2011-09-21,235.16819474341284,238.76457323081735,224.37513414072012,228.75462893821094,219.24954032026093,1267137.0325696936
2011-09-22,218.26452139064946,227.7361825597118,213.7793720648811,222.56623873787186,213.0897995094844,1612662.7500691945
2011-09-23,225.43134690485724,230.74021190114325,219.55337604353477,227.77855412447278,218.29443365460725,1189690.4772036474
2011-09-26,227.14865140136828,233.7173609092652,218.23814116684233,226.82507604280914,217.21017143222207,1169426.6822455751
2011-09-27,222.36766972752784,228.68763971189716,215.18255442727298,222.54169380853943,212.98281177105756,1208446.314348908
2011-09-28,224.2886742733139,230.607424151098,217.27048470187344,225.11948983462585,215.76273044774317,1054368.9870058058
2011-09-29,227.24001801678452,233.65280143401162,218.14045884445625,224.4487578656038,215.12614464733332,1114311.1034006083
2011-09-30,222.6464456968821,228.37146081839498,215.41688664639665,220.4187088667298,211.39295140245315,1142097.7100968189
2011-10-03,221.57031249411534,225.24263618590757,213.90630411680192,216.74791115908064,207.7700235717212,1417761.5921525282
2011-10-04,207.629439027733,217.96006600208614,199.5850339292219,211.99551460314024,202.94077283991348,1761813.3990066226
2011-10-05,209.77264877036754,217.94912545835703,206.24904844384758,213.46625626491874,204.67766125024622,1366556.662441444
2011-10-06,212.94789063747143,220.27718962941861,208.814833833526,215.5592129892517,206.1958305595964,1362379.855570839
2011-10-07,213.33009782746498,220.93518304477325,207.15121943801842,215.07820173855293,205.86056120581506,1138476.8340237504
2011-10-10,209.08875163935335,217.86957976938834,204.61522659151166,215.25558427074748,206.00280937228706,880277.3684647303
2011-10-11,217.31658844504588,226.04441104572194,209.98477967130174,222.2340335931562,212.52714972806044,935694.0831491713
2011-10-12,221.2665137263404,227.33511344175048,218.05990315578978,223.1133588472875,213.31414290099576,1238877.6354367593
2011-10-13,115.63530692987035,122.81077011656524,113.92855375823672,120.83730259733568,115.69895098856348,930655.5433962264
2011-10-14,219.14469887627052,228.62331144743322,214.76733566510154,226.2634365592215,216.3437435284981,891778.5355960265
2011-10-17,222.84130512598625,229.29606919634526,215.54094110826213,222.81473167692022,213.14791653757501,1005308.1346893897
2011-10-18,223.66178017423465,230.2714884373868,219.11061285293175,227.79958189337347,217.9563077016099,1178959.2685006878
2011-10-19,227.85549495946375,230.9609888804082,222.72097202691086,227.11500956072388,217.30403606600032,1098927.7389867841
2011-10-20,225.06483658811248,233.20506456436502,221.658687796459,229.92692408780954,219.9343242286704,1054715.7462727774
2011-10-21,227.70693966563283,233.44999979641423,223.55550554827752,229.88603695988235,219.76331080195285,1110524.2848853273
2011-10-24,230.10691224501616,243.66597623336125,224.1733303139546,236.40579987063342,226.14693736966,1126288.5604304636
2011-10-25,234.77624904254094,238.93984000880081,227.30786133435032,230.4842575417622,220.46732450537849,1068589.2572453767
2011-10-26,224.78033996349882,231.6870138313657,220.00472210287268,228.0335329431045,218.13494779042708,1147087.914893617
2011-10-27,233.316639466387,241.27034411488808,224.6072941647347,236.42657918004713,226.08933677734186,1581222.4072847683
2011-10-28,225.4245281384873,230.14851474432925,218.34517997570018,226.00235327500093,215.78616100974264,1235125.806602476
2011-10-31,229.32149692140402,239.68874314333885,221.05838127341173,228.1516970956466,218.117928571044,1065291.3154121863
2011-11-01,224.82193048695163,232.56280015618606,219.904173945076,226.94545089987722,216.85098493036418,1340428.8137092316
2011-11-02,228.30178334650253,232.05060326557827,220.43009104751866,225.52479132029046,215.67457868028444,1052241.6473829201
2011-11-03,223.91830666023944,228.31466010974404,217.97934871561688,222.49251010188175,212.70894982481843,1120323.664731896
2011-11-04,225.31538396365883,229.54628187964292,220.43458407947526,225.52390280206941,215.75877789166248,969544.4552711258
2011-11-07,219.37586684137014,230.12976248119662,215.807729269143,224.81570652033915,214.86582060980606,861087.6243781095
2011-11-08,225.6107485869124,228.99188306791297,218.8348313172837,223.453119263023,213.46405567505485,957599.4878587197
2011-11-09,220.0594649583377,226.91531300457152,217.76415536600453,222.8336294489346,213.03713534545625,1163506.4863523573
2011-11-10,223.95159151213167,226.99882568404342,216.81452699342987,221.21203404611288,211.5004758987415,992779.9342141481
2011-11-11,452.06739004662575,463.2972186941527,430.33431351764347,451.5523452304425,441.5399624109314,963870.5016510732
2011-11-14,444.52157891867466,456.9901819595284,440.40205389815947,448.75527052838083,439.1058828772738,857110.2640680758
2011-11-15,455.21343201664865,467.53168975299167,444.82175431457375,458.78090672401436,448.9438777070664,938310.8666666667
2011-11-16,450.8273977855149,461.73020213311696,443.241360911097,453.2909808674376,443.95640406622647,991505.8215367667
2011-11-17,443.14317942374146,461.05722834843,436.1269860220188,454.64093836194377,445.49130540799246,1093582.4584808059
2011-11-18,451.83351752677686,459.20107122911816,441.5260057988835,452.4285087339748,443.23275992424095,893459.735823337
2011-11-21,447.19121645941675,453.4258107273007,428.7189368150879,440.0194973813667,430.9087640065056,987750.5406581452
2011-11-22,442.17177192523974,445.25858500021445,425.3734685261931,436.61654641200437,427.4913791961861,871691.9469820554
2011-11-23,437.1465638339078,440.86069298740017,421.92942385061974,430.7882010833247,421.84063483752897,899198.7131214344
2011-11-25,428.3483229005387,431.758492916499,424.86678865669995,426.8877636398221,417.9058217881434,458604.0800325556
2011-11-28,434.69357620562573,440.91171268605365,423.4795834445785,427.5934077277158,418.43504043437053,987833.9051490515
2011-11-29,428.2184507517742,433.5175688860688,420.83335537645826,425.6391598963183,416.502863379305,949640.5588075881
2011-11-30,427.7169985261382,445.24359748228477,417.52882019992194,429.9614484192105,421.0510120385508,1373038.9847908744
2011-12-01,429.9510225027964,439.5662459883849,423.37300104361367,431.8900490053265,422.9997486591936,1041699.2369488775
2011-12-02,437.2669326332344,441.56430293960085,428.5104127535156,435.6368750599807,426.7282612654341,1032379.5578489951
2011-12-05,444.6759648953516,446.77902996618434,432.25502976868904,437.1345513038545,428.16824998437585,998207.187567861
2011-12-06,435.7937997743002,442.3493728085187,421.9430644754201,438.07473547829545,429.18415705212686,835870.1750475672
2011-12-07,433.5424503511288,441.0684548473266,426.05545599616863,437.19014720466873,428.14792445992555,1072625.340287185
2011-12-08,437.16868901036156,440.6492823653454,422.88123965985994,431.8694993765037,422.81487777600074,940996.7673913044
2011-12-09,427.4634551820706,445.6177148553631,419.5954030456628,439.83714103302356,431.00145909693214,936436.3542345277
2011-12-12,429.60211822252796,437.1921848515313,416.60919368797187,428.71366607994185,419.9443873722403,850430.0783622559
2011-12-13,428.325799396733,435.5918853973181,420.74859967834897,428.18617480899246,419.5036730358887,957433.6351791531
2011-12-14,424.70069356083764,433.65159541501976,409.05565139565334,418.20699331073143,409.6226476020491,1065037.9601301872
2011-12-15,427.9548935622223,433.70545500826273,411.88527497176625,419.62237708818344,410.9975799138094,929475.1831253391
2011-12-16,422.22055110808714,427.3295086882414,412.694658796471,420.9127704430339,412.2259088886411,1403121.3916938112
2011-12-19,426.5464258574459,433.36621593738283,412.526980934449,427.62276406738084,418.8484810657967,906854.7891321979
2011-12-20,428.388822333816,441.05532670314017,419.08627340545615,433.4656469926721,424.57235693773555,981193.7589382449
2011-12-21,434.9463033791205,444.8424607448332,421.22554397578995,433.41802877469235,424.4375172431868,922018.2129905277
2011-12-22,436.94332986754324,447.6919889794068,428.5205597513309,440.67745513263094,431.6453690542487,857086.2479048391
2011-12-23,438.35895818201703,453.3995280912183,433.3261015624977,444.6096705448361,435.5205034220154,588259.9474966171
2011-12-27,445.0331061635551,459.9339594816527,435.74619686109014,452.4635415158724,443.3147698485749,447510.91673469386
2011-12-28,452.1718713462739,463.27739055858297,438.85255742190606,443.6994354921423,434.70975450964704,648627.7458772641
2011-12-29,444.0842196487753,453.52505198248457,436.59747115454127,442.1582056938626,433.17926507343384,616133.4067476384
2011-12-30,441.93930127470367,460.6638478589043,439.71188105701566,458.9321362021841,449.7862607863515,590875.0879566983
2012-01-03,461.2763367155579,467.665438688592,444.83777890598753,458.7710813437905,449.4913589476779,1061908.954029205
2012-01-04,460.11893359647144,465.0072460862288,445.0478030022399,456.21295284762425,446.87567979805294,939390.7417522985
2012-01-05,461.6959365472308,472.8319559294364,448.0021639139703,453.75483780535615,444.34627828624724,1104276.2991614824
2012-01-06,451.8522655088288,465.25490703300744,443.72590021376413,461.09074562663886,451.59260981897125,952011.756097561
2012-01-09,455.33313734192205,464.68234068878263,446.07744190737856,460.8144951817859,451.2340103501527,904801.4639091647
2012-01-10,465.5288228655683,474.77780001751773,452.41847404244476,465.3397737287127,455.42283603053727,1090245.8589951377
2012-01-11,465.1725543693098,469.38999591729606,454.2993935299934,464.6029384006084,454.60216275407777,1011897.6775675676
2012-01-12,463.45675215962746,489.81132812764474,456.4891187199634,479.8196516983979,469.6114448985985,1048762.8236564947
2012-01-13,474.3432559107159,484.9859921138315,460.9314405072112,479.366677881867,469.1688853689067,1049187.4682002706
2012-01-17,479.7246051063012,491.3087621734945,467.89744089284,481.4759345837911,471.1868914019412,1089366.0459335314
2012-01-18,484.95853834737295,496.181236542857,473.2281184170385,487.1654913522595,476.56250055409106,1136742.8310810812
2012-01-19,492.9569477573397,496.13920621870716,473.7770465721268,483.53438673307943,472.976010069958,1171688.46
2012-01-20,481.2805242769489,497.1867821593809,474.0630038675461,491.4987848946498,481.01104187682614,1147331.5054112554
2012-01-23,480.675243374383,485.69335347668374,469.5143986542781,477.9384863450469,467.6517274504518,1051581.6582004863
2012-01-24,477.85595280145895,483.2386050694255,468.2497269818142,479.04497465467006,468.7779663148115,1062552.2103131749
2012-01-25,478.9710427650182,489.3964804340288,470.8045481166398,482.9716023019153,472.7044290437703,1247993.3933009184
2012-01-26,485.5396810626763,493.68382719203225,464.89709029961284,474.67420669633935,464.43071459650884,1210532.089556277
2012-01-27,481.84154117539936,489.5317320590116,461.49618083912515,472.1449475176307,461.8993054502814,1115544.5135208222
2012-01-30,475.07335969512184,500.53146801727496,465.4809468277265,496.5255982418379,486.0225737157759,965878.2965461414
2012-01-31,490.3649057021494,495.1854471455983,474.9948930461987,481.7539623171383,471.35175445382555,1153738.7704962243
2012-02-01,484.3377644348259,493.3424253613249,479.9740341438469,489.7684106799857,479.22182228356974,1225864.3535598705
2012-02-02,489.57669119264347,497.18805061372274,478.8252798511244,490.24266317896917,479.9572606644181,1050447.6367809884
2012-02-03,495.4596898662613,513.3330893955193,489.93642348238063,507.90714026764493,497.4517497461087,1212841.7431812044
2012-02-06,506.4963818434681,524.0661324085013,494.98431788346386,507.5400279648652,497.080498736895,918387.9173175329
2012-02-07,506.32200040764565,517.5551592593831,490.31118879186124,509.66662339317037,499.19337563628545,981490.1049233252
2012-02-08,669.5790404036197,682.612882784294,658.0798291404124,670.458745077736,659.9162585195918,1079218.2526824034
2012-02-09,676.3844641575015,704.8400793527128,668.8124650252803,683.9945234365782,673.4794894577658,1094754.3926462694
2012-02-10,685.7444441033499,712.4971172295179,676.2024634496493,695.6964907343732,685.3239838986468,990177.1847767617
2012-02-13,683.8850477941216,707.8251010845564,676.5724466657251,694.2065871361771,683.8887120370234,927698.992214765
2012-02-14,698.0176357825744,708.5153975315114,683.0531468528555,698.7199047035172,688.2904651469094,991333.4056882211
2012-02-15,683.884554144197,706.2754330628698,668.4827752543364,685.1276965239284,674.5511155276399,1083289.3832743121
2012-02-16,721.2466332505714,749.4246849855558,713.4613933985281,743.8645518329402,733.3284927580152,1082956.8848940167
2012-02-17,739.769922717542,772.6409084307038,728.8567232375153,758.9608162504403,748.4391346165788,1016421.9295130481
2012-02-21,747.0557560593736,758.8402559450473,736.8043754855123,744.8727876491246,734.2922255015442,1048281.8337355859
2012-02-22,730.8540007550879,751.1548645060743,722.3685328905117,733.610569874538,723.0722383831286,984567.5496244635
2012-02-23,742.1430726002955,756.6376643284433,726.2247656673384,741.336012243977,730.8532195946976,996610.2606011808
2012-02-24,740.37282091143,751.3141640564256,725.8356643205494,731.8062573708659,721.273084160354,896386.6509940892
2012-02-27,737.3422807919623,747.13340096597,708.4616123227381,717.9933992826955,707.5907122575893,997974.125
2012-02-28,699.7899886370967,719.708819680912,684.9996760152366,702.5844681824562,692.1026529823773,1008729.9027852169
2012-02-29,701.3627521357906,726.5567622539814,689.970501678381,714.2435570831891,703.8659214341769,1194154.6687215224
2012-03-01,702.9044528347855,731.3249191557901,680.4939781999327,702.5133972165451,692.1244429484112,1058359.637751004
2012-03-02,704.4718867783637,713.0019142302764,683.9910908401372,689.168221584863,678.8465795084056,918667.3626107977
2012-03-05,672.6880130309859,684.2406303855004,652.8620117511443,661.2701703760973,650.9902051445126,944043.1934706984
2012-03-06,660.9235847313264,666.2134296274086,618.176441758225,629.2409540725628,619.6436392435637,1100722.815141787
2012-03-07,614.6787767519096,638.1319570135472,604.430302804522,627.9788483685677,618.3918076591292,951858.5794117647
2012-03-08,622.3053629331757,636.7852256262069,600.7458282067826,620.9795344118407,611.3627975637966,951418.4197002142
2012-03-09,634.5402676621899,649.7464036884675,605.4293250033687,630.0620268225543,620.3892290067934,957964.4660766962
2012-03-12,624.1197077988363,635.1374580443314,603.8180788792109,614.531620974028,604.8976331812153,820385.4571734476
2012-03-13,611.3467680922864,645.0282572164753,600.920136527229,626.6386572973912,617.0012823231805,1051272.2443850266
2012-03-14,627.0772925496401,633.190677509279,611.0663552940754,617.6323709202035,608.1304139006472,1058678.7373062533
2012-03-15,614.5225183607961,635.298683717602,606.2416888013544,619.3837400148285,609.7896959214743,1077592.4514148424
2012-03-16,637.1207296071418,659.3405586162203,627.7387772904686,649.3015506536749,639.6722763211136,1314839.3400214019
2012-03-19,649.2168630868302,668.8676611649336,640.7793163377327,653.0326324406332,643.3772968413722,915187.2650827549
2012-03-20,650.2370653659486,657.9093815703196,633.0035352191087,646.4136016418629,636.8012904930886,916786.530448718
2012-03-21,646.9098083242561,664.3436188503524,627.8414525756474,653.0845535197822,643.5092980933192,878150.5966319166
2012-03-22,653.0908919478488,660.7525491105496,619.1307503127459,635.405405211652,625.899907192402,931861.0545308741
2012-03-23,643.6333795085874,655.8053837587725,624.1709798504976,641.6145256512726,632.0515499755935,936549.3588439925
2012-03-26,637.261793641077,644.2824542313699,618.1322607364164,625.2122806563424,615.6352956019139,968703.3189102564
2012-03-27,624.2050726528453,635.8093107049297,607.2893165703209,615.9906870092638,606.4668839401369,962030.4863782051
2012-03-28,618.8668037277406,627.0944820012833,604.701878761904,610.6573112687964,601.144498622522,1035636.7644859813
2012-03-29,606.8340740690134,611.4284785631368,576.726585761542,589.9459814532678,580.5436329893416,992875.6703150027
2012-03-30,597.9053958305618,609.1388766742966,579.6102116403525,592.6193346104478,583.0727963146412,999302.9655264565
2012-04-02,574.5466910051682,594.3695593025277,570.0109059271207,587.5116311775145,578.180195732929,965336.1890520694
2012-04-03,592.670544062314,607.812579625459,582.4053801086004,592.2320302675262,582.6772506238808,1009137.1386666667
2012-04-04,586.5746728552114,594.7456635708733,569.902905374247,580.0655230259276,570.5766925606008,1034254.1514262863
2012-04-05,581.2560468501068,598.7680294786517,571.7544111644384,583.5689554653796,574.1344819316226,884877.3089647812
2012-04-09,580.1512232887718,591.0701109843321,575.8173105286187,584.5419820056342,575.0990590070596,706038.2050938337
2012-04-10,577.8488912889002,585.1715235431119,556.5751203685126,569.0453371681818,559.7582792873079,1198311.6838881492
2012-04-11,570.3400762539911,579.7615380681217,553.7864798251254,568.3596509527874,558.9524907852726,954701.8808952838
2012-04-12,570.2984774489983,585.6871928827189,563.3102448947919,574.5600015037335,565.0518377211318,926210.3655742073
2012-04-13,571.0429481564165,573.2897213892829,553.1404940628047,564.3305829273777,554.9376210394761,928335.9022957821
2012-04-16,565.1840544927069,575.3975834146883,553.6964434690998,561.9371509292444,552.5839586139306,946860.4680681214
2012-04-17,561.4197125276662,567.2740345276013,550.2219554454556,555.3859048339392,545.968281400281,926457.8640957447
2012-04-18,561.8323602612342,569.3525265338499,545.561627985717,557.1521169263262,547.7388389702076,917475.8547099521
2012-04-19,556.557937709999,564.6382753106652,540.877154823323,549.306288174458,539.9496005753093,1103853.3173000265
2012-04-20,554.9494040749267,568.3329432276827,542.0464662573048,552.3777732996235,542.9345020601229,1017608.8292488012
2012-04-23,549.9642370498187,566.5795217365725,531.8311275246699,554.3840957443546,544.9282252144718,1018099.2045696068
2012-04-24,559.9456296804635,571.2193599968145,542.9374023049384,557.9137343613994,548.4023712805257,994706.1220159151
2012-04-25,557.1937145556021,572.735812173101,544.7713048070251,558.178311300258,548.6487979716795,1078121.9527976664
2012-04-26,561.1838516843346,581.1993901935738,548.1395497927944,560.6721073435439,551.1351046310176,1063495.093418259
2012-04-27,565.6354006054153,579.3124908456057,557.1277070597455,568.923546296069,559.2504300828691,1047838.5941990421
2012-04-30,551.56925993151,578.4463781593931,544.6855099030826,569.4565605950652,560.1469084891193,915059.2249667995
2012-05-01,573.0728996123141,595.2076316876983,562.9718238711404,584.256657275628,574.8236214078585,993146.6945773525
2012-05-02,600.2808069260991,616.7212569441906,572.7031088020209,585.4877054834853,575.2516432169547,1015745.2606735614
2012-05-03,595.7265302715547,607.4945224114165,571.6495823396623,581.9443041657399,571.8678299469144,1094353.0445269016
2012-05-04,569.8458409734076,585.9446019564838,551.8414896813332,565.8679668353235,555.5855944593935,1044402.2595541402
2012-05-07,572.1724386981516,585.3269898828759,560.5541216222517,576.7127302878304,566.2029931233676,773086.7212153518
2012-05-08,566.8480927534271,591.9297522235846,561.5869369262037,581.9535579348282,571.5686487831342,1157883.1614956246
2012-05-09,575.551021684129,594.6570274006302,568.7097020690785,582.7405683871496,572.4178120391614,1084767.439703154
2012-05-10,602.6313150981814,617.6826103604647,579.2715363170158,599.4167117488845,588.9427141914366,941978.3278558176
2012-05-11,606.9345762728057,624.8995180291118,591.8875230094726,612.7003303863096,602.060827349082,944503.4111728886
2012-05-14,602.316033542987,614.6756071029117,585.8545221703582,593.8272171252393,583.3768518157365,929643.1611537443
2012-05-15,604.2183627802,616.341911471594,583.4988623049995,593.9557839863209,583.9498157132529,1022509.0021499597
2012-05-16,596.2338807695992,619.3089816618359,586.7315367637185,602.6951587000369,592.8726707324487,1065844.7657490736
2012-05-17,595.850244025125,611.4498755926368,555.1845455529096,581.726097280465,572.1485903033246,1203349.8400317293
2012-05-18,586.6872746804887,610.7028285656687,575.4856691618528,589.0212929445237,579.6569544646078,1178134.0249204666
2012-05-21,582.5401800750705,611.2062873116557,566.2064642189056,593.4687062906769,583.8236400329538,989150.147913365
2012-05-22,606.190823831843,621.2309222489938,588.4727449568094,596.950933777217,587.3241589798706,1075680.3901215002
2012-05-23,590.1969173834682,605.4141699077119,572.8623738405693,596.0889759439052,586.5189540771412,936903.8173382821
2012-05-24,598.3501330081282,609.0823413957755,576.2945441268146,588.1648096109338,578.5616382677258,1002679.6550264551
2012-05-25,584.6131867714666,588.751929488499,563.9839981876021,575.300487701288,565.7086425377286,729257.9209968187
2012-05-29,575.4858827498789,582.7264997200916,549.3379933676545,563.099204926339,553.4463125498759,913211.3408309077
2012-05-30,555.5609255094436,559.8591264730592,534.1837670961575,543.7423385793192,534.186363155047,936833.7501322052
2012-05-31,541.3456576538692,558.1833111897499,519.0842386010112,536.1541493845762,526.5168601905755,1213504.005023797
2012-06-01,522.6620005868533,533.2509619439991,504.6187070709983,514.5851261973465,505.13953573440006,1260132.8382314006
2012-06-04,529.2725902509652,540.3714489261894,509.0720437161546,524.6727058165836,515.1376415495167,814950.3273650454
2012-06-05,528.5484551558577,539.7835016693855,518.0667410861079,531.5886903695663,521.8073938489293,724784.5289719626
2012-06-06,531.4613396981581,549.1689609005372,521.5378023253619,537.061653964001,527.1193569148467,1035078.8757271285
2012-06-07,538.988358594043,544.3994748056974,508.18469834834207,515.631027834925,505.8278286149138,1026170.0444444445
2012-06-08,512.268209887178,526.1600745347249,504.4642885456351,520.198207002012,510.36465233986144,858754.8093725179
2012-06-11,518.7385363480909,529.863332593995,500.7110309963018,507.65817027400794,497.8216085820163,920385.8698521648
2012-06-12,513.9221126635031,526.7782906581604,506.14014714893983,513.6659824568803,503.8336726083818,860606.7255420412
2012-06-13,505.3721463484283,514.941509177094,496.28745285799187,504.58835004045125,494.95894812501194,890068.8286620836
2012-06-14,504.1184043377719,534.2596473160849,494.6707768361379,527.5856819795138,517.8659965199265,978789.4364116095
2012-06-15,530.6334344025154,546.666626774095,524.6628313603228,536.6313593265268,526.7531807005616,1078788.2802970035
2012-06-18,536.2168721004083,552.8325988390104,526.3435619116427,547.8126883218296,538.008662809121,829046.6549723028
2012-06-19,540.9196152931719,556.1185846657709,527.8080607395825,545.4213532075306,535.5187139237631,970556.3685736883
2012-06-20,551.6047564609026,561.8108046812633,535.4386781014418,546.7072283475089,536.8727839950785,889092.1348640802
2012-06-21,551.9643755883812,566.8464497520316,538.3110094338987,549.3168938246282,539.5851294259496,992884.3099260824
2012-06-22,557.0174659742947,575.5131274932719,541.649181134634,559.6162709346264,549.8364672569434,1256558.632934927
2012-06-25,561.7672949602452,572.1055270561227,543.217838752546,552.1070194573674,542.4688217647763,873952.6591869061
2012-06-26,550.2655459663789,570.7352303905768,539.322414214348,559.5080184007171,550.0629825424331,843124.7612886189
2012-06-27,577.3015161064674,593.0530310756765,547.478815016214,556.5519604157568,546.9095684964406,809039.9601056803
2012-06-28,559.0765966087409,572.4755425727097,536.5933298712979,555.5683748972788,545.8453123595618,904992.5773195876
2012-06-29,561.3683221383881,585.7574268528355,544.890795663281,567.6582160604557,557.8198632585396,1146417.45814629
2012-07-02,561.7054159485189,581.9076529307821,554.4412538624763,573.1872742400164,563.23132031334,855943.814229249
2012-07-03,577.3057412948549,590.7786327709006,568.7797227195531,585.1472756404695,574.9803228075065,558853.8374241225
2012-07-05,586.663290424347,596.7576966777802,571.1561540389588,586.3581057624605,576.2267434838797,791637.4719367588
2012-07-06,586.0925821191439,608.3971246893259,553.3926069820177,568.8037405822512,558.6093976873325,733110.8594080338
2012-07-09,565.4128429253424,589.8894033954425,555.1110492583622,580.3509792066258,570.2537807163148,766090.9292875989
2012-07-10,574.4357662321955,592.6408904211378,549.9875429544953,571.7156375182076,561.7077873033155,840599.0269271383
2012-07-11,574.2121480483157,593.7167379681044,557.6468469253325,574.649112468086,564.6184018999677,904021.441664472
2012-07-12,571.562412481707,596.8952031640059,554.5430187536564,584.7119424487452,574.6976775993933,896419.1818901795
2012-07-13,585.6741819229654,611.7706742204717,576.263978079988,590.8756086210352,580.8181026767991,773527.5175786413
2012-07-16,583.3432943402481,593.6430458109853,561.8807557720212,569.0121982522372,559.0196638128965,781906.5101395838
2012-07-17,567.4867370625316,579.3832488883104,549.1681846950893,563.8916443649225,553.9601756423123,864670.6821419151
2012-07-18,573.6388527464567,603.58388960637,562.9127282936962,589.9564072525795,580.0466353395519,901873.1497495386
2012-07-19,584.0261803906184,613.0040218185901,568.5294730120095,597.6034591859418,588.3521787542521,975152.3587987355
2012-07-20,605.3649495176709,615.5130713220673,587.2877032013386,608.1806549501433,598.9007171045303,995471.0718436345
2012-07-23,589.3386499453794,609.1948009626543,571.4785551944925,590.3745567191784,581.2658208309381,889799.8623321927
2012-07-24,600.7218769474193,612.7728244868943,584.0208326956254,595.6956002138552,586.638072099249,911054.4323397521
2012-07-25,605.8389307879597,618.3569752136341,581.6566520235231,594.1280338278167,585.0254624626333,919688.6296784397
2012-07-26,603.5392915245028,612.575790343875,580.3345690971848,600.5813565763818,591.4872749278275,974331.2850726552
2012-07-27,596.7975308977387,604.8128709928963,580.9784639944722,596.3338953860285,587.163102887255,1041962.8047040169
2012-07-30,608.8053174421909,637.1339891849638,603.4856088082976,625.7722018439109,616.6061712588548,794244.2015789474
2012-07-31,629.4063415842684,650.5906901246971,612.2177567284862,630.615103590017,621.4089266536438,889263.7328767123
2012-08-01,617.525724027503,634.7358121690307,600.6933506292772,616.8539189666825,607.6656343829648,968252.3854468758
2012-08-02,608.2113300274929,614.321504609915,574.8763897176425,581.3942607706006,572.2510426521638,1003186.8887427669
2012-08-03,763.5880145223099,774.1850333389776,752.0486169795109,760.8429354353999,751.5943098896446,890556.6953659821
2012-08-06,758.3044973199821,774.5668208904767,745.4253429502412,762.9741117076504,753.7831866346778,789276.2736814484
2012-08-07,651.1850521630334,663.2710999060552,640.9200680289528,652.5668964078095,643.2603652754293,924734.7475702653
2012-08-08,649.6337482463637,660.3543295100612,638.5322807211294,649.4342020887875,640.1073953648444,797084.7883250066
2012-08-09,774.3841094701982,801.380752112605,766.5771990986889,774.4247842824494,765.1205157505381,796956.9011306863
2012-08-10,761.1437672377982,769.6298987095323,748.2139406208042,759.5695413338495,750.2392414414747,743001.4066280904
2012-08-13,753.9106875004895,759.64647419122,733.9319729277491,746.754700627734,737.5120052676306,668627.1063105525
2012-08-14,615.0674249017894,628.1950443317558,599.979662302033,614.5289291032419,605.6993339807404,756750.052617801
2012-08-15,621.7741859285104,630.187422062737,606.7235397220163,618.3543853884522,609.4269216512122,707686.9997336175
2012-08-16,757.7722788111523,774.6650203835725,739.5720808800074,761.2909734568311,752.3942833291521,851336.0746464117
2012-08-17,764.4872021380318,772.1335785498455,753.7562582554718,759.4908055848706,750.6260909544461,808709.611067401
2012-08-20,761.4749702054145,773.4446736894246,752.4831853514272,765.2127148042758,756.4211240492161,720234.0760356581
2012-08-21,764.3964089431947,776.0249348372919,740.1078420692586,758.0097067142264,749.4124780111964,832302.8853703219
2012-08-22,762.2403758889218,771.7533283146437,751.1788486216985,766.0623305003813,757.5385442641436,759922.4320146712
2012-08-23,760.8409185379256,768.6445015494355,738.4491857366022,761.2505601152654,752.8815740549617,727141.4542355101
2012-08-24,759.1053643876692,772.779243452277,745.2440410642515,757.8442362714833,749.48908748752,704166.6354330708
2012-08-27,768.251352714132,775.9120571704314,756.7025398712325,765.1944393989106,756.669373517898,521419.5803642122
2012-08-28,756.8481276536018,763.1317028135281,746.0014945903248,752.6757061957479,744.2419560448153,677682.333420639
2012-08-29,752.1802056474235,763.9912039268364,745.1065065697087,757.0695307901071,748.662306173995,654807.6374115797
2012-08-30,757.1024536908074,768.1601360337987,745.4745340153062,759.3296873463257,750.947970582577,658060.9182389937
2012-08-31,765.6598583218693,778.5108949324916,757.164106492492,774.2760940736905,765.834695160652,782312.1884858044
2012-09-04,776.8283087615736,789.4625241530435,764.4145654516195,775.197897092744,766.877120040609,807195.0005243839
2012-09-05,771.7679434120579,786.6227430528603,763.0803512050529,777.2086850998697,768.8796508578718,794991.3120902177
2012-09-06,778.8778684547449,802.1973168891768,772.3442435673478,786.8621402288823,778.399963566781,943367.3086808288
2012-09-07,785.0929158310811,798.3779021831888,778.50750263645,787.9006141112625,779.2461203539191,868229.7536117678
2012-09-10,782.7330121220075,800.7010410172333,766.8966049511178,790.7417791625875,782.2577483039165,804254.8651479445
2012-09-11,802.6729736281666,814.6775649282442,793.2418604956682,807.8068564404567,799.2529126587534,831252.920722135
2012-09-12,810.8933926314953,832.8219895416968,803.1718135083016,823.0399458099578,814.4954068592999,854880.2071222833
2012-09-13,820.3149349039778,831.9481095811601,804.6038580626949,820.0897825485114,811.4467775971298,1088491.0209369275
2012-09-14,820.2688065848541,844.4416036748222,807.9289527425021,825.6383875239006,816.978327182485,1202414.9367620046
2012-09-17,820.8264989675775,826.7165725107725,805.4493099565012,812.6646020002237,804.0639025398813,900832.8150864327
2012-09-18,817.4044110501266,824.7253017413808,804.771488127687,811.9673802352089,803.3379881169234,894582.4183246073
2012-09-19,806.0442791527774,818.8324009577374,794.7802207486267,809.2232820699858,800.613207429489,902721.8454688318
2012-09-20,812.2848138729405,816.1219400128568,799.1776029108046,807.9363265894134,799.3323164779756,916735.8569931901
2012-09-21,812.490009958587,824.6622372950306,802.597634480508,813.1905771937236,804.5127923547834,1257817.9516044187
2012-09-24,808.0558410203655,816.8921620014024,795.5676243433022,804.2338456209192,795.6516619827659,815395.7969609641
2012-09-25,813.9512757569603,822.3451288710295,798.3092197112469,808.2591100790779,799.5234358509416,991639.0835084034
2012-09-26,811.053783348373,823.4486098663615,797.1222390577102,808.8498395183266,800.1268515826297,900730.117847769
2012-09-27,825.2611623179379,839.9852452699545,808.4839823290779,824.8104757717185,816.1184451633133,828149.79837441
2012-09-28,823.3584762022472,837.628104998736,816.0702626064835,831.4095180878093,822.7211514788175,926846.0884514436
2012-10-01,842.6878741035387,857.2537895297834,834.2390374501231,844.7006359161275,835.9745643534766,928288.2344773383
2012-10-02,845.6667512129475,862.2442249750517,833.3092695143528,849.025462868564,840.2847851968477,872368.6072175732
2012-10-03,1045.8700234933578,1055.9559756944877,1032.2860609350516,1046.549467549558,1037.8427012875989,871945.5698587127
2012-10-04,1049.9259665966656,1060.8258598189893,1039.29884848199,1050.9373459610958,1042.1737494838776,845684.5302435192
2012-10-05,1087.7880523104377,1096.513583163336,1076.2271106626254,1086.1370743994748,1077.1644678120963,814848.671016857
2012-10-08,1041.714637552213,1054.6161620529376,1037.2712765069612,1047.9001624863138,1039.1212262161398,638599.0334378266
2012-10-09,617.272141633843,637.3973685340447,610.3894778542941,628.2894767987913,619.5313700188462,829681.4609150327
2012-10-10,837.5767644635407,847.3610260990388,828.3977381197799,836.6769350999132,828.0007506480649,859886.7811439018
2012-10-11,457.7875053807313,460.2327897962728,454.65114265672514,456.93164247866986,452.31283017070933,805794.9098883573
2012-10-12,852.3470396331837,862.8034901149639,844.3029808488571,851.3154164225781,842.6098854796945,786730.5761693232
2012-10-15,842.6800650044898,849.1771189031468,833.8795035460772,842.8233720887473,834.1280519066777,756827.9498825372
2012-10-16,844.2562326587087,849.8599057756503,832.3036450885942,842.6847304402881,833.9696518371926,870715.5801407349
2012-10-17,844.0084706758471,852.8908733434778,835.619148879614,843.904722281384,835.1908100086648,942814.9445168013
2012-10-18,845.794955584504,865.0118131514143,835.6919193180549,855.7942731294143,846.9979654222025,935739.1043841336
2012-10-19,854.9839093822369,867.6825897379244,846.5930006825812,853.6347426725129,844.9242378240909,1007616.7139874739
2012-10-22,855.7178863687858,863.7503365662762,831.0092343655834,840.2203938071434,831.5303152911328,883208.9279021343
2012-10-23,843.95996292417,855.2975228421307,830.9843469794752,842.4609639131897,833.7661038401795,912604.6588480584
2012-10-24,844.0237616167392,849.6924801979491,823.3730330515691,834.2050291653051,825.4442573647838,885293.0861754752
2012-10-25,835.9187640971707,848.6630908955367,819.7510522582787,834.281987362894,825.4415441073689,934758.0820098933
2012-10-26,831.818921467645,839.1863565503936,817.4462582850692,827.8415976625696,819.0172936250038,877231.0020860495
2012-10-31,831.0628382638974,836.0990158898455,809.4710053599283,821.1086577681291,812.3920632907544,927634.4988284301
2012-11-01,827.4853005954644,840.6811452836553,817.1289655626749,833.5248181646106,824.5823482056365,1048625.8903645833
2012-11-02,828.5565208834457,837.952025591704,813.1876487334741,820.869961578356,811.9535026575326,1035104.5044270833
2012-11-05,688.8950654270797,706.2460047892201,681.8283253681653,690.3330734028909,681.474701384518,801717.9937629937
2012-11-06,692.491690049242,708.1525705971727,685.7418711828085,694.0730268507748,685.1420021567818,898279.566008316
2012-11-07,694.6328772350663,700.6319290695461,671.6747012392339,679.7420745076253,670.9974632236663,1141250.3664241165
2012-11-08,674.4934710256733,687.1195662528061,660.5517748036707,672.9695926523187,664.3315439036462,1025163.4833766234
2012-11-09,670.2752864700117,682.1477271990498,657.4849581432946,672.5183532188689,663.8756685599918,940662.5671525247
2012-11-12,676.5217332623699,690.9577782331893,657.0328180809383,669.0395273590286,660.3511128891554,710345.9631360333
2012-11-13,690.421632832133,706.5813865162144,681.3304266638535,698.0173005553556,689.3909345188167,854921.1114864865
2012-11-14,706.698366308573,723.3283077505837,689.0055497301371,696.0658137981928,687.658655494634,989385.0744456177
2012-11-15,689.1549802559393,724.615476444661,670.2592229063232,680.911716692917,672.8860182250153,1037129.1840602284
2012-11-16,683.232809215577,704.490087937185,665.5100561526086,693.2206472738364,684.9198354987764,1065103.418120281
2012-11-19,698.0094401639094,710.7869506076001,676.5626130006227,693.9093993646122,685.2046476650713,877476.1299376299
2012-11-20,695.3482169154254,713.0224035192465,686.9164944214103,701.601088668152,692.8807987625639,803993.4346243826
2012-11-21,702.0716595061729,726.1630238565305,695.2995230194873,710.7142320370021,701.884760164627,645806.405974026
2012-11-23,710.4884113546574,720.9646777214556,674.531850575055,717.8609527168217,708.9235217738437,380780.01691386936
2012-11-26,701.0770577020907,709.8907359659174,691.6445932399099,701.211616180932,692.2831812976609,731231.4143302181
2012-11-27,696.1113528138001,707.9625162595926,681.980192523393,694.5054275586375,685.5251169329899,876657.0698338526
2012-11-28,685.4910758611809,691.0872107623321,661.6070193614217,681.4206622015382,672.4446151732085,870499.228051948
2012-11-29,681.4056925560375,689.3951386502504,664.7177562882082,673.6032187534033,664.5834914808667,855480.4855806703
2012-11-30,675.6593306353815,682.597167219222,658.1844807548717,670.1353838615416,661.5249020428572,1045435.5568862276
2012-12-03,672.1828756678242,680.8268979422315,658.8716294098291,670.8758336065525,662.4054546236254,773815.6117891456
2012-12-04,664.222311955455,679.2361016894225,657.1108911113587,666.0711075167344,657.8486744052436,845227.8129216399
2012-12-05,630.3219813530061,645.3860121921451,621.5246703192624,630.8496367386064,622.7196488222802,924774.0894013994
2012-12-06,630.0234197632141,643.2168469910694,617.5775543542599,625.3603655547449,617.3071837534287,833950.4257964258
2012-12-07,628.7544607289744,637.4574090476365,605.9785211426704,617.8876342179259,609.7316369249393,826165.0646081993
2012-12-10,611.6388663002042,616.7862120186727,599.7968307271434,605.928781491781,597.7797951368622,735589.9147447526
2012-12-11,606.8515655893942,613.9950780718954,596.3254227490696,604.4286144606673,596.2710035951015,908584.3440497796
2012-12-12,600.3746239803768,608.6506200014526,589.8058795575021,597.0749130562491,588.9354823249794,926970.2802283342
2012-12-13,594.6783042732794,602.555949113719,585.3218620404718,592.9795749922632,584.8632675651154,865779.3830394191
2012-12-14,590.1130438840432,599.665768882273,581.0955959980126,588.9289681083173,580.7694470440081,866758.7451997924
2012-12-17,596.3623606781739,605.3557064533678,588.3847474456255,596.4768377121784,588.4313320331295,869709.0935475512
2012-12-18,360.3575488103776,366.62359918805544,331.7064094106457,341.0763748662121,332.8658428055656,1046913.7891737892
2012-12-19,335.6323939649213,342.43735699484716,331.0574044853479,338.06180960056724,329.85696367075684,974256.3047643708
2012-12-20,367.738180844055,377.23686854271443,361.5409069428995,372.62982835592504,364.3065128395997,880424.6838692946
2012-12-21,375.2532599096325,383.072125423603,367.66854109541254,373.998152839842,365.7413395490244,1276188.1783671346
2012-12-24,366.6604915997175,371.6013253450647,361.8228699063156,368.62473778893974,360.43208006015846,309304.8450777202
2012-12-26,367.4210532958421,372.0020383397695,363.62756257923223,365.7350969449249,357.55621385088966,488047.1142857143
2012-12-27,600.1070515419993,612.1216956970907,595.5524131771288,603.7532774411354,595.6802757263632,664580.7795601552
2012-12-28,608.3281809871507,614.261153956929,597.317577132496,605.2722391871743,597.1956267723006,591894.0805699482
2012-12-31,586.5370148514193,600.9623683067159,577.8127777426969,595.3700853736655,587.6701514889835,730482.8737360643
2013-01-02,606.1218732570743,614.3273847706286,596.1048536826743,606.950530971016,598.5219573849008,1059206.3965873837
2013-01-03,602.6336307613094,615.8593525570245,596.7174302849862,610.0614895600241,601.5615984217586,928364.7051514367
2013-01-04,617.2823746557052,633.9396673650702,609.56920536129,628.1381553872479,619.502711436095,872348.1457039338
2013-01-07,626.2778843916833,633.2488187795062,612.1490552127063,624.2298216623047,615.6745483003241,854018.2141565487
2013-01-08,623.8301532765907,636.2957433093849,614.5951867848348,628.5789118735479,619.8793245017874,911270.1427094105
2013-01-09,614.7254058913477,619.4025812135912,602.4279841342909,611.2943144593537,602.4958307060825,881125.868285124
2013-01-10,610.7032399486139,617.6000716094451,603.1095709969309,613.9653313445115,605.1353610567332,917232.4910829671
2013-01-11,619.4148213846762,626.7213190303605,610.7258876312336,619.654838999236,610.8455223404052,793526.0111427831
2013-01-14,621.1801956169785,627.8049503955062,609.7399948727659,615.0623652439034,606.3197784903064,774076.1402013942
2013-01-15,202.8325525099274,204.058449207016,200.07754965568103,202.94110313508895,198.54374290990842,840826.3409629045
2013-01-16,616.4848040944054,622.652989931484,604.3826459030264,616.8263584903291,608.0947908653958,827635.2936774193
2013-01-17,618.7596137740978,633.8624006662166,609.9050026958977,625.2633884485155,616.4293294910227,881981.319286453
2013-01-18,629.5914001196497,643.2918581426029,624.5704139495598,638.7045528550134,629.76758339576,898254.8078218078
2013-01-22,635.1142977945555,644.6575825506951,624.3390829373959,639.3150224245921,630.3732601414393,885932.3953488372
2013-01-23,639.2818407139216,645.1019111345944,629.6531864142297,638.3478523641453,629.4045912912408,916592.0516129032
2013-01-24,645.5620749472359,650.9268897707783,629.7163377730193,636.1146493263683,627.1574819328964,968688.2689530686
2013-01-25,637.2660706315937,641.2950801288238,626.3877997693208,634.25824529365,625.2717929153051,951227.9604344453
2013-01-28,626.6949310180582,633.0992442094629,620.5603490169483,625.8136161427244,616.7749053750819,938408.4431554525
2013-01-29,628.87322749699,637.4364162586086,622.4486296431132,628.3574190809044,619.2502756175312,982653.9543931977
2013-01-30,626.7568169356974,632.7224306283896,614.8752834356699,624.1031875144664,615.0794328474788,1003348.1798764797
2013-01-31,624.9682772510847,637.3115376027521,616.4450707529807,629.7475333382837,620.696381493196,1064866.6486207785
2013-02-01,633.0731314606577,644.4090058128293,624.7708295803038,634.4214624670802,625.295623289833,1003644.4989680082
2013-02-04,633.0781889435083,640.8387349305884,622.9870676934058,629.4619786310442,620.4767937198966,905250.3771251932
2013-02-05,631.4371468185628,640.9745424690963,609.5238917158696,622.8081737602519,614.2111864899504,931764.2300154719
2013-02-06,620.8316319146068,635.6804494113854,615.954939728744,629.6381872056493,620.9285663247709,1002886.2025218734
2013-02-07,630.5888505321508,635.2917686298639,612.7184161807771,617.5110294263479,608.8727442234675,985897.7283950617
2013-02-08,623.6530202748156,630.8213481308816,616.2356491776629,623.918453942095,615.1497973058487,842250.2925887803
2013-02-11,620.7505308281978,776.3938214438092,609.1281594261877,764.7447917352453,756.5594654449119,737126.5855229263
2013-02-12,773.9198835260637,785.1685718765973,766.1964816804082,774.4651292769787,765.6864626234213,831877.2827763496
2013-02-13,785.401200135221,793.9661494437422,778.193850957317,785.5655882845301,776.6862521999109,866996.5414595867
2013-02-14,776.7955347515639,785.2705215906225,764.3846337891572,777.0199189617141,768.1942221927665,970260.3175623553
2013-02-15,763.2767931946483,766.0843600640645,743.214402130465,750.7558503013196,742.5568639645347,1022615.7331786543
2013-02-19,764.0636458338831,774.5611919804327,754.2176539223098,768.1701050656724,759.4226986963678,975024.3047276464
2013-02-20,772.8845553268083,777.0251755871507,756.735858639203,763.7079023799677,755.0275182153929,1050889.4560637204
2013-02-21,635.609644482693,764.7643754435329,617.1669582466895,749.5712752175777,740.8104698842458,1034651.9065637066
2013-02-22,756.6350286639431,763.2057166552966,742.7847801270091,753.2444916466984,744.4080899176794,891429.7308978647
2013-02-25,759.9444805876632,765.1630112446953,743.5252169686831,749.5744577637325,740.9072890013947,1028539.0241521068
2013-02-26,752.0373054533776,763.2947965031598,744.2439330328486,751.9545376378434,743.1981178771949,1022565.5419238684
2013-02-27,753.5118695966358,766.2932010179528,741.7084671722049,754.7706000479656,745.910514278581,911962.3059337272
2013-02-28,531.9416674820768,542.1556977425728,520.5612231402594,530.9639618700787,522.0750392069584,1050137.7359897173
2013-03-01,288.4636708020717,293.97348989115596,281.320346065103,287.3529266702725,278.8609188770672,1015901.3712374582
2013-03-04,289.59470454813317,296.0406571256745,282.24521378436333,288.9208731109835,280.51771711499214,969818.9409044193
2013-03-05,818.9654387816274,826.3939902762456,806.9621596774488,811.4174981108184,803.1726948748345,1019529.7502566735
2013-03-06,520.6823393572915,529.0772613620813,513.7989328876434,519.5240121826881,511.310215276626,954887.9127310062
2013-03-07,749.5445347345955,763.3583699975011,660.4506119590483,734.1554379687293,725.9286282342291,931771.1509869264
2013-03-08,739.3079366557438,830.8147332828428,727.282199959137,820.5526731215082,812.4807697332059,964102.1337955829
2013-03-11,815.6432487782059,826.81103291019,808.1501064750205,817.8503528621842,809.9506178328677,838884.1246793227
2013-03-12,816.9971570083155,826.3921860787934,808.8376104521989,818.6445796742721,810.712840906863,878184.5035915854
2013-03-13,716.1194040893976,744.0293171935579,706.1806368431586,734.0348419656041,726.4072622053857,831152.0407796871
2013-03-14,756.0870643756209,774.7408514016221,749.0319054314455,768.5387426685184,760.8558124220182,913497.8517188302
2013-03-15,777.6733705892303,787.2144252930879,768.030356124809,777.1937641439474,769.4267307701434,1369223.794351733
2013-03-18,736.5793320661772,746.0249481103185,724.6707137368337,731.6436310642985,723.8574686835923,898093.6860286591
2013-03-19,738.6140941661614,746.6073945206384,723.1486878167952,734.6277100559266,726.8472355370162,1020437.9708066582
2013-03-20,727.5572351186755,740.8862134064002,696.9332472653062,710.5212031946434,702.7786936420978,900726.8044034818
2013-03-21,755.3229122444374,832.6112814976121,724.1320566474684,777.7253796831701,769.9596824885332,873684.9359959037
2013-03-22,576.1327937298387,580.5574983204152,566.5662280179343,572.3223820172691,564.4998902202348,819289.6676063557
2013-03-25,2881.0067787022663,3055.9584287293,2820.3094451120664,2928.0307535315324,2920.25595151336,869770.9438202247
2013-03-26,2844.2427097453287,2879.800111759616,2756.2124894357034,2791.74300425274,2783.9750561205256,808505.5423685554
2013-03-27,2886.5831476942953,2908.880620305413,2786.4346436284814,2802.087382364615,2794.196351169419,782275.3051583248
2013-03-28,2799.7173546491526,2832.6662488688694,2763.472196998452,2796.321495153806,2788.4382919521304,901446.7438712972
2013-04-01,2814.5398690645197,2874.823986648231,2793.34973195582,2829.464201511222,2821.6113536202743,574487.0206345113
2013-04-02,2736.652909257512,2741.6769627416584,2616.7680600940207,2621.7285567604367,2613.9862932637025,899863.4633835162
2013-04-03,2633.098513980468,2797.689812452002,2605.026782091878,2743.214206718385,2735.531763924671,1010438.4950166113
2013-04-04,2744.788356098879,2860.273337706157,2680.2438640944883,2708.479620519923,2700.8070714718688,883797.4798366514
2013-04-05,2936.0223335158216,2945.390547725886,2694.2445470217194,2730.8495384684534,2723.1770337501703,914143.5718302658
2013-04-08,2754.611640268984,2811.254406419736,2646.609510211228,2666.6744273218787,2658.9487757163292,733315.7024265645
2013-04-09,486.4930218702839,488.8154569333721,484.9523443480133,486.65972799798226,482.2253142228789,786354.4324746291
2013-04-10,2563.8581683130365,2592.264777930088,2482.496857946117,2507.0476576662963,2499.222904178676,944283.8638449771
2013-04-11,2485.1842699500703,2510.8478199348842,2415.417068987171,2472.3338771802737,2464.536348507907,875856.8438377137
2013-04-12,2281.170418900408,2308.6650999387193,2147.14323529159,2161.1158064590627,2153.2679899765835,810465.7955998976
2013-04-15,2180.0989279937894,2578.6813261291977,2099.92562518215,2455.2677262314824,2447.582644879433,1048003.9629818739
2013-04-16,2248.4642833119456,2338.0132931275634,2119.2579690175194,2143.986719924649,2136.282191400222,898365.5550458715
2013-04-17,2256.1405212800296,2623.834587598858,2249.0135210379217,2485.1296828438094,2477.5132091852074,1048051.5573937389
2013-04-18,2514.950939292131,2809.2185037411814,2493.2480937743703,2686.3035340978968,2678.6922754460466,977513.0947288006
2013-04-19,2895.6977678069584,2930.2892350224624,2588.3981333030024,2646.3047526262926,2638.5953682789395,929200.6637777211
2013-04-22,2668.401656492025,2801.6138847649863,2529.516528192201,2601.558133625786,2593.693566300369,742812.8834778174
2013-04-23,2479.006637396224,2644.9494462748416,2369.913115941565,2399.603998153435,2391.7060109305557,897482.5035641547
2013-04-24,2620.0311656989006,2664.870148281947,2548.072897172625,2620.8051012683823,2612.8501738572204,934985.3535995929
2013-04-25,2332.2882676893973,2437.62975100128,2310.9448949052494,2394.862866614771,2386.880014335596,978703.5350675848
2013-04-26,2429.95683866605,2464.801674249069,2368.641523367093,2385.052277102627,2377.078966279993,838303.4473617129
2013-04-29,2360.613358255728,2417.6930410411,2319.6669962919245,2376.1383507050873,2368.109208208686,788698.5977625223
2013-04-30,2388.034205677259,2433.1603855802596,2335.6334206494575,2342.528697579278,2334.489792621837,979321.9063851438
2013-05-01,2384.2896846877106,2483.4069509562783,2360.152925549626,2460.8525473449545,2452.9148515584006,873664.0674471876
2013-05-02,2386.0285797775664,2415.3661770668746,2311.222534987835,2337.6967152796446,2329.6862341344718,890733.6570048309
2013-05-03,2068.221166363501,2087.5416258657597,2037.126090485802,2068.453722357012,2060.4675981011765,893898.3047910295
2013-05-06,2060.977685508586,2071.474159975739,1971.9141226163263,2013.5681063730647,2005.5085701404337,658407.6119174942
2013-05-07,1933.954916848236,2008.79331012428,1918.833572223042,1955.1376738958024,1947.1559884083279,859252.8899315242
2013-05-08,2199.2321139560117,2241.0806761987437,2167.095952683618,2179.3385671219053,2171.252280471928,882496.8016759777
2013-05-09,2199.562408546359,2288.358292886614,2164.9013134530155,2224.630510254247,2216.6441722112368,870647.373604061
2013-05-10,2286.4821869379607,2350.0991129476847,2231.88073275527,2270.6877805715553,2262.6398369067083,803296.5623409669
2013-05-13,2267.2369985159676,2303.0521005185624,2235.6090555867504,2238.7410352029538,2230.7885164062473,711895.6011178861
2013-05-14,2231.3950721188835,2255.4534730021614,2199.7613399787974,2217.7648139676935,2209.8592095926856,922217.8689148073
2013-05-15,2298.891603444333,2311.813264600219,2248.829163119475,2288.6040865893265,2280.4686680347027,961959.5077319588
2013-05-16,2265.13777227843,2306.6129840858503,2220.3808943764543,2263.45450685302,2255.4340920950694,917081.5361033697
2013-05-17,2247.574250675096,2273.02064398302,2172.9038547391037,2191.3846516841586,2183.2161987260265,909309.3812547625
2013-05-20,2228.8300235450797,2234.7906640654205,2177.0157813101882,2226.746160981224,2218.525757412354,807183.2627977699
2013-05-21,2228.664360294106,2273.887070338268,2200.1070595523047,2257.4863749265496,2249.1519713603334,862843.8820993914
2013-05-22,2484.4148548311596,2609.3496992866317,2459.2670631271835,2546.5273910923274,2538.3167394423403,1077327.8871703853
2013-05-23,2679.359623511683,2711.405293094499,2532.9630036530775,2564.671638074059,2556.5122316902884,970903.1430017716
2013-05-24,2614.7162157489174,2632.2825732615656,2542.4791104484916,2551.3452292774623,2543.1166978475917,688306.3871541
2013-05-28,2457.9840014630313,2526.9479459486697,2439.8599559040545,2474.5905889568426,2466.3218312671115,884552.7037692892
2013-05-29,2515.691965200096,2584.43686667739,2481.522980163692,2516.2284292555682,2507.986437895532,886437.1146835443
2013-05-30,2564.2156502317825,2587.3986608317164,2512.2756790950125,2542.603530045759,2534.3753135376123,855259.6579944431
2013-05-31,2269.6361731286615,2341.1345162865973,2214.221193792104,2330.064331602748,2322.222713663322,1063657.5778678146
2013-06-03,2302.9303368497754,2495.022343982414,2288.8731197887223,2321.7585520120647,2314.063241462852,989081.50859454
2013-06-04,2343.751878510347,2457.4247367274133,2298.4231183387365,2349.4886707536566,2341.8452120642582,936837.5372945638
2013-06-05,2176.0365277642245,2257.183322044567,2134.2645865309555,2238.620182578995,2231.0893174739185,895927.2116308471
2013-06-06,2545.1435557990812,2718.8162104757707,2464.7531444806214,2469.8389247879645,2462.3998177146786,922346.8872351161
2013-06-07,2373.3885543391016,2435.3640726943786,2301.153920349641,2311.9319171778657,2304.389729988963,866607.011119535
2013-06-10,2275.579128688277,2336.477162599671,2261.9468355709005,2286.07994283557,2278.501512906361,771480.5584448371
2013-06-11,2414.0836599992613,2504.9413780232144,2337.2733359638114,2465.789599507791,2458.3505836508616,820028.5026508458
2013-06-12,2388.4937369767517,2733.299530879104,2377.2216626025975,2678.006649546622,2670.5775688245158,784403.2950985347
2013-06-13,2700.67434099592,2753.7918391233147,2474.2421747177486,2514.888564041787,2507.4564233486026,803516.7955982798
2013-06-14,2522.1921481847444,2617.9433485612403,2422.0033180381624,2593.8457131856753,2586.388672965138,711418.797163839
2013-06-17,2492.955697962268,2594.3723638459232,2462.786918330266,2512.8760521629533,2505.507406927291,771287.0828073719
2013-06-18,2520.6314228404053,2546.7428139776184,2472.850176590209,2484.448583910537,2477.0175887362393,692149.8793931731
2013-06-19,2752.5095339596446,2777.784830953816,2544.2686009155163,2700.3385462571905,2692.9983444218296,854726.7124117054
2013-06-20,2851.7575689051937,3242.6367925916584,2807.8046035943235,3105.7291895383555,3098.501742592922,1081862.743174924
2013-06-21,2971.6284499147832,3209.201911402964,2907.689666157674,2954.417043270196,2947.2096825615095,1329206.780617409
2013-06-24,3160.6965071160516,3250.0781842160172,3026.8227605320785,3175.927547487638,3168.8742581902275,1048086.4003531786
2013-06-25,3027.5226120599064,3127.638315678594,3003.9876136076505,3045.034521626886,3037.8840209169307,894515.896829391
2013-06-26,2662.0820689606967,2752.2838260128215,2637.3822842778104,2666.6079009037667,2659.5971383866345,885588.9340880503
2013-06-27,2333.292605563908,2377.6249769154538,2256.5494985994583,2262.8954450737588,2255.995270282435,830156.320322337
2013-06-28,2329.529651444784,2375.7492389553477,2179.422583451951,2236.0685022916296,2229.115845402412,1352844.759707514
2013-07-01,2453.853521950166,2464.2113080359286,2308.2557574926286,2382.3463457794505,2375.4029325985466,807183.2942505649
2013-07-02,2445.4421123706147,2513.8305902488555,2365.5632684901557,2459.654106792325,2452.7245639457874,840669.370472837
2013-07-03,2751.2821438456267,2773.4035945835694,2639.741603979413,2665.310378075385,2658.349442699402,463333.3939622642
2013-07-05,2581.7109991388425,2643.0910406680596,2486.1599775176237,2492.724875313699,2485.7410925737468,626867.1495468278
2013-07-08,2426.4551761003286,2444.2285355161216,2343.844675492003,2361.2080612500968,2354.244577930554,752165.2272269754
2013-07-09,2294.6505563312685,2338.122514667363,2259.6858150352928,2316.7625581963957,2309.6879045217097,788786.5084319154
2013-07-10,520.813931646352,522.5782285113214,519.5359063084256,521.0654115507477,516.7147488697519,711328.1478629188
2013-07-11,2194.3999701468338,2232.837899122538,2160.2894992589395,2184.311727016181,2177.1255461211463,877639.4757476753
2013-07-12,1964.5076362645266,2018.8834207285815,1938.9622761285448,1987.4364777846051,1980.2934433672394,706584.2310022721
2013-07-15,1962.9413662292588,1992.8573321633614,1874.2389020356381,1897.5264075008288,1890.4027813684454,698504.6107062076
2013-07-16,2129.685125659407,2233.636898629375,2123.5131593510755,2195.821819697978,2188.746633812604,781722.517839196
2013-07-17,2171.5251473860835,2196.6615421150054,2102.693870264426,2110.8333192603836,2103.688053391523,797611.397036665
2013-07-18,2111.4316981508287,2123.1343435917433,2050.181917531636,2078.8829898088925,2071.695887770643,791454.3108651912
2013-07-19,2099.2817747327,2132.8070038238793,2006.573944377461,2025.8768494302496,2018.7223747234732,825632.5085513078
2013-07-22,2018.0044657860003,2035.82763523145,1946.4788320237576,1961.2522236512968,1954.127944363472,726951.5131876413
2013-07-23,1682.0616599729562,1736.773250971741,1664.1554807353389,1693.8060593857767,1686.6767969878777,807442.9567730585
2013-07-24,1677.697808435531,1747.1990382364847,1664.1732886750233,1712.2217753158432,1705.1510924843203,848675.9696132597
2013-07-25,1748.6909629991715,1768.4896960454173,1655.537712819586,1668.904969048697,1661.84681888755,831152.5069182389
2013-07-26,1699.0964820721376,1730.015341928789,1641.409313415505,1652.8677754649616,1645.8094576892802,708861.4656084656
2013-07-29,1668.9359326989213,1688.8117942053889,1630.5031728649865,1658.1800344558233,1651.366828705058,657598.6762192056
2013-07-30,1655.0048147261286,1678.9345617517877,1612.7411004270846,1625.3854758519185,1618.6090986770814,797372.4592760181
2013-07-31,1623.6000158400377,1633.5893494715049,1521.1502339558604,1575.9717471569404,1569.136055449995,955666.843373494
2013-08-01,1513.281363111985,1526.1057681749623,1485.2483988591741,1492.849720337066,1485.9777435191472,940854.4339859438
2013-08-02,1497.3765379061545,1511.3747989247966,1420.8084408525708,1427.5911540148065,1420.7594730921269,783549.8383609854
2013-08-05,1436.6308102144412,1449.2008086047963,1394.1045898442094,1406.4047729092117,1399.5645371704757,678877.6699223642
2013-08-06,1426.900352964092,1487.6363197871474,1404.224975910659,1472.752013241404,1465.9140375574714,797390.1608935742
2013-08-07,1498.7746819945228,1536.4786156445946,1458.241954533072,1471.9053214729715,1465.1293676812736,784099.6503881793
2013-08-08,1446.4913203676174,1510.8960186837076,1427.3953611059105,1451.0331711387364,1444.2154555074771,801703.5865963856
2013-08-09,1209.5339394408725,1250.9320933182537,1181.9492579205696,1223.6942511743282,1216.8893762484813,744804.5566984445
2013-08-12,1508.8183866745126,1520.8263152320203,1443.589551634781,1449.1742310592244,1442.7001311122067,713997.4605197401
2013-08-13,1193.8848291456736,1245.6952463472167,1164.9177272313132,1184.4729820209138,1177.9709336757426,790166.0484757621
2013-08-14,1201.0202929900374,1241.8810185084074,1189.2016750889215,1235.106970238669,1228.5672395825757,759506.4394208789
2013-08-15,1275.5539295686665,1319.893322522501,1263.1417454358789,1301.4658534220932,1295.0317733662046,896941.9942543092
2013-08-16,1312.6346965971968,1323.1519191875466,1244.0323789297577,1279.4298961628106,1273.0111659178735,823637.0741668754
2013-08-19,1289.2988205783067,1345.251478514302,1269.5570365009748,1317.056021748446,1310.7772079703764,769988.0554030447
2013-08-20,1342.7958869072268,1356.8149444279998,1249.9502776953036,1292.5939907269837,1286.2829879616957,743072.5951012247
2013-08-21,1335.1292501980952,1400.19038190503,1262.061992920927,1343.4686679966642,1337.1588578295864,777532.4601150288
2013-08-22,86.33702551553587,89.69415037753625,85.15650782770666,86.81862157568254,82.756158001758,651681.9949238579
2013-08-23,1282.0252694881212,1317.0152507443618,1257.5121220401866,1273.3032028661612,1266.9245865125124,662371.0967903711
2013-08-26,1268.7544123831015,1350.6209672866419,1241.3302438983462,1340.7455062085658,1334.2782404174882,489683.37111840444
2013-08-27,1419.5418865941954,1503.8317457511532,1372.7936819933777,1482.7738215207144,1476.4590024956417,767670.5016254063
2013-08-28,1508.1976373612415,1544.3165721693329,1439.9916294483103,1477.6906806380366,1471.4682779591078,623547.3722334004
2013-08-29,1498.5471682896107,1528.8761532942285,1435.9150185857363,1508.90773563656,1502.6311945069388,707812.10975
2013-08-30,1503.0276636990054,1602.085412164935,1494.0830612022178,1543.732802746106,1537.4943461724872,700862.5414475332
2013-09-03,1434.7192226143222,1508.0080882117343,1416.412474806137,1447.229587528448,1441.0240876231758,817949.9435
2013-09-04,1457.2690427358718,1479.4241932566852,1433.0123648808926,1453.443613032671,1447.1586844556932,802355.3495242865
2013-09-05,1447.234301795914,1461.756557716866,1389.2591538092158,1397.4708990510358,1391.2406317751086,775728.4118970258
2013-09-06,1374.4364944341526,1485.4615420504724,1358.2551231098848,1416.7552251323439,1410.4518290633669,804536.0240420736
2013-09-09,1655.9449886295643,1675.8792014959959,1582.0674604920134,1591.365844763244,1585.0071935232634,777864.197
2013-09-10,1283.275693453002,1294.1560711035077,1249.5787570096072,1256.2541682143385,1249.9353032058257,790717.1162907268
2013-09-11,1271.5385461930223,1286.2007326628525,1187.6503045043241,1193.4691689177275,1187.1362262582672,653338.3569811321
2013-09-12,1187.9220764579486,1231.8160156142742,1158.480026353451,1220.2891492180458,1214.0413090251793,771864.4514757378
2013-09-13,1185.4910875901744,1233.5347311040591,1174.6995505955954,1198.5726436465063,1192.2684801946161,704930.6329240792
2013-09-16,1157.488785205147,1204.0619659397041,1148.4614269212184,1185.1150528618225,1178.8191710091435,827476.0940853506
2013-09-17,1180.66501132409,1185.7448105073997,1154.0814780206795,1162.4519540252254,1156.1651606014177,751214.5648263802
2013-09-18,1171.2009717577077,1201.0854758892658,1074.6603411549725,1096.6009149262798,1090.2509841607664,1017026.9073657928
2013-09-19,1080.6015131987003,1112.503931019501,1065.8424846604598,1086.956147560851,1080.5496646973804,964991.2341487769
2013-09-20,1089.3013498134644,1118.039160753961,1065.473325509479,1106.6131909376734,1100.2684326691,1352434.087
2013-09-23,1097.4062151231406,1155.283905215666,1086.9598914503736,1117.9395776255021,1111.629132847481,857603.0629509828
2013-09-24,1112.8359610018517,1135.6956859008442,1077.8634103875575,1107.4218733217106,1101.089603144029,842340.9895340145
2013-09-25,1109.7366053412554,1136.4135439389897,1085.9412417521448,1106.5244754009727,1100.1569019280853,816476.2520568437
2013-09-26,1084.2232447399022,1110.8032445955673,1068.2832935987153,1079.0031189577762,1072.5824212279224,760692.4713645418
2013-09-27,1106.8473560511486,1159.4664172988805,1096.1230576827859,1137.4933673087892,1131.1082740187894,713762.4103139014
2013-09-30,1213.1276390547523,1224.7344796589125,1149.2842158864478,1194.5477556850842,1188.2162144418965,851826.2906195571
2013-10-01,1199.4736747486502,1209.00275101746,1129.2740213931522,1136.2959133678762,1129.9899928194484,846433.799652001
2013-10-02,1169.8659243295217,1206.9858701064177,1143.8709352222936,1183.0230203592803,1176.7026142857428,828827.7974116476
2013-10-03,1196.159308324688,1335.8506239675003,1179.9540414638523,1248.640643009563,1242.3599100149167,893583.3156195679
2013-10-04,1269.175149417297,1300.1493425011097,1215.707777684076,1229.3722032683054,1223.0426891520572,736025.682835821
2013-10-07,1309.061417928792,1377.0426347126304,1277.8928993101545,1364.0695955543583,1357.7680186013724,712297.7866534359
2013-10-08,1371.8833224623058,1503.786190891158,1353.4636445349317,1469.7254761221373,1463.4560458404187,933875.1607940446
2013-10-09,1470.5227858595124,1538.8866733305963,1343.762150879219,1387.3908146883919,1381.1214118939802,921828.6569868454
2013-10-10,99.26207486763462,102.30095355487961,97.43366439914243,99.00198774328695,94.89326825550631,862149.726343679
2013-10-11,1181.0831552075917,1193.260432070299,1109.7845148858053,1139.2707831302523,1132.7925327649014,759846.9015659955
2013-10-14,1211.1484367560215,1242.5047729105418,1125.3713763824787,1153.0775678065024,1146.623681381195,684499.9516608824
2013-10-15,1167.468630268769,1272.9929734382647,1127.9953426378543,1252.9926653142313,1246.5866421843152,843918.4257793172
2013-10-16,1173.6139373110905,1204.871638841878,1048.7519626579535,1054.7758727007006,1048.3202416446443,884002.2764167285
2013-10-17,1066.462706143934,1073.9348290036014,958.045873484042,965.142730582158,958.6765618857476,910257.3571782178
2013-10-18,940.4782491194944,977.5996359513501,912.83068081576,952.2724209981586,945.6973377029084,966224.5402327309
2013-10-21,918.6270880530873,969.7867857047698,906.6402977085148,944.4891666867946,937.9255137471208,837122.2694684796
2013-10-22,922.241568968316,965.9906381565922,910.5125554187499,945.9052921177391,939.2440556938458,978542.2708848246
2013-10-23,973.5719425271941,1005.5322753550837,954.0029527198526,958.1577369296631,951.5413522839094,923619.3334158416
2013-10-24,947.618415716974,965.5717372349263,925.0560129748685,938.4196166616385,931.8044803234664,933216.899009901
2013-10-25,942.2487676941465,966.0899861941725,934.3766699238215,940.7918913970618,934.1610409579547,798424.5190972222
2013-10-28,933.864358222293,953.0571361438293,925.442951576679,936.4839926180662,929.9177106996339,855761.1395061729
2013-10-29,934.175220317941,952.6974581286267,922.2893958805549,931.1488168796209,924.5515300348162,891227.2975308642
2013-10-30,931.910817639902,969.7874938817453,919.9748317680709,938.2356025783857,931.641642084646,904102.1988130563
2013-10-31,938.8430472550535,949.553461544323,906.0885748934165,928.6213820834769,922.0671410241392,985656.6391014564
2013-11-01,919.1967340827159,943.5533424745515,906.6740212858975,921.3217405753072,914.6892226362643,949421.4693524468
2013-11-04,904.2429929157174,918.6851898616392,875.8047047545845,883.4824730715482,876.8165682538686,820429.8242543752
2013-11-05,894.733552478348,907.8703135694304,872.4506209913468,883.176772995088,876.537553693632,873616.4803558191
2013-11-06,865.5015968628561,890.8728388288391,849.4232027631355,857.7079386076842,851.0664634405305,868823.0286278381
2013-11-07,856.7389889882519,912.2153477650941,845.9215228316432,898.1664713438499,891.6250977253645,1042536.5528395062
2013-11-08,919.3669924599541,930.4209220042445,874.7256335700031,882.3761398974358,875.7262745995481,967406.4104534973
2013-11-11,853.0967471034735,865.3821904789361,840.1914970716888,848.0294281230009,841.4394663337549,677754.6708548904
2013-11-12,853.9570620497797,862.8497589376362,832.6967290039539,842.0752068381341,835.5646360284297,856810.2995073892
2013-11-13,853.8236066712996,862.6951935654251,826.7564442951899,834.1320548671014,827.6092225667344,869330.8785644051
2013-11-14,842.475041599641,854.4864129326714,820.89361797422,829.9145026478777,823.3375117489409,852317.3726615116
2013-11-15,814.7504847196666,828.1050987332349,801.2327124917805,813.1248096030982,806.4584849003732,918777.8332923531
2013-11-18,800.3203715033404,825.2665978178685,778.548472685526,809.2090563696773,802.6202033838431,834885.751719057
2013-11-19,803.778779290329,833.4045674167608,787.2648922622399,812.7662341552244,806.2804814970699,822941.3951375246
2013-11-20,827.6819949229651,836.7978316380132,776.9596835140029,801.3633502133988,794.88474638723,800057.4311362519
2013-11-21,80.51798071685207,81.72382921768732,78.7239870563478,80.01991208040313,75.85888647735122,816069.6819054936
2013-11-22,763.6691813684022,777.9490036687087,745.0610037544034,755.4085465241805,748.8383927139071,825841.1541861036
2013-11-25,749.0891245731896,771.9257059307859,739.3916498921806,759.2333974610359,752.6850793824145,762768.521088769
2013-11-26,762.8926928452465,776.4887195485089,742.6403635286167,765.7424535795334,759.4802812391715,896765.5628227195
2013-11-27,761.8633796211814,779.3342443230576,757.7177136850339,769.7080263473292,763.4095047891099,668640.509683746
2013-11-29,765.5636251723406,788.4852808675247,757.3953426257208,780.8046518570181,774.5766616350188,409033.2032360873
2013-12-02,780.305828990575,808.5333623091266,770.7991107288711,793.7865925543796,787.5899011575844,811469.9796568628
2013-12-03,810.0105673016837,850.2219282902043,793.3015224566554,811.5348507678225,805.4537673875938,911031.1156295934
2013-12-04,838.4962153251927,856.8407858913597,797.7500371353601,807.53550845227,801.4639283761505,930104.9779249448
2013-12-05,802.6153189090677,834.7530052876004,794.0141914166654,815.9372413948051,809.9031963422223,842914.0529282038
2013-12-06,797.8712092925479,806.3212742262879,769.5935176311978,777.5470322482265,771.4767842517864,841589.5672227674
2013-12-09,776.3606467310866,789.1640120050672,761.9742577312143,772.7608869330928,766.7128276254442,796879.9019367492
2013-12-10,778.5876519273321,786.2729577695955,761.4905841518956,773.8865615640354,767.8878625401493,851371.5394995093
2013-12-11,770.3584974820805,831.6625647358402,764.801026629374,823.2289267583972,817.2729318885139,920195.0982602304
2013-12-12,822.1155677263134,852.5811357381074,801.7525648918239,826.0587547683092,820.1415908653331,860041.8974045054
2013-12-13,829.886870025899,844.5453950025179,814.2268991035021,829.0263049877913,823.1106787105576,760139.3350502821
2013-12-16,809.8119740670766,839.0808067295535,800.3011049808287,821.048700980756,815.1086813697626,820834.3675715334
2013-12-17,838.8974489629276,856.8379598370885,803.8337554335425,820.9812844608222,815.015913254717,819007.4238410596
2013-12-18,813.6525130571263,833.5774249604682,740.2170536141175,746.8662463602841,740.8621517918612,1014753.3952975753
2013-12-19,757.377930792332,774.0612522275234,744.5130774434909,763.3234478507736,757.3302411034766,848665.4545899633
2013-12-20,758.4485274257308,777.65377622715,747.6950975545852,768.8036063203384,762.9025593778686,1379296.6092601665
2013-12-23,761.0282805579888,772.1934785076841,734.2985264450833,743.0818052661924,736.9711040971121,757376.8075794621
2013-12-24,729.6403057978899,735.5108735726226,714.6865586258554,721.7774108020591,715.6384736560352,328147.0556372549
2013-12-26,713.9868529349425,724.504017012509,702.0608915659685,715.0423118281946,708.7513371261293,390449.4195302843
2013-12-27,704.8253236698336,731.8247600228606,696.9732962151805,716.342617887532,710.158307115491,497237.2410407462
2013-12-30,730.9739344528799,748.818475296569,718.0101387030737,737.2336331759296,731.0518956309292,563808.4919196866
2013-12-31,727.0341685935211,751.8054297737276,712.6286408355631,730.4763410443768,724.4501577676892,567044.0733022799
2014-01-02,741.2800181093684,757.4147902361151,729.5121195277688,743.8504033720756,737.8619873548902,771102.7180239668
2014-01-03,736.0300647512597,758.378498305739,721.0827772185905,742.3468758173532,736.3399812318377,691283.0931144328
2014-01-06,731.2103384429809,746.4907361113405,715.8048899159794,733.0184336473759,726.9889956923844,841639.0359765051
2014-01-07,734.0319463480039,740.5358647090984,709.898623577689,717.2411523046305,711.1959013441391,885726.3753974077
2014-01-08,717.7252610901745,741.705903937403,706.5722180403105,722.6458154149635,716.6334621379642,939377.8237885463
2014-01-09,714.2975346168466,737.9821682450133,699.0639614971476,714.9807025166938,709.0331455068197,887957.0736661772
2014-01-10,714.7174775878262,729.8307052409386,689.4809666139657,699.1512696199068,693.1747589128566,863307.2099975497
2014-01-13,719.9109620714062,767.3577690274476,697.7666988597533,746.2405212325003,740.2825631987565,939508.9708619001
2014-01-14,95.88526263417509,98.70058217359116,93.36667764138714,95.54085534446301,91.66329831595557,885505.3142005218
2014-01-15,712.8680536367875,731.9622148969645,699.0349746862017,711.9611219575498,705.9446599590232,963394.4218368344
2014-01-16,722.5407996736119,738.9077557818053,707.3497602718481,722.0005894417263,715.9562475750678,885871.374480567
2014-01-17,723.5970465759791,731.2698962697732,701.801468736488,715.6561557704865,709.6109885590466,989202.0611995104
2014-01-21,712.3125602784673,729.807973870096,693.9117219051911,707.190915923035,701.135612267632,961710.3372434018
2014-01-22,707.063386404772,716.8354195181369,689.1216256123353,702.2644224908901,696.2220672763142,883863.8766788767
2014-01-23,714.6910821792186,751.0698684330165,701.6277755361119,728.1485608502361,722.0962135791559,1008902.4308744504
2014-01-24,753.88825883014,835.0155387309312,742.4419869440218,811.1715183429392,805.2594285771471,1144091.402349486
2014-01-27,799.552262845311,885.7172649969114,751.9662090885382,796.4439986339631,790.5451715103328,1080558.29397414
2014-01-28,798.3644705002899,821.5422483602332,746.4814910461114,769.2979791589372,763.3707883055862,972447.9049707602
2014-01-29,820.2798034839265,881.9171378153306,783.8113407691457,857.6848994483164,851.7991159865614,995074.3803126527
2014-01-30,810.5428550822646,851.9576939580154,777.8953952247921,809.5895218323084,803.6564939781039,951743.6799025579
2014-01-31,905.2203489381253,913.0063497368599,830.0930432546763,889.439926898404,883.5417997832277,1050909.8778346744
2014-02-03,893.6085673046038,983.7558436038632,863.4905290014277,957.664519501077,951.8903592909828,1224602.1576510721
2014-02-04,953.2564110421804,990.3016674579279,925.0309296739314,951.0776355491657,945.3009924310728,1033849.4835486229
2014-02-05,992.0612109048461,1050.3199058291987,941.15048862155,982.9862200090552,977.2377995080923,1020710.4666179337
2014-02-06,972.1860789661254,978.8612510366279,837.3937129683877,849.1850807205818,843.3541598130047,947732.9498417337
2014-02-07,810.3556378586828,831.4457118732447,744.0868236717574,770.5385116711384,764.6975974992541,979396.5535801266
2014-02-10,769.3807803952361,787.5561409165597,743.5154838924647,766.2309014051855,760.3664312377072,874171.5778857837
2014-02-11,760.6118082660995,778.0049903307139,726.0365813930216,746.3056063857165,740.4119620987454,934228.9047156052
2014-02-12,731.7141367258155,759.3922243449094,711.8533018922888,717.6335871487472,711.7545666106674,881760.647158815
2014-02-13,749.9747167110339,764.8081994776006,715.6279911244959,727.0341466592147,721.0903173519487,863149.6919852034
2014-02-14,720.0519394291437,729.7502334444281,683.2847510514553,697.3751398803187,691.4461429965603,817055.7838560662
2014-02-18,702.2418613677984,731.2152053065538,690.1878407443336,704.9650124653808,698.9373092348656,893367.130730051
2014-02-19,719.311288158075,775.7285238400351,707.312870929041,756.2127918909073,750.2080995085521,928127.4947853505
2014-02-20,82.81507192807841,83.77161438615909,79.34422154739632,81.4746897043325,77.6003231220182,881475.5354300871
2014-02-21,728.6287130969775,759.6841722493751,713.6484905065034,747.9929054681896,741.9841521975014,916157.158483228
2014-02-24,743.7474924726549,755.1839326643834,699.5397944582659,724.8908073803844,718.8840713070451,909193.7952450267
2014-02-25,715.0700815205277,749.6193872356687,705.042785293781,721.8426928803846,715.8723349069537,907528.3900898712
2014-02-26,717.6978887261992,751.5972750421164,707.4602713347109,728.1185988572134,722.0905009975016,903623.1093521676
2014-02-27,737.6044531751222,751.1735139259434,711.9583998137749,720.5328559527409,714.5084982837103,870472.9108790675
2014-02-28,726.5673095515754,761.9336563010042,704.2617980533149,736.8274740956672,731.0876323123423,1051880.9086269746
2014-03-03,788.745321137281,813.6277648777608,750.1720548770267,777.9502006726724,772.2724995113779,887793.2747572815
2014-03-04,733.1505232545023,744.067747804644,716.6486995683692,729.1482455148032,723.4038256001132,974990.4136341582
2014-03-05,726.9586742622236,751.1219839972099,711.3982811012494,730.0910521960753,724.4115267986932,847971.6260911736
2014-03-06,726.2505984090596,745.2065408020507,709.2506205017891,722.7502172481667,717.069655906788,885086.0254422098
2014-03-07,717.9651450303073,750.2373904810819,704.4925951616073,733.6296233441095,727.9380807019777,898182.782851591
2014-03-10,742.9429997282024,767.8214808171265,722.2201954728523,735.7885413021552,730.0843268670388,756774.6834951456
2014-03-11,732.0178877982319,753.5583568279818,712.1732937874772,734.9701025089112,729.2823941894944,849556.971650109
2014-03-12,748.0851037955043,761.8828536722675,721.9291515374534,728.6427383123137,722.980211051474,845983.7802331229
2014-03-13,713.0951905422708,775.7788296073622,699.1541909581048,752.9674610435648,747.4080891010275,961898.7823557926
2014-03-14,777.0275479899204,803.0774417780893,750.3165451628107,780.8064735938297,775.2071591500761,853578.5539917495
2014-03-17,763.2270599059526,768.8187163335941,733.4967334918881,744.2640493181052,738.6434650831221,787926.064843939
2014-03-18,714.9348219686391,733.8136125166842,694.9393646908944,705.3577418338316,699.742402161933,778153.8636803874
2014-03-19,708.5672843312132,759.2507289960238,696.7134414758306,723.5567545713021,717.9218399821526,828627.2826666667
2014-03-20,724.494193339176,737.0920961644218,701.9808441499814,711.7280372818356,706.1069278456058,858761.7878714665
2014-03-21,705.3591398656873,735.7385571569595,695.932410848069,724.8970794608426,719.2028845003483,1332070.4067426631
2014-03-24,714.0667701593327,743.1733245196837,695.7573242864846,714.5552677871796,708.9299858831524,964151.9011333494
2014-03-25,708.8383419380239,732.6717678350084,699.9596785268378,710.9492295635155,705.3117282873117,841720.7405705996
2014-03-26,702.6437799807453,726.6101638151328,691.0227886319418,715.0932718673002,709.5215801535294,904426.6889211418
2014-03-27,714.4648262834328,736.4071677405386,699.6796690852277,710.2752849621769,704.7097488183134,933278.0900096525
2014-03-28,707.3266182712016,719.4980256947737,691.8553101900847,699.2858588585083,693.6882902086483,807683.7358126057
2014-03-31,692.7123395872788,699.2037673385728,677.9625967654072,685.8520526586307,680.2171174470114,870666.028957529
2014-04-01,678.0228364974861,683.6799584264783,645.6581936720521,649.2874915832405,643.6771248885822,874519.7533156498
2014-04-02,652.6248506367941,667.1964661449789,644.0740761733316,652.4576410347191,646.8919089960841,837820.9307599517
2014-04-03,661.369210806837,675.9123150736523,647.2021201078859,653.7008316181301,648.0798494714124,829784.1398550725
2014-04-04,651.5805260857187,683.0664717414994,640.7460186400762,667.6073912457306,662.046213103703,754100.0801852304
2014-04-07,684.7024030729301,699.0951520140324,667.9202269429198,679.8718800902554,674.3163035195805,771973.1413625304
2014-04-08,85.21430916525406,87.70388736714362,84.24852750931983,87.02397643552516,83.16707794588932,723947.661584232
2014-04-09,661.8439703353696,676.2059670219464,647.4764456410547,654.8859619686585,649.2912575608947,657011.7896274653
2014-04-10,655.0710511013325,705.5245185071632,643.9543377291701,692.4359821376738,686.9037328065567,755394.9700875486
2014-04-11,701.4892031754528,730.2045849897175,683.4968415040644,712.3572898530379,706.8767257464161,735726.9447419669
2014-04-14,698.0402004711829,737.2327213805767,684.4071431555425,703.1646195278197,697.6747371778205,619359.6143552312
2014-04-15,695.9844930355853,740.0818890630883,675.6688220822891,685.9136103473326,680.4604926018498,740975.9223112406
2014-04-16,670.4817060015265,687.2455662613773,650.7276282769649,658.0109380715498,652.5109184620159,626354.1282424242
2014-04-17,664.0662392061435,682.6376277503288,643.6681918419225,659.5977847852239,654.0689998327356,626840.6435860058
2014-04-21,656.4933536339513,663.441741698277,638.1923893618872,644.460555164919,638.9265830677547,522498.4042604696
2014-04-22,637.9253084348868,648.8403422213663,627.0881817611225,639.4452237757567,634.4028874461003,612064.9378654971
2014-04-23,656.0229858243712,665.8552336082042,646.9735664993958,652.7168158690345,647.1604117613257,610236.5270696771
2014-04-24,645.5121988027684,666.476516121569,636.0760086256033,655.7907512867262,650.2465063405976,714200.2139927624
2014-04-25,664.3511551868239,677.6012702250366,655.662970782853,660.2088257915094,654.6425648141253,646526.4799611367
2014-04-28,659.355827823126,673.9277444032646,636.3798477179122,641.1637854843287,635.6771507177438,851642.2151106833
2014-04-29,640.8779561872776,652.6830165400123,629.0540325025962,638.5035442650596,633.0162007325446,693345.3478365965
2014-04-30,640.3552123560833,651.2873808362774,626.4553526869139,637.7594557799491,632.2189696921279,711664.7769958748
2014-05-01,643.1621912268171,651.5925056345361,628.4372098955853,637.7579012627627,632.1734606982425,645941.6641518618
2014-05-02,636.3294901393022,648.4685183009481,626.1241454842341,634.3739697796293,628.806133691831,587253.4260253906
2014-05-05,642.4031746112772,651.9310417654523,619.9586978651857,626.9244287376346,621.3764111105118,521939.7902794654
2014-05-06,626.588232581981,632.3755451051715,609.6674050878304,624.5914388611048,619.2215099720646,627973.5817389198
2014-05-07,625.7144560429755,638.4157079564367,601.6336714361896,607.3527813300449,601.847507521462,720653.3984962406
2014-05-08,608.8118913550525,618.9498463852595,583.3493507591653,603.064409887647,597.6598492200127,631389.0714459888
2014-05-09,597.5179595885905,607.7670818417672,578.6405384059332,586.042942517792,580.6629308522723,590922.4195276358
2014-05-12,563.8286551527739,571.4871101596628,545.0728516037403,552.1529582418825,546.6750897091573,781245.9326946108
2014-05-13,550.3870029893272,559.574878669111,535.9516944637124,547.6115531064407,542.3541012816743,767976.7740545715
2014-05-14,554.5396281582516,559.6387301356309,537.2733765789038,548.0574964710673,542.7134936675687,735183.1107594937
2014-05-15,542.6631695159118,563.9011510151543,532.2506137248907,546.1575859184064,540.9385598751844,926632.2349988046
2014-05-16,541.9205710673442,551.6108481137313,526.1233094957317,531.1045387791485,525.8611685399434,786578.9595500239
2014-05-19,535.6186463128099,541.9662157207874,516.4283473629133,522.0727900063572,516.838311512477,687767.9048984469
2014-05-20,523.0916652068729,534.4398295764297,510.8096495291632,517.7033981005906,512.5077308398309,773135.8191820139
2014-05-21,512.4949146658385,519.1642749580459,501.5534528749105,508.522802593056,503.29933320052464,736828.1028885175
2014-05-22,507.6397727938029,515.9386883597434,494.1759133541774,503.91756352135235,498.68839671164864,709222.2971551518
2014-05-23,503.6036826366476,509.03855719592167,492.9537417531294,499.6364389187911,494.66350914647177,663758.160372849
2014-05-27,490.7725155717426,502.26401696836393,477.96629698915984,486.98396311437887,482.0167142581248,781099.3038608198
2014-05-28,493.61642471246586,507.1588940001944,484.03922416959927,496.10091251340964,491.212801857644,768190.6807747489
2014-05-29,493.1218194810151,499.9051960307436,480.5573289565064,487.20265256542876,482.36586271704755,727148.6899761336
2014-05-30,488.194395670367,497.51596102388095,480.29642659106474,488.2022282098866,483.33216750946406,872275.4703632888
2014-06-02,486.95030707364066,500.4430334549721,478.6001334755811,486.5291569218757,481.63275540028235,676348.4945185891
2014-06-03,491.39610992147954,495.554577384817,481.59375983726795,485.1007951993954,480.17745414249873,801738.6081145585
2014-06-04,489.85484162342397,497.3072467178636,475.11079946186993,482.52257378671857,477.53067536516784,724483.6517068513
2014-06-05,482.56059378963766,490.16915485488124,461.92783132331147,472.16289968264414,467.2184907842347,779825.2324582338
2014-06-06,66.58943531251703,67.79546339103727,65.93119511770016,66.93623500268347,63.11176559731318,691904.6488606649
2014-06-09,443.7223442109374,458.8227638934202,435.6554584574733,453.14792643377353,448.24199052649396,738213.3445398188
2014-06-10,454.5060152087145,465.2032190903115,438.5640543864378,445.19083563738525,440.29285147323753,725954.4726925829
2014-06-11,453.42260424501694,470.7858490687037,443.2011513629973,456.5625355933214,451.6034362476429,730103.4075399666
2014-06-12,458.9279199203626,495.68311499781544,451.98711318618564,484.44193090340997,479.69156705628444,810818.1720276388
2014-06-13,485.1250767050702,496.7732023615758,468.5859509302856,474.9064360353423,470.0730257540012,691358.4779288953
2014-06-16,473.67695585614473,484.3756527801767,460.81352495608184,470.58492021461643,465.7398380683419,745586.607372176
2014-06-17,468.9804062514499,476.76778781224255,449.84380439240664,455.5394522171243,450.72726394314424,771521.094581749
2014-06-18,455.47273846276255,461.19601436536476,427.2710153590569,432.3639236654649,427.4705693250304,775465.2723596575
2014-06-19,429.4896230467951,440.623355952277,419.3290602277824,429.7244713764268,424.88036718302277,754332.8111506525
2014-06-20,427.0333491884167,438.8646907238631,421.22598408648224,434.4539670871349,429.49646225920054,1134756.2595401753
2014-06-23,430.7786428702125,439.57074322823047,415.9645608836127,420.2639915512679,415.4120253004709,702119.1866414022
2014-06-24,428.24258414439146,448.19937917372124,416.2608731377289,438.56322901849285,433.6143548426627,806640.5060498221
2014-06-25,444.6644467916264,449.16368623478246,419.0796964241884,425.4571405033801,420.4961056404468,777781.3677725119
2014-06-26,421.93883064255107,437.85648908434723,409.88045954107855,420.2433812158206,415.3241339993774,714349.3229166666
2014-06-27,424.4264202511292,431.0914317973939,413.79520849422227,420.0684199923219,415.2001529901787,1238443.0548042704
2014-06-30,417.5164123386901,424.5601454148221,403.8584191079435,414.24457148868504,409.39992550751106,792658.882158069
2014-07-01,407.6542071374527,415.6260372757512,396.7483708308752,403.06844962532654,398.2188123412002,826945.3648616694
2014-07-02,401.8305969050806,405.8234419428693,388.98596094985635,397.03319016368135,392.1715660575577,723015.5561850803
2014-07-03,386.70554710325086,393.5146184443299,382.45777415559934,389.3097832763359,384.5244944708042,507040.6766650921
2014-07-07,389.4891127840466,397.2208682448431,381.4494586648133,389.0429524528666,384.21520004645544,679781.6152030217
2014-07-08,394.03691982828326,405.01412521981155,383.9788353647704,392.7396286538213,387.8236976698016,879558.4539224952
2014-07-09,80.71682777670475,81.59723295795308,78.83610427625871,80.09873916080157,76.24817077405882,679055.5395449621
2014-07-10,399.5247125999756,404.77993744639895,381.627721401228,391.11949234280524,386.3171090127396,759307.8244202556
2014-07-11,388.01606353352145,395.3469218305356,380.64277697406175,385.3100213238484,380.527219304649,629361.8369668246
2014-07-14,374.63453006398765,379.1115628800882,365.55555269368796,374.02017551276094,369.15991817322106,681653.0028169014
2014-07-15,370.11108481279905,385.70229473978543,363.43510928440844,375.38571248018354,370.56064765197203,805919.1650667291
2014-07-16,368.57599926146247,377.8821705725319,362.20057411917406,368.13874881830066,363.40739947727,831204.0262172285
2014-07-17,373.4155063179876,406.2158998454651,360.34551213462055,390.8060308056548,386.08698919267147,842905.5442622951
2014-07-18,376.5772838091041,382.43005620774403,361.7703562008945,367.3615085037115,362.5394912413654,787212.4624033732
2014-07-21,369.02775066100816,385.12355964180523,364.3484939527208,374.14152077740096,369.3974517539738,696198.0334346505
2014-07-22,363.48225549123606,370.60528039074507,356.1144815859932,363.5580242569004,358.75944615183107,739227.6063730085
2014-07-23,365.61059124860117,375.02310170598065,360.7031349208649,368.51529919612994,363.6703666327401,719372.2259345794
2014-07-24,363.2514086293045,374.6682875659641,359.82505117810877,364.88696073162896,360.19142904303374,788689.5277842907
2014-07-25,368.3793832536697,374.9707295623441,363.86201472109457,370.219713319595,365.4476812523736,706143.6718932834
2014-07-28,373.94699235323486,386.2374414591071,364.2584043113974,369.499747080502,364.8206799404978,702835.0696913003
2014-07-29,366.0619376126323,374.97921682200837,358.52348969468744,368.48118599413584,363.8561994470362,749494.1736891386
2014-07-30,366.26197642933903,378.19405560430204,361.7764842489945,372.74112524391626,367.9963954034481,823409.6199253383
2014-07-31,382.81399941476894,410.17059890499337,376.30862177458965,400.8681473141437,396.2548819306686,1041317.6452364314
2014-08-01,400.7801975794891,430.117388436097,382.4173993771279,415.7568730738918,411.1850521604078,946479.5435239207
2014-08-04,415.133768304956,423.2236442384976,387.73022400419495,398.6089707185563,394.02164229100765,766201.7369894983
2014-08-05,408.3487961480488,437.51664918134884,401.25308710273094,426.73355443575457,422.1639817139648,850757.5554000466
2014-08-06,436.7605936482927,443.31386281485595,409.2531795534549,432.74177876047554,428.0726363811761,815894.5125991601
2014-08-07,421.73985624829095,455.4065390559866,413.3932420555802,441.37773052928384,436.7020983210821,792243.4112715417
2014-08-08,440.67237560698305,454.50057372260204,417.68496409492326,426.94649266745404,422.20506336090006,735807.9995339082
2014-08-11,417.3145317546625,422.6201396312807,392.3052721918006,405.64324290016015,400.90489444029333,637350.7218604651
2014-08-12,403.98134086031655,415.8347578199106,393.2980852574239,406.3107256423377,401.56259183081573,629238.6032634033
2014-08-13,395.4729436089284,403.4860001180916,374.46990619198743,381.7378424168591,377.06933421577696,643936.557186834
2014-08-14,373.3390257578425,382.11501069651916,361.5248861290631,366.7322752250673,362.1522293345247,633598.8448637316
2014-08-15,359.01475043652823,386.2420150690529,350.8268912721847,363.0369992820219,358.40821794402666,744322.6888681882
2014-08-18,355.35445901580795,361.329228936004,350.2858977232113,353.93703613299425,349.2208263303709,679814.2099511741
2014-08-19,353.54579467847304,359.2327650498951,348.4219121189594,352.18210258707717,347.49600584192814,665127.9997674419
2014-08-20,355.15215744179153,360.49734576390546,346.76392653443907,350.9649746295378,346.2029340898556,624857.7103977669
2014-08-21,355.40472899364363,361.57405175221675,349.0017666229046,355.932378722452,351.1546203257908,636956.6120269329
2014-08-22,353.4813850471565,360.81289555168115,345.91135676178874,350.4403160241674,345.6730898794837,578589.7402325581
2014-08-25,63.27397773740843,64.38566823701896,62.5894979698658,63.7421323366498,60.17527588684127,451934.4347186466
2014-08-26,353.4623480855765,360.1004970294493,347.80477647981627,355.55477626440353,350.77108611191863,612769.6776744185
2014-08-27,357.9706298297591,365.7648987191187,349.64546209392626,360.14456651376133,355.3624110214384,592371.2502329916
2014-08-28,368.3555913117164,372.27528101790614,355.0359484823295,362.45813837887704,357.77450834458875,565570.7132233325
2014-08-29,358.4789065946783,367.89391157267283,355.3171394441581,362.67358136205155,358.0014248048526,584647.6812674744
2014-09-02,359.83395795052667,368.696270405462,354.67841260062636,360.6059100199061,355.82704944245364,738684.0046598322
2014-09-03,353.7333564697599,362.33406244514174,349.4642679985173,353.7419768613147,349.0381016901886,760724.6647304833
2014-09-04,349.7860086472036,359.1947740146371,341.1166282891414,350.1489383646975,345.5491726447601,761412.5310537334
2014-09-05,350.04734116435736,357.8532861761777,341.4721039687671,346.37108726141975,341.84266693541355,693883.433791017
2014-09-08,349.67834963698385,356.6626735347302,344.5719993069948,351.15830697533397,346.5628345261282,704006.9816108007
2014-09-09,354.0345418187071,365.54464466892307,349.19186100892193,357.6920569780808,353.1410923790093,754870.8884499187
2014-09-10,360.55876877192674,368.5489496219081,349.6195822390689,355.8842904797873,351.22911389733156,718642.9948837209
2014-09-11,356.6081952942785,362.34237300628,345.47771800897647,349.56331649335647,345.0270898912859,728550.2232288037
2014-09-12,348.1465976156836,363.08749341265883,344.84977465393354,354.81634161882295,350.372127380869,801590.0081452176
2014-09-15,358.74320173173123,370.43643579133425,353.5641419088815,363.5977648820654,359.18355741972704,719078.2590613383
2014-09-16,365.6555121030287,374.42960003209566,342.30478867281374,349.8068650265055,345.2827462134139,789790.8193218765
2014-09-17,349.851427230263,357.750958802951,340.88977612178115,349.96849494719925,345.4177857093921,787126.9863045497
2014-09-18,348.59702429930405,352.3690515952145,338.475336950512,341.5808181398247,336.9764628062169,738280.6192022264
2014-09-19,332.8106920528394,342.42698626501385,326.1054785707135,333.12753842692473,328.7131991206293,1217670.841336117
2014-09-22,338.91201604107545,350.17771035787547,331.9606535524791,342.89271403241355,338.3485961584479,807623.3415142394
2014-09-23,351.4476972977169,360.1337121574701,339.85334458766823,351.6162046863799,347.2057796699531,794034.9269819193
2014-09-24,351.16289119296135,359.8754486391626,338.79906231329255,343.8693525590609,339.33876776035856,788684.306873409
2014-09-25,344.7619183869579,372.1967959519403,338.16454013924834,363.6117472053229,359.23034248983,800013.2846901017
2014-09-26,133.29746380095693,136.08225329485907,131.0253388973772,133.29479322295353,128.78527532736865,687216.990237467
2014-09-29,374.60001750828565,384.94906723080277,360.7066889955891,374.41161230209224,369.98599926288506,719125.6209939619
2014-09-30,376.6168777232559,386.9354362387909,365.53221827880947,379.28468957976924,374.7814813286786,929712.2918116447
2014-10-01,380.1491991644098,399.40584584140714,370.5925153559208,381.32488894900706,376.86758654199286,1046543.5306406685
2014-10-02,379.9696429367552,395.00595217199333,360.62209310736586,372.5244801427705,368.2361942389477,951062.9042429863
2014-10-03,360.2814281282731,368.50685126914186,344.3509035360816,353.2619101938678,348.97047849409694,836662.184686775
2014-10-06,343.26359008705265,359.73106039538226,336.2721060727234,352.77848290084677,348.4274034913978,744452.4954745881
2014-10-07,362.1488375785931,382.77336701996967,357.2073878934515,377.49942319713875,373.1280040597715,867629.4041318478
2014-10-08,378.983195360389,386.45727208533333,335.92995491844164,342.2223119529335,337.84274402990894,990751.1146437689
2014-10-09,345.20513622292293,374.98334381560375,336.45989736683657,366.0349882065111,361.8389906144753,1014480.2482089207
2014-10-10,371.53936424354595,414.0001212155111,357.39525252504984,408.85102256109207,404.63615914914715,1157345.2886574075
2014-10-13,395.79524128102616,458.80358507784393,382.5796947914563,449.9852069466829,445.938780427663,1096573.0193816335
2014-10-14,438.0434640334386,470.4637022234808,401.4631522782408,439.8149345513208,435.7033340465303,1170620.955929857
2014-10-15,470.7891341786138,512.1134006438942,433.7466787767734,444.42854501406197,440.2457722160924,1458132.344454671
2014-10-16,513.2674274906965,526.6049487459212,436.195511304326,458.97149492569207,454.7598342508548,1199917.122209436
2014-10-17,417.57097755737124,447.9763685183778,403.2774739849998,431.139879255241,426.8963127159428,1114915.004371836
2014-10-20,431.58273042207014,437.94495111066476,383.6122133650258,389.188177068934,384.85344582382186,856499.9034182152
2014-10-21,375.68580031038425,384.4746224920162,353.34087633302806,361.6409825597433,357.17854547795406,966311.0022977941
2014-10-22,357.80023357307357,393.4550663613435,347.72887037485225,386.01516393238967,381.5989832033461,901763.9126436781
2014-10-23,362.4204866451815,375.33625181227035,349.0609392462378,363.60381239680834,359.159970125764,872830.8733010828
2014-10-24,360.5550158276846,383.6770939894161,351.69438822634714,356.0991360533671,351.6813248453085,755278.9868754317
2014-10-27,360.2137876302766,370.88310917513434,343.97227516661803,349.35964378120576,345.0617458904271,746074.9357586921
2014-10-28,343.95394464831224,351.43773831718903,322.2723863227424,329.5297197439199,325.183343187361,838123.8456747405
2014-10-29,41.56232710331818,42.403823894028434,40.80618688208576,41.687746375708144,38.56058231880538,817716.0206766918
2014-10-30,343.6850690844667,354.3134157561157,327.4467144197796,338.7871989863445,334.41641253537233,858127.6797235023
2014-10-31,331.01625261099684,341.42132299149034,323.28524540786896,330.5728871192426,326.18228202091126,1040553.0616913124
2014-11-03,335.63229286647754,347.3739853511783,328.41593430331073,339.45250205493375,334.912962744607,846523.3512453875
2014-11-04,342.5865797348636,356.7437063684734,332.32960084344296,338.4262420377898,334.01091532509156,868655.375
2014-11-05,334.3126070010043,343.65059151721,327.10411793092584,332.9640911129493,328.50478755419863,881013.3555453079
2014-11-06,331.73615896728774,348.85019458765646,319.77606316969826,334.6511875984726,330.1575409876967,828271.0474435744
2014-11-07,330.72848038444255,343.50892003118184,322.17474852817173,329.3476764393594,324.8410593468909,830026.4756632064
2014-11-10,328.94428813998906,333.8707332372205,308.9240224222222,316.6538581070726,312.129418872461,770427.3676605504
2014-11-11,308.96390081754214,321.5596714701011,302.1955657842203,308.2920519203482,303.90880076107885,689498.4176051483
2014-11-12,321.37283301237443,325.44940730211465,311.2123079696303,317.0807475486107,312.65881971310364,746921.0614773259
2014-11-13,312.1693158947949,324.8238029389132,301.2460718804536,308.34148625389605,304.00011937080063,777943.4144661309
2014-11-14,310.25534439578877,319.37280915743213,304.8578600743804,311.4072012951059,307.06246780008127,775234.1719145024
2014-11-17,316.6426122627633,324.322479323013,306.7582015461803,315.39047439015854,311.05321277117986,731794.0388148829
2014-11-18,314.7050686779672,320.9395193288541,303.98995522215387,313.30197985294325,308.9682957944358,604345.0841836735
2014-11-19,321.11373498055104,329.8043413040995,314.97914144785545,321.1864862920282,316.75917600850113,675237.5940092166
2014-11-20,60.080091334831764,61.92527842320711,59.545945376939166,61.05049334011657,57.45663246458273,728840.1681768757
2014-11-21,309.31964068959616,319.675927397556,304.9302840572573,311.50170678042593,307.14290424501075,896204.2572413794
2014-11-24,304.47907530938613,310.51780366496143,296.88237299901834,302.6451697336541,298.26299052210015,741684.1178899083
2014-11-25,302.00699683505115,313.644309010691,297.55192502186435,305.90661098872306,301.4896795256393,852163.3836809535
2014-11-26,307.5133737004049,315.0058251409247,297.5902278844636,301.5263623063365,297.0805413373706,598630.0420786388
2014-11-28,298.9702689214065,306.21887868384636,292.22400408387176,299.4791294256269,295.0879075509764,539543.0016114181
2014-12-01,296.3050223466835,306.81305453263946,291.59387386503613,300.4058007591781,296.08896095295256,935006.0096330275
2014-12-02,299.1275138471134,302.50427823108265,281.50437018215575,285.0243507289706,280.7083279282691,828846.8745412844
2014-12-03,279.1609289261307,283.84566858727055,272.8215765461463,278.3906481268074,273.9692470872294,830691.3227804542
2014-12-04,293.5864218113621,300.37010683101175,283.5902030736704,287.516354745939,282.6079762805334,781309.3888252805
2014-12-05,262.43048676045703,268.0804224672458,254.7136342638254,262.65787837625703,258.1098617685766,792537.2329740885
2014-12-08,259.23009184211,272.1321654656328,249.1985322599786,263.18875224865684,258.6752976226417,952793.3149120804
2014-12-09,276.22216492805035,284.87634630467204,261.3218049756368,267.0621941225958,262.4474145394136,925827.4448764868
2014-12-10,269.29123574817993,293.8860862516745,264.5130934929831,289.7957734038498,285.9257653955601,660849.3185098952
2014-12-11,304.161916134772,332.1096583813097,288.72406344270564,327.15617773339767,322.97264822482765,712352.4323576861
2014-12-12,348.07407436041626,356.3264097891151,325.6908763906608,352.0504175622433,347.2830885188887,737415.6232654949
2014-12-15,311.24360987613755,336.3807253666054,291.2591484760343,315.3041883178345,311.49246870793803,722817.1761429566
2014-12-16,323.0222918841398,334.0451773112934,289.4021417208027,329.2900859948216,325.4893434298036,750459.2139037433
2014-12-17,339.3814335032603,343.89326729718573,291.30256523771106,296.78242124031726,292.29041260824994,756775.8341474761
2014-12-18,283.52888041388053,300.388634712591,277.7068391764593,287.6649736467287,283.187160041652,714180.3683720931
2014-12-19,285.8878559207297,293.7236303305904,277.50442293803707,282.55387710716997,277.92056820741817,1092655.3510935318
2014-12-22,270.85137907412985,276.2028597011971,260.0796560351362,264.1639673649027,259.61086174456534,551240.3392029657
2014-12-23,262.04654849909235,271.9339040877052,258.11160063083037,263.3686404432594,258.74098187063584,521483.1334412581
2014-12-24,260.220282671124,265.4886482387435,256.58429437986763,260.826502235986,256.30759617518567,237852.09728978458
2014-12-26,259.12223744991616,265.525428548759,255.37177986424706,262.82507853887205,258.3316590708951,306066.16307621036
2014-12-29,106.94820461579262,108.65350381920294,104.94393884814471,106.8678856104342,102.19150818933063,406300.7207278481
2014-12-30,288.2754361208374,294.1953746056763,279.9253914994913,288.35714154935505,283.4322360049273,403277.35671296297
2014-12-31,284.38786022535504,313.51596169323693,278.334448528176,304.18376138334173,299.35508834054264,450123.5815569972
2015-01-02,278.0827545081326,303.2025018052343,270.6289122959583,281.11604643403376,276.5362792922863,457210.8976560687
2015-01-05,291.6533204426962,311.8140082807911,285.93509995091625,301.8246261428966,297.36417188321496,655133.4164554045
2015-01-06,299.1771528634027,325.52506040011264,291.7330860396659,309.533056870562,305.0901726195788,766860.31778291
2015-01-07,298.8021077151653,309.6797087115189,288.9466246930911,296.7331812610694,292.1908033692372,678928.1377562773
2015-01-08,287.62294880121715,292.2616057499571,274.71281856004816,279.9264679982886,275.3733171565546,667545.7826187718
2015-01-09,278.3611313606142,295.93353531344525,274.76322060776977,291.36456172485873,286.9022036157831,596236.2177232762
2015-01-12,293.51725442792076,319.7153391869731,289.1251757183274,307.5101132884194,303.11230055590715,618487.2559000463
2015-01-13,303.62990973417544,335.9542824216494,294.9034818965853,322.3745583531249,317.93538538514156,688090.5763066203
2015-01-14,338.9379511976056,347.02977111660726,321.74301135688955,330.06415633705154,325.6891047487475,723695.5701388889
2015-01-15,326.4670357653677,344.42470040130564,313.7654753481552,337.83324331968925,333.4154761190102,734439.8548014774
2015-01-16,335.7330609772785,348.5751647102284,318.8074686777562,327.2950139461934,322.88968257795426,730298.8279370953
2015-01-20,314.61949657766235,337.6313151403752,309.4759779917608,321.0842763767785,316.55310012515423,654003.4664040778
2015-01-21,327.3153730178615,334.969070940844,301.4448275277875,304.9979279131615,300.46787396027383,621319.9084588644
2015-01-22,291.696533801256,306.5821668405582,275.2898005429727,280.1674931704429,275.6492172764053,700710.341856715
2015-01-23,285.47616944780583,293.3543538255656,275.3345009063347,289.7608360678686,285.29460389795616,559828.6152416357
2015-01-26,286.98809652289873,296.24998299077316,272.4940326047014,276.96601080608355,272.36652325356937,575473.4680703378
2015-01-27,289.59041061211707,293.684749428234,276.0582788972343,286.1498826496387,281.6539395891133,618357.3219288174
2015-01-28,275.2059100944912,313.7155592736919,271.47872123820474,305.8534924096475,301.41539033605994,713056.8749713236
2015-01-29,307.3590835452526,324.20277581552654,289.08402341584923,295.91559914145586,291.3799893692076,706110.0257826888
2015-01-30,307.59926872649515,333.93808643758115,297.6940158845868,328.5741719372581,324.0484654698923,772082.3159963015
2015-02-02,315.69485568134104,335.9149777448421,304.32508822404907,307.8575200151147,303.288484507263,683828.830371567
2015-02-03,303.0113903660982,308.88924112330807,288.5165518512698,292.98033898864855,288.3743848771015,734678.7002077083
2015-02-04,296.55878939095305,304.265516072998,283.44724934780254,298.7405732986664,294.1449454383908,713211.2260289722
2015-02-05,291.30439393742876,294.7439352686327,280.49521480262115,284.991086909665,280.4971343530302,643070.4991941055
2015-02-06,280.8966584553824,307.1225269349008,276.72382308274445,296.7507037378727,292.2359429285154,727974.0454336852
2015-02-09,310.58364599262916,315.8151104772505,301.9092605353952,305.36778831672495,300.81164689885276,575432.3747115828
2015-02-10,285.13910669717546,293.4664553853756,275.1211734349628,279.05240531151236,275.2892764704439,607149.4323576861
2015-02-11,321.92853887812265,327.7111955712595,316.4370806823878,320.4703854045911,315.53152692475686,617528.4172494173
2015-02-12,308.06530920081906,311.71155963434967,294.1624873926083,297.5286372421771,292.6137519243833,649514.4514796971
2015-02-13,289.9796660450916,298.50666237398667,283.54517498245764,289.63129303547265,285.40411092994196,612753.6880755065
2015-02-17,287.8350989670737,291.7854692856117,279.26790713401,286.02701442246786,281.6648871447327,591803.7944827586
2015-02-18,302.98580326759,305.48718072999617,291.5950632408119,296.485219843618,291.6038342519034,569792.9760202905
2015-02-19,298.21059890724285,301.575240879416,285.4832751892724,288.622998288628,283.83778151414106,528693.0447520184
2015-02-20,296.9084582324799,302.4260525989101,279.06706637929557,284.7757516088593,279.90348923087527,580953.28538497
2015-02-23,285.4523424752698,290.1693637527301,279.13446328494757,285.0933411692746,280.18029735203834,555334.6495863971
2015-02-24,72.98187880837602,73.96246681011448,72.31593895695646,73.42472380995707,69.9596509363924,582212.8763557484
2015-02-25,280.539649888428,288.1870471791341,267.047747321971,281.7474924408255,276.88067524688546,606574.7393994958
2015-02-26,276.15402051490184,282.4965483727673,265.46722593905815,271.4175848986702,266.5931076365195,642929.4910877513
2015-02-27,275.83308853581525,281.1957170411711,266.12526275820875,274.91870623320256,269.98560100249654,652867.105528791
2015-03-02,277.4713160379915,280.8479514746254,267.5912821240986,271.7779343177409,266.78731800673745,625499.8745125029
2015-03-03,275.07729434123996,283.517279351666,270.0039528012645,275.2856915798021,270.2968080591684,571565.693868142
2015-03-04,277.20766623465335,285.7478750499359,269.3396896009219,274.82811734186504,269.92695234956665,579121.8386577799
2015-03-05,270.1848445292959,277.66638180883547,266.1296114400302,269.74016839357773,264.7948998353613,552399.3053452626
2015-03-06,269.18557135211785,276.28138435964513,259.9005668362161,270.77766549195775,265.9697756038627,672756.7303370787
2015-03-09,273.6489872868542,278.43147615062765,264.6548682747924,268.9257082312661,264.08855331357125,595289.7207495429
2015-03-10,270.6471441005395,278.22545265579487,265.9898552019959,272.5605741088362,267.7282735930774,645532.7929061785
2015-03-11,245.85219482793815,255.28556492698218,242.7666907301738,250.76563342646512,246.4383045259469,588053.7152044098
2015-03-12,247.1249974097202,250.10260847307526,235.58409050411316,238.32071811407474,233.84596984799447,615190.5195339273
2015-03-13,237.4434242918008,247.34790075092647,232.56958855244673,239.38968306776735,235.03010320714648,583832.2819687213
2015-03-16,236.05770489798147,238.89340004118745,229.71846657280904,234.80972581014592,230.38426808664727,563170.4005975638
2015-03-17,236.22230093308391,239.49505298925175,228.64292386826298,231.4976948820184,227.06724859266788,573231.6404494382
2015-03-18,260.61895302921266,266.05831642155164,246.43232059573032,253.01488536623506,248.24126470255422,670250.9582089552
2015-03-19,249.4415961107163,253.32740343286494,241.28545320530145,244.20245617455328,239.93810735717435,594119.3160657234
2015-03-20,252.20091600560798,256.5727003186886,241.0561091423877,249.7394138998953,244.86826011465436,1012907.0722311396
2015-03-23,247.34494636441056,251.4800089651968,240.89874565698312,247.50830764724037,242.62688474196014,539407.2541360294
2015-03-24,251.4661542923221,253.87073087356993,243.48061461334743,248.63039881275918,243.69672459060894,534222.3038585209
2015-03-25,244.24002879278152,253.34513525263782,238.35264181582193,249.37173321385674,245.0090884108386,619178.5352177942
2015-03-26,260.4212784887516,263.695956640749,249.83713742994212,253.1241630124034,248.17704099189223,600559.0103871577
2015-03-27,72.26896352919127,73.57932273650715,71.09404575620444,72.72807331750298,69.34526060279869,529124.4867075664
2015-03-30,243.13121800942662,246.11948649112048,238.611639251944,241.5058542422019,236.6104080015946,518447.41537392914
2015-03-31,244.88557281488656,251.0360482599533,241.5137416994892,247.42629457975482,242.50860829480712,606255.5831403427
2015-04-01,245.07327084391994,253.06687125008568,241.5026223767103,245.04826835977667,240.2582898818862,619479.7006251448
2015-04-02,245.55423274319307,248.6587808200224,240.47413916664877,243.0872399382396,238.16434853466157,510184.5897911833
2015-04-06,243.66087038645028,248.58911973904742,235.72185942438284,239.46128428086786,234.69223777958734,541780.5379086483
2015-04-07,241.41606086279694,244.4254909684348,237.2844958594645,240.94841085721816,236.09475936024577,507144.0842032011
2015-04-08,236.84074626248713,241.59714737943892,231.82946982339237,233.37962644758625,228.58358403406768,564932.2469392469
2015-04-09,68.74295013985666,70.07415363943893,67.97987768462019,69.15623454901225,65.73260925890519,542365.5321035829
2015-04-10,216.21309795014074,219.95570428916957,209.26741381256372,211.79077651552876,207.57305173320438,556937.5909612296
2015-04-13,118.48719594000164,120.35704154037327,115.48822606468977,117.24237165828573,113.3448102979177,491649.9210684274
2015-04-14,229.5763802233625,234.14182987881495,222.73450628954026,227.63902823928663,222.71025390357025,509923.9736538017
2015-04-15,216.72748210100994,220.38921952427134,212.06762671574654,216.98333892847288,212.70999891315546,605725.4552529183
2015-04-16,223.01434096166878,225.91142556320028,213.9326763973298,219.2317157977941,214.34829615695918,555446.5814857143
2015-04-17,227.1638309283286,232.1197495234876,221.21196368371128,224.06291510252504,219.21613164735993,617364.5704144721
2015-04-20,218.62612453438985,221.76487363363867,213.52849613077166,215.5197288043103,210.71176912143474,510255.5880583198
2015-04-21,216.8463809799359,222.3166466215089,213.0195553956548,217.3364080574801,212.40007142536788,553269.1079833872
2015-04-22,216.296652742211,221.4538610026625,212.35872325892302,215.73372613555267,210.82237160111188,542907.3327159064
2015-04-23,216.46782304756755,219.67255521809597,211.6068755426334,215.6589673904098,210.75004128633552,611965.6026200873
2015-04-24,216.22475508092464,218.94690496880787,213.1190539042363,214.69303920438978,209.7850287442853,575167.0999769106
2015-04-27,211.66734338039282,220.56180649443795,208.71590319959688,215.58443550318412,210.65622397149687,722742.941122775
2015-04-28,214.4602412368335,221.16835733650117,207.71052939533203,210.0245817093303,205.19824382244548,662171.9316200091
2015-04-29,42.178356301085124,43.031732434514524,41.55109754564883,42.27392008180376,39.308979820296976,783399.0280210158
2015-04-30,214.77839138413796,220.5800854424553,209.33657914081596,214.7208977066468,209.8786591011356,853800.5388148829
2015-05-01,217.75145494042806,221.98092237785127,211.67085779185663,215.98584165494387,211.09637153317743,607407.8314450867
2015-05-04,210.50014993542538,214.68261850591105,206.41002032631226,210.8703909118939,206.09403053772655,542498.3182234432
2015-05-05,212.23372316016847,218.25729823138326,207.58176976310756,213.2089866971149,208.4054609653967,657059.1598903609
2015-05-06,36.36639575239109,36.77595422222562,35.74510523158571,36.22761407300182,34.03283154122207,1297211.956521739
2015-05-07,211.62130824506878,214.36158688903015,203.36047621895398,207.3109449811685,203.14957877224305,703257.2663155484
2015-05-08,214.0943884739657,219.17175925527525,208.7311836667282,212.1269606005249,207.29684813745726,594193.258600785
2015-05-11,211.0797684014585,215.50007087758732,207.29836152182398,212.0004624705093,207.2306211058048,526830.4743174457
2015-05-12,215.85852161739314,220.43172753503748,210.7610335634173,214.00496470943241,209.2602308870689,530357.7683602772
2015-05-13,216.21131938215953,221.06098885524338,212.84999381259752,216.23402446869466,211.4157274929196,528361.1336622034
2015-05-14,209.96875952127442,214.22253889109632,205.97757766529668,209.316129175955,204.6215922431019,557600.6593305822
2015-05-15,207.02856359926884,211.74532555733762,203.94564406898266,207.62465844678326,202.97224003010135,541984.8795402299
2015-05-18,201.32247961669557,203.94630973053407,191.9757469149707,196.62052581367936,192.56366886173385,498372.86059351277
2015-05-19,177.26077128995183,180.71213631255117,172.1955566807254,174.32386915312006,170.07598869580434,554521.3123848987
2015-05-20,165.76699584045156,168.651424693068,162.00246110609214,164.68341235487603,161.05686178172795,547423.1251995439
2015-05-21,178.69074556530498,181.4671353354292,171.84011852015743,174.9607015646243,170.65521372814428,522252.24322462105
2015-05-22,193.70564528289472,197.42911826733598,189.94713962804414,193.99075594788079,189.9602713451656,459649.4699792961
2015-05-26,171.47024826760136,176.6608067937145,167.72704522655448,173.5529539227005,169.209821973343,583463.3350893266
2015-05-27,174.57773395061196,178.12283627359182,169.232384229328,172.6620087581255,168.35388334304957,544035.8941932522
2015-05-28,171.39254784404002,174.98916887614428,167.6556145738545,171.27264685802956,166.989303474615,498826.46975992614
2015-05-29,174.02902237025057,177.33535602461586,169.91331773473706,173.30989377842863,169.00462106412348,659239.4087759815
2015-06-01,169.51083647592372,173.41196890770652,166.54326492746955,169.49245276572,165.24248632640354,533165.4502283105
2015-06-02,161.8789427299317,166.55816747855235,158.9049763666308,163.55931524341747,159.96300186266228,525972.9676168757
2015-06-03,172.91200910478847,175.61315170828817,169.36782362027327,172.55753123229326,168.28409893495063,566345.2184300341
2015-06-04,173.44051124066468,178.2826163717395,170.1976782416558,176.37709639503376,172.15618510106046,534525.7626538988
2015-06-05,174.3257520576459,178.62197929159402,170.4693261923465,174.10581284083727,169.9001319841256,573367.6299499318
2015-06-08,71.74329947251177,72.64285464534059,70.33644965492894,70.85741790782035,67.64332373281395,537985.8083423229
2015-06-09,184.93934939997865,187.83253932738555,179.01601829704018,181.41345842600137,177.1493964295036,570054.1261137766
2015-06-10,166.2283724095921,169.05354670243545,161.2298983888973,164.04215308436073,160.45778098758723,584279.5494833525
2015-06-11,161.69511471909163,163.64750424907743,156.48496795011502,158.92431092821928,155.36474767595834,532886.7839633448
2015-06-12,168.05489946498125,171.16076724111605,164.17595281487823,166.7342229594577,162.49623030221048,452542.81973259564
2015-06-15,174.62625805444654,178.3152290365708,171.08636908450853,176.78955001317107,172.56746893107385,513021.1945274776
2015-06-16,174.92207917070485,177.61895886823663,169.8184415836146,172.44578553504374,168.19280400248422,470378.14815668203
2015-06-17,169.41105316069115,174.46227822667745,166.26661951644488,169.27884975448632,165.06319093371263,540679.3044871795
2015-06-18,166.30341858232075,169.26329574967932,162.0583270695266,164.59779342744088,160.36579287854713,594659.5669796199
2015-06-19,169.18468029620692,172.62698763857264,166.36286695514158,169.68178482192408,165.42185936384467,760348.9013824884
2015-06-22,166.2796042169988,169.0589231843128,162.50398294616443,165.16413164744526,160.88881785269655,508342.7416322788
2015-06-23,164.3417230332935,166.65431955177303,160.4121944365427,162.96148730194244,158.70111306368656,534175.4708704592
2015-06-24,161.68693012229903,164.9649809899362,158.72675524562666,162.33208643778121,158.10294609464836,539051.8070695553
2015-06-25,161.9880899163712,165.39682984278704,158.9907554264871,162.4524578655608,158.2322478217612,530958.5133897917
2015-06-26,73.4486900763561,74.39910794335174,70.95087213837354,72.25423663222003,69.13821545940877,999632.4858490566
2015-06-29,187.68024781409198,200.38331459559984,181.94967554330066,193.90521528883852,189.48287592567772,649887.9426490669
2015-06-30,178.87437305514663,194.00284212117325,176.91032318714903,186.85832797819893,183.10441009222333,659398.6314344543
2015-07-01,167.27171491844297,172.9664052231708,163.01404236535063,164.61914896710684,160.47493581409208,617034.1810718358
2015-07-02,188.86763964745285,199.7458880415352,186.4289414919142,195.61959350981553,191.1116184607943,505908.4254156229
2015-07-06,177.67106905809962,181.20622008236037,171.0614901083131,175.85653485171804,171.6329429251148,565929.3514435099
2015-07-07,168.74998039871176,176.04439504749368,160.16707829136956,162.46621838851894,158.3561277651042,803891.0736582079
2015-07-08,168.58360562555706,175.95977081913412,163.70959524609734,172.51557408242007,168.4182896755492,668138.1278415485
2015-07-09,158.43771255505132,168.7711731725956,156.06868354807185,165.8431469972113,162.4072963627531,648484.593448508
2015-07-10,172.7636457346315,178.849256075908,167.54541891221535,170.4767216912555,166.2794209393353,613757.0723758148
2015-07-13,73.00023198116772,74.2251917640572,71.83101622269471,73.04523513192143,69.94187824447464,533599.8251333728
2015-07-14,159.77234279800555,162.98873186327785,155.85865431220762,160.20664841131133,155.9831113510105,523022.45404913556
2015-07-15,159.36983232941674,163.47099449427154,156.0933978826961,158.8709793305238,154.66488528802947,593528.4245645781
2015-07-16,164.6077326781347,168.26015241662304,159.90770434956193,162.54576904747557,158.2666445981179,593968.7099909585
2015-07-17,153.68152159757466,156.30986605599034,151.28073658591038,153.40838174155135,149.19334849048047,643673.051299435
2015-07-20,159.07289946982965,162.03893982541635,154.65764600449648,158.18544202244865,153.97399311387215,551169.0667271902
2015-07-21,152.07183793301795,154.9962966099515,149.4619139052512,151.50631124559877,147.34390154616338,577303.3997280762
2015-07-22,154.82460662373862,156.84165155169723,150.20893447307645,152.813466207139,148.61591892781692,632546.9110859728
2015-07-23,155.99983229230696,161.08035022099227,152.9581527898548,156.56543925876267,152.41569919458982,623451.4057674841
2015-07-24,153.88056981344974,158.84498008370582,150.1665349187797,154.63555499999833,150.47250143103824,624735.1207014348
2015-07-27,155.0347431764441,159.06989010119668,149.34874379045837,154.5549535994692,150.43140749041876,639706.3423362593
2015-07-28,154.04041491707883,159.12988191012667,147.64429450041385,151.39476101783035,147.24123235771515,650427.5493688007
2015-07-29,147.6306755580047,151.15096956616964,144.62136607418458,147.96850200172625,143.8394085917251,654823.499205809
2015-07-30,150.2709939655969,153.3853370354753,146.5181582370947,149.0038107125933,144.86575880303283,596350.8239708892
2015-07-31,150.99588112295498,154.3715231211637,148.42964823492974,151.31906816044042,147.1315600024269,609839.7437827971
2015-08-03,139.95088317761994,144.08073806159157,136.58562634151522,138.25768326279047,134.86976903317918,603942.7155797102
2015-08-04,59.237552757907125,60.159436706266156,57.766467837655426,58.74505047070524,55.735804202134496,660067.507296467
2015-08-05,153.077807122383,156.20715785676163,149.65341485006437,152.77723341011236,148.6352659542667,782970.3644524236
2015-08-06,148.84068118803188,153.86336863933553,144.1783396272278,148.9933508056055,144.88733120260392,740450.9401400497
2015-08-07,145.2298635930895,148.45899672911602,141.11576761372208,143.76838062651365,139.7028164260519,598321.7482374347
2015-08-10,149.03262904332928,151.02975392504155,145.6585096546289,148.19931699248247,144.1023916520251,578344.9857433809
2015-08-11,151.692556213287,155.42843255278865,148.29242325165592,152.13655403527895,148.03249763735357,607625.8343141694
2015-08-12,154.81108971423697,158.01134621555758,147.8928198768841,151.36182796621551,147.25228289180262,713669.5541036222
2015-08-13,151.46633088572096,155.2881721457333,147.31955749410122,150.2016902858334,146.09906197643448,533927.9888989578
2015-08-14,147.30465646325948,150.17959215516004,144.8859605344914,147.18324213431876,143.1223216666338,484919.763134058
2015-08-17,147.98535541739565,150.85917548759662,144.38295212250867,147.06468964350833,143.0116443170717,485782.393019039
2015-08-18,147.25694299687163,149.6704646976003,144.6794441766598,147.55456376425886,143.5141414731502,489683.773118767
2015-08-19,147.67347541455422,151.117472475639,143.80000709054016,147.71565343994064,143.7053967613798,578971.8566259611
2015-08-20,144.3990016982152,149.5404320019955,140.75685854260578,145.8832734318878,141.93224776633642,686422.2478015784
2015-08-21,148.27117273216248,160.00209946607248,142.61070112320598,157.24533257508895,153.3296192575784,913468.5199819373
2015-08-24,56.497454174244886,59.83588144270392,53.67825109425106,57.71016741120036,55.08004104104803,1234406.7094833688
2015-08-25,156.0192315079283,188.29484717276216,152.71665954857954,185.4184065469465,181.6435415362307,937604.8848143982
2015-08-26,171.9938442712058,190.76150921596556,165.76765366235483,169.66239096367025,165.8282732532714,879564.8586564473
2015-08-27,167.76068899048826,187.8750363646239,165.75646897757898,176.80040546308598,172.88493221735803,799092.5934115524
2015-08-28,178.76769095765283,191.2354882305257,175.124700158098,182.61942884505558,178.69937295741425,666841.2206445796
2015-08-31,185.53695165879282,194.24382205788623,181.95231734972415,190.42639047566962,186.53129989448544,635156.8197424893
2015-09-01,215.90806122980172,232.73319119966206,208.18094594169693,226.112853640565,222.8014051346982,737522.9959432048
2015-09-02,222.12803759168497,231.80276767877584,208.37254083725307,210.7495964321638,206.68945940746332,612890.2862957937
2015-09-03,205.10539602295032,217.02012545973037,195.90972999462787,209.6881685734036,205.61956801617325,588486.4078086211
2015-09-04,205.3902119912886,215.27652004276638,198.29223923264476,208.3159434223478,205.04265379877683,540483.3399458972
2015-09-08,201.53627002230118,206.61634688602302,193.887227234641,196.9055439585611,193.55824690642146,583391.0645598194
2015-09-09,198.11911697844738,213.4625594002206,195.6891867691876,209.09189263247566,205.01212085382548,600367.966583879
2015-09-10,209.83921857565505,214.0046525646276,199.20606532701544,201.6673238012852,197.63900567540568,599551.9477124183
2015-09-11,195.79892832202023,200.9188190143615,188.94728684469962,191.65423199421832,188.35647017717116,516564.474137931
2015-09-14,199.05474141614258,207.6181442220555,197.0676707519781,200.7146893533303,196.6946145792574,499055.9265828469
2015-09-15,188.24396137791476,192.52500948378295,173.83786285315003,177.0093022168562,173.7152659635648,538040.6020683453
2015-09-16,181.75001002820864,188.85602206942977,177.00045757934024,180.71245350253656,176.6107320519141,570910.5986073675
2015-09-17,175.87531350525865,181.04508191175404,165.1785669164254,176.71683738172564,172.71292792682527,684540.947474296
2015-09-18,187.51514730480633,194.38159212045448,180.53671995653445,190.40660774143353,186.38629973964962,1045366.5829032982
2015-09-21,185.25946648285634,189.1962743952595,177.9510997230862,180.77120047234035,176.76739160878498,581963.9688550303
2015-09-22,185.12993968554375,193.63996821540596,180.42457418047093,184.97342709737458,181.01717867858355,631700.9030886303
2015-09-23,186.88719232555428,189.87033902940468,178.42424846056045,181.1104419129954,177.23593831868203,516623.23617977527
2015-09-24,186.43353272828975,194.68762993616835,179.70612965786339,183.60495976910678,179.67362657558675,664265.2786069652
2015-09-25,181.85101038723002,195.34721012403634,176.84244360500767,187.39844721214635,183.45876592397963,642713.5309954751
2015-09-28,64.4035474310928,65.28220802193329,61.35504882656135,62.580285843320716,60.03501286621828,800540.0237545364
2015-09-29,177.19966045934783,184.4909741422903,169.09889733922955,176.6496771917407,172.9686564145074,709717.3090826932
2015-09-30,187.6317990969259,194.280948860081,182.48509407859095,187.13822026401436,183.2107260731613,761795.2649785214
2015-10-01,187.87428170415424,195.21145899538666,181.8562785686008,185.50611782164415,181.59042282416598,669984.0917119565
2015-10-02,166.48292458312065,170.19301974055696,152.63317564288153,156.26801304860498,153.22459417773356,755171.1571846189
2015-10-05,161.85171363019884,164.9625947027965,155.2102636867022,158.0345524543986,154.20063332590792,709398.8443343096
2015-10-06,175.24877522960765,180.3183093761123,170.45533140266338,175.92374583088773,171.8934491558756,682205.6536036036
2015-10-07,176.91349706297106,182.8086447871714,173.3603875116603,176.38873550267525,172.2982033848011,713496.639647776
2015-10-08,60.76236790647886,62.499314902260586,59.89810865123155,61.941709218956134,59.18347142503702,645345.7935082873
2015-10-09,64.03274195563772,65.16026329691239,63.17021660505531,64.32632420166675,61.571963224960314,605862.6097053726
2015-10-12,170.43876868906983,172.62392368542814,160.63394655485016,163.81017864823949,159.76428909344568,467038.16415561055
2015-10-13,80.98049364664892,82.93943995100884,79.07570205234701,80.64710187652649,77.77195909787524,560835.7635726795
2015-10-14,167.68839968309084,173.99981977146055,164.2164710810189,168.38780787451185,164.35890702811938,590947.9358397118
2015-10-15,165.75259326014503,170.98295425253374,159.4504171049147,163.93693481856633,159.87659799589804,620751.3977068345
2015-10-16,164.42253711457292,169.53157456534893,160.82024388296963,164.23771734609372,160.17834917159476,587867.225279642
2015-10-19,162.3683437398061,164.97124056893998,154.4352094786969,156.6978689950693,152.67099256854024,552029.5890746934
2015-10-20,155.2385392758936,160.76066205250686,152.4555559704812,157.49261519391237,153.49801301856138,536384.9547186729
2015-10-21,155.90635989840553,163.10860865641564,151.55034781750845,160.08507073891332,156.10894622272747,603889.6651048639
2015-10-22,158.71931023835268,160.65692525804386,150.00197151261617,152.71730773952615,148.71658806430642,713922.8620227729
2015-10-23,154.57054468964657,160.10197497794266,150.7243882261786,155.69229110289027,151.66768473004643,708113.7635875643
2015-10-26,156.78064172963462,159.71613344466752,153.15309453789985,156.90382989554627,152.8805339216774,590380.369618559
2015-10-27,154.42250007560676,156.31467890850254,149.498141977996,151.05432421881835,147.07058218535565,665980.6566197812
2015-10-28,138.54812305790895,144.0798605494716,135.1358521303012,138.474208193859,134.6038633041357,780841.634623943
2015-10-29,155.81929782722543,160.63359932360623,153.17432242053246,156.67296606829328,152.61566862534798,663660.7774540564
2015-10-30,155.60177987314134,158.54696851757683,151.57134502610623,155.67246752104944,151.62260033572846,721184.7156313075
2015-11-02,158.40411211644852,161.14143554011517,152.31898468632036,154.98075410964032,150.88721559684467,627559.3570143885
2015-11-03,154.56596080113752,157.7563852459201,150.85731703529925,155.5856963988998,151.52123237148035,699821.1472694718
2015-11-04,152.6940612715658,158.51023871140518,150.39909057129267,155.15537961835005,151.1239583781144,673254.8299350212
2015-11-05,157.90588304286445,160.62870349890665,152.07537213466966,154.75798742233496,150.71852479493018,668555.835049239
2015-11-06,154.99916677772814,158.91353988473043,150.3039173646153,153.82306174507482,149.79706857834026,747568.1428890877
2015-11-09,155.7047343611307,160.51272909638848,150.5713423728934,157.02007208195113,153.0135967904283,665102.0230700976
2015-11-10,155.7700712503576,157.69717851605662,147.03090242776258,150.15063157777203,146.1610687472013,652783.211936937
2015-11-11,139.58770088130134,143.54964496043212,136.26543464691824,139.6559788365895,136.47283149097862,593713.8079308817
2015-11-12,149.3027346719746,158.60051269128118,146.68848874488035,154.26826615244502,150.37510875061864,683080.6556906077
2015-11-13,153.6431894446843,160.64352510233638,150.94963330741507,158.60114186621027,154.72512815456128,702509.5013297872
2015-11-16,166.29167407005914,169.17439901061886,155.22899967598687,157.96662213377888,154.06455922587435,648424.6525386313
2015-11-17,150.02813331678826,157.95744760892845,147.5251586959053,154.30876430018057,150.43737176314073,723038.4833370117
2015-11-18,153.165210900387,155.63480690431888,146.88461654969012,149.34982449477465,145.45132621701316,657100.0835369917
2015-11-19,59.75643800500411,60.69549577406896,58.83734143043688,59.6742905439425,57.089366071945264,589849.1163115613
2015-11-20,140.3700394695136,142.4517594332245,137.22429695752095,139.82156583364082,136.72157360999722,644835.085885486
2015-11-23,148.0948675370181,151.88718043191415,144.5181750871597,147.2931348585892,143.43901610271,567562.2018758374
2015-11-24,150.91922532333103,154.61632026448393,146.5789120787782,150.4175466570807,146.5239443750695,611197.5557786702
2015-11-25,144.99640851475792,148.5457019631663,142.59094181694405,146.24666161627792,142.38750574472812,467517.68907750724
2015-11-27,146.26320458825947,148.92939315216418,143.71078951420043,146.50468231206028,142.6262533030457,244325.43790702897
2015-11-30,144.4725775547572,148.592616217975,142.04544818991047,144.60734190323936,140.7770482378225,707070.9461933468
2015-12-01,147.9800988699093,150.46435685718896,143.62615678105337,146.47686424636996,142.61574689041566,621329.2736630118
2015-12-02,146.32259551978606,150.43267075767864,141.882029971048,146.90892296807675,143.07677787375135,633420.9655635062
2015-12-03,145.73611199543734,154.37631149963968,142.808084485092,150.24574956397055,146.46562306759097,685670.1092811039
2015-12-04,144.91286294645116,148.70217930447973,138.24632426821714,141.0814114165252,137.2847913210657,664124.8991764968
2015-12-07,142.9121805100752,148.76069514108767,139.3315720405852,143.7221158370199,140.0217007898101,631131.2425522454
2015-12-08,134.87139092976207,139.42970953956254,130.47362609998333,135.5440849948638,131.81892371295942,665569.0685144124
2015-12-09,146.6987939829939,152.04736848212076,141.68114642206308,147.54771016467313,143.8388507449616,697902.0447199469
2015-12-10,147.99531949301206,153.02918084110468,144.72394453194457,150.44194235565155,146.72960069610747,587601.0002224694
2015-12-11,152.97582841208936,165.543708136415,149.44635551901652,159.38479209133246,155.710992657458,693476.2500556669
2015-12-14,157.25269346022995,163.54690058339935,145.17974048728655,149.26233512160317,145.62834715339767,763696.1725133215
2015-12-15,147.16186236454823,153.23506476815552,143.1808457619384,146.81111949774362,143.15562142539147,709846.500888494
2015-12-16,143.25769908611696,148.94075847300786,138.06460709432233,142.10948361105412,138.43393862992264,758446.8567322574
2015-12-17,144.4329238304054,150.30021922039458,140.69098784911995,146.1012395924244,142.4552891403311,692169.1955170883
2015-12-18,147.9617344247887,155.34734943630954,145.07618058422827,151.23228905856115,147.6174948146176,1237802.3629300776
2015-12-21,148.7935363731633,155.13767990845338,143.665009025144,147.14222754104472,143.52799298594618,586110.2886323269
2015-12-22,133.90678539140887,138.00416046654792,129.97452484381265,134.20362758308477,130.5551756916362,540572.5620697313
2015-12-23,142.8644305497426,147.64291279955413,140.05737946421073,143.54170070321533,139.86481399183413,549971.3189655172
2015-12-24,129.0368212096407,131.8525270136965,126.79989125098206,129.88916676056584,126.2214945116889,223896.98739216986
2015-12-28,132.527050811871,135.54331299563455,127.71229245013434,129.62092743907917,125.91944139248783,420824.6416095512
2015-12-29,139.27053951626004,143.55409458955273,135.8631655748264,139.88969290761293,136.1853916581752,428990.18628318585
2015-12-30,135.27479131725232,138.99113553821363,131.5592837004199,136.3122506361337,132.5317206092124,400132.45385812764
2015-12-31,150.70669651632372,154.8041832500486,147.85500439641737,152.1769787671753,148.3277279650853,465981.0146666667
2016-01-04,176.34296355577487,180.87045514538454,171.04494994774402,174.97689194136717,171.16483126638155,764652.738860563
2016-01-05,170.68579004733456,174.88761333883585,165.63323735832236,168.9172590905366,165.0275192966259,627833.3177257525
2016-01-06,162.9459172265326,165.8253996991433,154.34461403644698,158.12992419677678,155.28134171894513,747496.1730726506
2016-01-07,175.74364346995756,183.00202323091906,167.52798323773416,175.36944087563091,171.5320928401541,842918.6805956879
2016-01-08,167.9202859782409,179.62284470012878,158.66117001877558,170.7867801928561,167.03203919765156,806884.3644237175
2016-01-11,168.4733088507951,180.1555459520772,157.44155178125482,160.76900631959884,157.01788781696393,793252.2664459161
2016-01-12,157.7598535284257,167.09934082202403,151.0172270440959,155.7237772135929,151.98981286776615,787790.4866534304
2016-01-13,150.19370412389904,165.86769353348973,145.49149950610436,158.63947226692844,155.00870318093396,830969.0748674911
2016-01-14,146.46672671954997,154.3895947777934,136.78467952597504,142.42981379607735,139.75151831084705,862428.0797437597
2016-01-15,161.42962142421854,165.95439980249358,153.11317965730083,158.67017569344077,155.0530190610343,951300.1214664311
2016-01-19,147.24403789706577,159.35645015460392,142.00990046614078,148.22675007732198,145.57788087174328,860139.2681207315
2016-01-20,97.43371867190312,100.31505359071653,94.16170043728565,97.8514708468589,94.38671203116938,1106424.5128599692
2016-01-21,97.96186822132617,104.3804137385843,95.03376876084523,99.68179616283712,96.29428893073886,858493.709030837
2016-01-22,102.50689163829651,105.2251944070054,98.23469967093983,102.06840127381638,98.60764794317177,796346.0440722785
2016-01-25,157.73143373485794,164.57612271678974,152.1999020483333,159.3520920722348,155.92160709552022,738701.3168642952
2016-01-26,158.89056565933336,162.8263858343921,152.65543063318168,155.56668269183226,152.07186741145676,740611.8035596572
2016-01-27,151.89932239558644,158.6396315099411,145.41632634440657,154.03983950272567,150.61837806753692,785346.4015384616
2016-01-28,158.1755715011357,166.25604396141216,153.6828042784356,156.28589035560003,152.79020849227146,758919.0561574176
2016-01-29,151.76304138851674,157.02755425097737,145.31649939790995,148.62285932254474,145.12143904075091,928781.6780973452
2016-02-01,140.69895323526762,144.17370075883522,134.97271585287177,138.26919262599137,135.56145906205737,725877.8268465281
2016-02-02,141.9105427894723,147.93296338903247,138.55981625823432,143.390559998992,140.69814681065017,760354.362533098
2016-02-03,151.14800713752027,160.96703323555315,147.60413826546144,151.7715311167843,148.34303444643723,919967.8339199296
2016-02-04,147.33138255700942,150.4567380412851,141.44961474038664,146.21781312415834,143.4944781846402,856122.1772096099
2016-02-05,147.94964319321244,155.8768814429468,144.69115402942214,150.57022102877085,147.60966035780996,820298.6168514412
2016-02-08,87.35810079312479,88.51300934057512,83.95144997326902,85.66135047337723,83.45534252822051,977308.1063313478
2016-02-09,165.20926651085932,167.986804161335,155.4754644300119,160.20075755914888,156.8938203645084,916859.8566395068
2016-02-10,89.54186516331566,92.31972096251714,86.98190359019247,89.08881751581657,86.21075284485259,808405.1197765364
2016-02-11,89.61042905197888,91.86351849692572,87.57418351107795,89.73938468497498,87.16864047184943,950797.6355058153
2016-02-12,97.6871415904126,98.90619791641231,95.56333287194066,97.52215327135136,94.21485244051674,803789.5739149592
2016-02-16,100.74933138824757,102.76697266705011,98.46714330425795,100.86771487622627,97.50072725749497,796738.858652576
2016-02-17,154.45845749275347,159.54579417506753,149.54826178441886,154.20464465989286,150.84007212455433,874958.6495933172
2016-02-18,53.98680567275442,55.53891004363049,52.89416700448383,54.47672852490056,52.238621325741875,764761.3918778202
2016-02-19,156.03284332720216,158.69549886530226,149.06985084496364,150.80533507606876,147.477720964861,674157.6032308033
2016-02-22,147.22229374166528,151.3043364618188,142.50297989920355,145.9149096060213,142.59353232626617,646828.6530521642
2016-02-23,95.66932309242019,98.42424202819211,93.62511496153321,94.93050974651537,91.67419518140521,651276.5701017249
2016-02-24,96.24413338873728,99.14326645111773,94.45175396217503,97.58940508437837,94.30338908628751,729647.5248399205
2016-02-25,151.2868945340917,155.32612877410116,146.16024544204143,149.24606921724816,145.90660793337554,624997.1272727273
2016-02-26,144.2778605364113,150.24590642582885,141.69236349445197,147.46695061705168,144.14815764721084,699440.7336147523
2016-02-29,139.78715646223864,144.17782527036982,135.28372405175344,142.39509704362365,139.7577288061945,717332.307128581
2016-03-01,152.15671647984453,156.1744027061333,142.8546553941793,146.05939968065607,142.6976828995257,800139.9541243935
2016-03-02,140.7946195846585,147.4894515642682,137.93897412935448,142.43039472107625,139.10248873349295,719706.0397438728
2016-03-03,149.24275631602487,159.78779019490213,142.9588758843519,152.9252324476802,149.50510367688614,753789.0293080652
2016-03-04,54.47942650975021,55.68348782254204,53.607782022189056,54.76775415364708,52.44012136362104,859295.1611670719
2016-03-07,156.69048051328525,163.57782821944892,148.37127076041517,156.7047387428237,153.1846212223199,712837.7038834952
2016-03-08,155.92423158310245,160.8431290635465,143.0454478586352,150.69262941104807,147.17604600622522,703378.1749502982
2016-03-09,145.75525722623237,149.07430513311604,139.23204750718196,144.670317711559,141.5573999922765,599885.6789904804
2016-03-10,144.0177699978216,149.3111925926338,137.95248795634708,143.08396509586228,139.97732933936163,664512.3995580111
2016-03-11,152.33161848316416,155.24417304094806,147.26775287977506,149.94286878729278,146.3456776002239,628515.0312361541
2016-03-14,150.08692059409225,154.54907179398725,144.78182401789655,149.68946267791097,146.03390644120174,566549.1175948525
2016-03-15,144.7704343796251,147.47644031311722,138.8006532208406,142.7929606086755,139.22274022821895,615704.2655180031
2016-03-16,150.34961834827612,153.19630065300345,145.1728254707556,148.86666535390418,145.22497987122117,654862.5204149195
2016-03-17,148.08037995976403,151.70502183438364,143.29921082925586,146.45163318539278,142.79458882148805,710534.2987358617
2016-03-18,147.72878798717414,151.6584152197353,144.55408616756532,147.83334289812402,144.13523489745447,1035442.3990652126
2016-03-21,146.9733325847819,149.29476609710716,141.7395891496936,144.32808505614176,140.6661006867732,564239.7337763013
2016-03-22,139.48329902442646,142.7316498102297,135.91250852651117,138.99337029177607,135.76322365780595,541235.1414590747
2016-03-23,128.0891897095284,133.48845678946066,123.53603964815156,128.32932047599215,126.043328814388,560311.0194217612
2016-03-24,141.11598605606065,143.2374609985417,135.04605603526966,138.40717587324238,134.84787340087053,535241.4830414542
2016-03-28,139.69794912736882,141.90263379639555,133.7774882800741,137.66556997728324,134.06831888106498,442792.7222963952
2016-03-29,57.59461248059153,58.75947760951371,56.237618048172145,57.67732936435647,55.38993829571792,622156.1038197845
2016-03-30,136.86762496310632,140.81185846203797,132.1613409519523,135.50940339991445,132.25534670047674,573314.0765645806
2016-03-31,136.57202661835413,139.49816011407378,132.8453225490181,136.33503841889396,133.08488765006308,623656.4567489438
2016-04-01,141.33925610996877,144.09254364775063,135.4191393147622,138.57939178718073,134.93429441578962,591458.4118564742
2016-04-04,133.73386376849118,138.44004941892075,130.78677836222226,134.7620629382529,131.19080986152784,548618.692749779
2016-04-05,136.7323976463875,138.54078218574193,131.43155775648793,134.46340604836303,131.27836700027163,604390.4110523998
2016-04-06,140.07275319937744,143.4349258614721,133.28328302943038,136.0114493141276,132.39830101550035,579559.2141124586
2016-04-07,132.0779129300922,138.23471075498892,128.9311889482832,134.6085476259419,131.432975580978,628822.5755775578
2016-04-08,133.27893339909176,138.20167443612084,130.62325393606076,134.79455938277977,131.5968938500017,529846.2434878587
2016-04-11,134.2223110403101,139.3820397396888,132.29059806703577,137.01180622604966,133.81740075014758,553890.705119754
2016-04-12,142.86142320333295,147.62528858905722,138.26947729649544,141.84087930089422,138.2093355722982,658476.6870763175
2016-04-13,140.83859888076748,143.28091341088438,137.19182321795924,139.25000636864,135.596131422125,647998.0976733977
2016-04-14,141.6170950505962,144.03919376731835,138.43998554294853,141.08139819443582,137.39790181888364,585605.5469673746
2016-04-15,137.66513826746507,140.7456249155724,135.84459369895112,138.28258818679333,134.61267111665288,540105.4739973557
2016-04-18,138.96988939530394,140.40558651788425,133.50959939258652,135.33670456571213,131.66748276177123,532809.4829782561
2016-04-19,134.97370793512792,139.48629819728055,131.74508711435732,135.8272784279025,132.1599847778293,607894.4009683098
2016-04-20,134.08156204430296,137.46941172518734,130.08155963066878,135.3469143690226,131.6295454086762,641893.3661755003
2016-04-21,129.211635166062,133.67822931350582,126.10376489557167,129.52661934548496,126.25028637985939,632528.2540730955
2016-04-22,133.81080833140228,137.9010265090192,130.77847971446218,134.7120678283317,130.97800020366324,653115.2876261518
2016-04-25,111.4345009891874,114.14567126764845,109.33410269496083,110.98995866428841,108.6345869756159,533838.1871280582
2016-04-26,124.13544913877601,129.402678540385,121.58528049443055,126.36355600760935,123.09289437926185,582918.3146561196
2016-04-27,133.38278744980016,140.83920203671505,129.6392720502784,135.63007482393817,132.28824579924463,682008.8208041958
2016-04-28,138.86836215330402,146.25995545038276,132.78438355471977,139.26222227469992,135.91956776008337,698451.49026897
2016-04-29,146.0553126717583,150.65460267927642,140.1812952593256,145.25746830469993,141.51973291104676,754315.5327616534
2016-05-02,122.971233789353,126.21529527951785,116.97891241386425,120.39530414840604,118.0764646330895,622178.6413019573
2016-05-03,123.16891447325007,126.13753121978728,119.86733080817382,122.29738986275088,119.59697854021825,681777.4363238512
2016-05-04,132.81239791649557,136.84672385111497,128.79983833146275,130.71844559008116,127.08659678911872,685581.1207464325
2016-05-05,133.27218227827504,136.5118464825488,129.02322104558064,132.65843116929395,129.41318086311477,637464.2481848184
2016-05-06,133.23360580949208,134.92958278565948,128.5477794521365,130.36563147564132,127.10074517152401,628386.4581497797
2016-05-09,124.06792666490605,126.06649581442859,119.38701569525982,122.2243809597984,119.4953401673165,596379.3350911888
2016-05-10,113.95393023697541,116.13673324537493,111.45111858177987,113.58470648192477,111.27326276113011,577071.9161347128
2016-05-11,123.56997767626399,127.3129602188225,120.50674980999361,124.55642280770914,121.282905581102,579035.815718764
2016-05-12,114.33493436004171,117.85077410655015,110.43791046377048,113.27161818004599,110.61062898455219,620952.72986614
2016-05-13,113.13136001351268,116.3184220451863,108.63979745994163,112.59272293223151,110.30407717473413,562830.4750384869
2016-05-16,114.42540982075694,115.81377840264325,109.89964984244571,112.12782369800452,109.78674457518157,566815.000662837
2016-05-17,122.19883431512596,127.02758512544952,120.02791818564013,123.73321375564792,120.51825801897967,646348.0188094712
2016-05-18,113.33304613332,118.48136380756017,110.42961949952304,115.54192407338732,113.23001773567316,673973.358607009
2016-05-19,109.44742920696683,112.6339487296491,104.77332737092864,107.5043698858968,105.29178817172016,615044.5825971732
2016-05-20,122.9276244889608,126.03177094665048,120.88495471654097,123.2671742421539,120.05823949285846,591273.2814503649
2016-05-23,108.64050390095656,112.32573311405793,106.32988244131039,109.71860358733973,107.47284826948172,528199.4026002644
2016-05-24,115.99879860650942,117.85921837155196,111.45784076374679,114.6357697392957,112.31569766849861,611085.2406346408
2016-05-25,107.27190706342424,108.74489668299724,104.46307140959077,106.52768922926113,104.27105181724819,629230.0921861281
2016-05-26,123.77339849933544,124.68751816845042,120.28577838101104,121.92241935187202,118.37355478829117,510061.1271372205
2016-05-27,125.66835749394994,127.03957873259819,123.64383382853228,125.16549300366673,121.58161715745571,492184.1185770751
2016-05-31,114.76331196427286,120.6295063723016,112.87952191726069,118.24739168509326,115.60759413129105,751043.1732954546
2016-06-01,132.41731220239868,135.68039456531042,128.89869843666062,132.90700017267443,129.31141325372369,585356.7755191256
2016-06-02,119.9491789363258,122.57210286022303,116.14163974478863,119.07858429550441,116.4189076036107,536734.8011836914
2016-06-03,115.62743645758006,119.04230116350874,113.11980490975309,115.33389857189718,112.68261866764229,617804.0431466551
2016-06-06,59.161984722611514,59.91234029927326,58.033304622059696,59.06325355391282,56.76099338887249,563405.3086761148
2016-06-07,133.30383956415005,146.10279670264055,129.67507469502021,135.33032551530735,131.73602633374028,571916.777462328
2016-06-08,137.94985216035238,142.97545971508865,134.37698901252523,138.13455943639065,134.5047347447942,542436.081981587
2016-06-09,127.38470436268919,129.3510325258349,123.76033580342406,126.56134642102123,123.84491179269787,529257.9409319623
2016-06-10,137.14301934967776,143.40468092336081,134.4084700386687,139.57281695543662,135.96026727619,579399.1141292442
2016-06-13,129.89239348751187,135.7350775330404,126.87133477605077,132.35283166960647,129.72564002479882,564290.6869394006
2016-06-14,143.7109097937456,146.47084666105837,138.26358218600532,141.08266405034792,137.55299737733483,603435.2200087566
2016-06-15,135.04761046497103,138.5327671324742,130.6320883119784,133.6440932063656,130.24077644405992,573651.9674743506
2016-06-16,140.9189341779455,145.80402086326367,134.99695005315425,140.17843408017697,136.6505047914024,577968.6462109631
2016-06-17,140.76352996445945,145.68528313951245,138.03557593399384,141.64409920765712,138.11996137135492,844786.8059505578
2016-06-20,130.88631074966187,134.6759404290409,126.81081568134113,129.69433977591322,127.06361439592484,592129.1028546524
2016-06-21,124.13448700741904,128.3924233445252,121.27362410503552,125.04462090902707,122.45400636052229,540017.0462478185
2016-06-22,130.63530190720002,134.52068874717386,127.53436366960005,131.49563061395452,128.86700979018573,533188.7831010453
2016-06-23,127.19911051635238,131.5486707414143,122.37701948391529,126.59095983791887,123.96840893404709,542559.5539803708
2016-06-24,126.47243796315055,131.27213739385985,121.35992533948703,128.08565673500811,125.52175101558095,1374202.2754412726
2016-06-27,142.32463027617675,146.41965637749,136.64416434782171,139.06283901557774,135.60763923594158,980884.3668908657
2016-06-28,127.05370922651848,130.92122850229484,122.6258184489639,126.28777486578949,123.71595886208418,745228.6993022242
2016-06-29,114.11834335857885,116.50145732322999,111.14500409036212,114.21579049668878,111.60923233452472,700436.1833515882
2016-06-30,123.97435164435768,127.83339683338463,121.38386702676115,125.25031451526186,121.72274024404223,746597.8237102085
2016-07-01,113.64837576273572,118.46107167015356,112.02189171980498,116.36694793710512,113.72835112831024,575098.6202060048
2016-07-05,128.0305775935662,130.71913975503182,123.5074332903869,125.69553922669938,122.18534588384064,597396.4877192982
2016-07-06,125.89977738053447,127.97579460987457,121.61852485154907,124.45494539731303,120.84575653280875,647571.1151820974
2016-07-07,125.17998167660375,129.77399677698446,122.08302591396945,125.10375855967148,121.50449329762998,581706.2330925805
2016-07-08,61.01723542099349,62.945569830627356,60.27781389722705,61.28430228388085,59.03775358022665,625686.4839255499
2016-07-11,119.51893623206142,121.47757433585855,116.7325077137708,118.45608565172975,114.85048421074325,561423.7783618047
2016-07-12,45.712643700044836,46.51119463611569,44.770519180249266,45.98623582871786,43.6890306039687,663729.0541556976
2016-07-13,112.67549379190125,115.1316800519032,109.69131691259533,112.3641186477429,109.70298642700826,556565.9905701755
2016-07-14,107.56371738081904,109.24074516998158,105.16412692749898,106.34103939795453,103.73257105515731,574126.9705240175
2016-07-15,111.08321149687076,113.93367506665592,108.02862512806813,110.74935933532552,108.09020222294738,529901.8425317565
2016-07-18,109.58225397572248,111.53142291328274,106.9896487435381,109.51009917642877,106.8479051253603,557558.5643972246
2016-07-19,121.12305494739837,123.97543431266847,118.30604931585107,120.4421246511997,116.90147942837858,501365.5627734033
2016-07-20,120.99482493989628,124.58464580312304,118.24884621769823,121.6104630864185,118.06752723863391,548281.8605308965
2016-07-21,121.16945762376321,124.19731091188895,118.26492293275143,120.61665327910718,117.08177121945052,559590.6734782609
2016-07-22,109.68163191074972,111.03553671242406,105.36791770385072,107.34132215345582,104.67957942077973,514764.2069565217
2016-07-25,117.33578475537013,119.87042057063513,115.48437543738828,117.39153317282222,113.84202163241368,544483.0912845033
2016-07-26,108.72253752813786,110.46921529757014,106.12671320678429,107.57501965094083,104.90622306090995,586750.1635493693
2016-07-27,107.18887378816373,109.28334959737113,104.7469371148551,106.46984509944221,103.80636291439907,671513.8012625163
2016-07-28,106.77147594055629,109.85390803185392,104.44843536089631,107.00053526154433,104.33438985321439,641577.6584093872
2016-07-29,106.79537222643758,108.93336045880595,103.79696802428694,106.8700885796054,104.19415441124526,657753.4312007012
2016-08-01,97.16412694600184,98.95368379753339,95.04289807231856,96.8241537259157,94.2298025331807,584102.6104066463
2016-08-02,100.73986626336846,102.88117305339736,97.37961546587859,99.76459770282514,97.15997905729716,672247.311589476
2016-08-03,100.05814489255495,102.63235032343445,97.86460513221688,100.48286880067506,97.87907317809231,593705.8747276688
2016-08-04,100.34405188599511,102.43194731312984,98.64917554122941,100.19265060315178,97.57287389643015,563870.3027783855
2016-08-05,103.73228896270064,105.36204962642871,101.29716163792921,103.55544672634565,100.91794158853695,651732.1825690067
2016-08-08,100.36486660753819,104.57648121912302,98.69390656275347,102.34528652329398,99.75151426319835,530914.5411482209
2016-08-09,103.57905472847818,106.50739061680888,100.30026977915963,103.6341392569257,101.01678779196739,545810.9519274377
2016-08-10,105.20593586575312,107.87420308204705,102.42143035598679,104.80707986524837,102.16600883076495,523487.6271556429
2016-08-11,100.30779245671455,102.46768873783778,97.65867031679521,99.70471678688384,97.12155210047459,545391.4391730141
2016-08-12,109.30717507488986,110.98235572280686,105.32896001327758,106.69209249401746,103.19164829169968,488616.1225468818
2016-08-15,110.08512383938584,112.63292603478612,108.41261793525332,110.77827818504802,107.24942020329159,513751.8844898847
2016-08-16,100.04035797797967,102.40261864375717,98.23762923066445,100.29842999142814,97.71385331691053,535726.4691576387
2016-08-17,106.05146213511051,107.44394351983414,103.65575825513135,105.46070886415558,102.81678921401773,573970.9813165327
2016-08-18,60.30351197609328,60.99968996134299,59.364205812715134,60.35499737792153,58.14101541519132,556128.9304079533
2016-08-19,97.84111007019477,99.33432964036582,96.15226201246728,97.3755719576283,94.81451311781105,515032.7524366472
2016-08-22,107.04452687706333,108.40003376136453,104.85928138674592,106.78825675288319,103.4241005018152,463689.2737683665
2016-08-23,82.90335270662341,84.4751985037984,81.92331886482827,83.42138204582218,80.85894470295266,499371.3228941685
2016-08-24,99.17676946945393,100.59344688061124,97.32516812717974,98.61674340804738,95.10803182298112,511603.5215321359
2016-08-25,99.0872071691959,100.46348709646679,97.25329524703874,98.77319307155167,96.1963247868919,494727.838961039
2016-08-26,86.45816450061555,88.44065680215196,84.73859077141078,86.35874790176881,83.78656145085363,563789.4520043337
2016-08-29,99.00331446622603,100.30029465884738,97.22764674635323,98.31036961050137,94.77411407752086,476935.5782768301
2016-08-30,95.24059249647819,96.78230725270704,93.3120957110058,94.38252365233765,91.8244269426907,502608.39822433953
2016-08-31,91.19493629751484,92.23166433709702,88.96353322937482,90.1183930237471,87.57193214657983,626986.7401557767
2016-09-01,106.91930033731653,108.42144030189456,105.55176823550174,106.64301832802056,103.08619234586831,574229.0170700087
2016-09-02,94.14784706767985,95.93995177194624,93.31250373987473,94.34066656908941,91.77784080570254,506537.72307692305
2016-09-06,80.16837606140855,82.2433489815734,78.68132455172582,79.83904823832931,77.27421083982547,561579.6087332469
2016-09-07,85.16163651356086,86.72291791927486,83.34813603889032,84.54849760873032,81.94023951027754,570925.7542226072
2016-09-08,104.677437660155,106.80842521510883,103.2993673668991,105.75432808597894,102.27104282941596,612484.7080103359
2016-09-09,100.24161819913223,102.32544856215311,97.51157777180038,100.10605140703001,96.69162562809106,763525.0531983632
2016-09-12,99.42051820101081,101.41250772645061,96.49494692923142,98.76262460755424,96.20137038454817,697861.5418910187
2016-09-13,78.75442023461736,81.36356909274208,77.06984622098514,79.20544129317304,76.71156870940983,669419.4797063903
2016-09-14,93.62505975702489,96.12292074776907,91.61893967240577,93.85927228767964,91.29621045962661,634981.8038751346
2016-09-15,93.57515859263496,95.50725010855143,91.31780900947452,93.16566737492475,90.61639249726596,601575.9545552444
2016-09-16,93.4757338884456,95.03201597974953,91.74640105903894,92.66056149744114,90.11035594292017,898176.3832179931
2016-09-19,88.24425201408532,90.31079316539147,86.00117454909278,87.7896353584755,85.23029262418011,556103.9655691844
2016-09-20,84.92115759995464,86.98462835910003,83.61947134038466,85.37632491702816,82.81797325166308,522111.6052631579
2016-09-21,92.24336767704942,94.53828421137742,90.35195522102664,92.14687706724952,89.60145903024552,607547.5607597668
2016-09-22,97.83047187253639,100.01246784991203,96.45926220925183,98.31176247925437,94.91887100545578,570458.6461172398
2016-09-23,89.17975619231905,91.02137468589318,87.46064773745425,89.15563110970349,86.57775571457509,539256.9289723661
2016-09-26,103.61703158537998,105.15402633215015,102.25785534017132,103.49132303877609,100.05270288303674,516798.0329173838
2016-09-27,88.25331096987166,90.17482043418816,86.2697656924796,88.66836409415426,86.11693651783847,545228.7185009692
2016-09-28,67.44459815723157,68.89323997922106,66.2710284427474,68.04015543549706,65.44684880426223,550009.4418204182
2016-09-29,92.88656627127774,96.17545524831759,90.81496410682237,93.17047468737334,90.62986068445394,621933.4721445473
2016-09-30,84.34451652758352,85.7210451235015,82.49756270821985,84.16582771447702,81.61897045281727,708545.3283229547
2016-10-03,98.90524596294874,100.63618742067843,97.06835510460054,98.73635837943587,95.24625587337573,523560.61450464063
2016-10-04,83.46361044765378,85.56092978171594,81.26075780319475,83.12987547696625,80.59826414067629,592583.2441810345
2016-10-05,83.48455124987426,85.43450925753712,82.46233999561649,83.94451848847476,81.41216650096183,620329.9868760757
2016-10-06,102.23789559069674,104.04298119177452,100.68991546318814,102.47559101641944,99.09071926139313,541011.7327437446
2016-10-07,51.659244705946136,52.30704792826991,50.77093174185468,51.80483466822917,49.80377699319122,615646.6243763365
2016-10-10,91.509175358246,93.53491421476099,90.19533294101163,92.05651008239495,89.58884742774335,451425.219832222
2016-10-11,94.0443153598798,95.77643550177609,91.59029069915483,93.75814041858592,90.4083403198604,583647.0870593293
2016-10-12,85.77144193141233,87.33719909206324,83.71540753055427,85.19782403885222,82.75260586509442,505790.8999785362
2016-10-13,77.95721973942184,80.2251370188536,76.75362818062898,78.38057655223858,75.92736554501539,561143.5847475833
2016-10-14,84.29568589927962,85.92547410798392,82.50137547492815,84.40791366872318,81.97085943907724,548079.8029493481
2016-10-17,90.40769712449558,91.68287108772974,88.87045231009918,89.89299924072897,87.408581162493,476030.1478933792
2016-10-18,76.19298061588898,77.17017086047215,74.68197669121936,75.80114556374308,73.3692840866417,513629.669527897
2016-10-19,88.55679953326259,90.32570852276581,87.47730811832842,89.04991835457629,86.60953382286105,557208.1681662382
2016-10-20,83.70975735424918,85.9808415074379,82.64865578217243,84.25308968258545,81.82694073982272,562463.625267666
2016-10-21,83.44231293213288,84.69009479096376,81.91956981045021,83.09875774259729,80.6679742309819,531933.8252843958
2016-10-24,87.58881225249505,88.90313854441965,85.8580330342736,87.30709844996994,84.8174982134194,516786.28347975144
2016-10-25,75.77786404719465,77.64096809778327,74.36930657796643,75.70799891122937,73.26903902173696,586704.7251123956
2016-10-26,83.99676227521026,85.06269128959306,82.24021596564198,83.46860720871372,81.04113596757827,595149.0632911392
2016-10-27,79.86939723740291,81.49347709558319,78.29489517183436,79.66747878902768,77.24454668784509,655489.2430868167
2016-10-28,75.42555003750458,77.08385833213029,74.33214226032939,75.69347131674782,73.25605138813395,665362.8833619211
2016-10-31,65.6926654029482,67.16814022778132,64.43891479192632,65.80769188512286,63.40513612490252,628713.6130901288
2016-11-01,74.57786387021925,76.18791689495113,72.29143663586609,73.82843540474614,71.41727695400515,709993.3691879151
2016-11-02,65.61244369462415,66.54900467426184,64.58663797454898,65.1893036503494,62.81205535025405,698617.8935850676
2016-11-03,65.24960234997516,66.90458837175274,63.92223395035657,65.60328162510736,63.244108821976425,676610.8662529425
2016-11-04,64.56238114527486,66.13989638132375,63.62856834114026,65.09220751563582,62.727434760209235,653965.463708809
2016-11-07,70.11296273850114,71.6238908882477,68.80782245622459,70.13452339876423,67.70240143429822,632406.1148561614
2016-11-08,59.74382062402114,60.763687235457944,58.58134994903036,59.551105389587526,57.5626227252298,634784.7814102564
2016-11-09,59.6420163587222,61.959115645493966,58.10298698088116,60.48419837232809,58.48721867790898,1073125.0810293492
2016-11-10,65.35354138705729,67.59549871384654,64.2318496861234,66.14091663372353,63.76358499473755,1122773.5299872395
2016-11-11,70.54600976930217,72.35287721350036,69.17159703018302,70.74156044712291,68.6833391611409,886978.1425531915
2016-11-14,72.9130754967684,74.89754561485614,71.48209600094543,72.8455627620647,70.40214908678198,954969.2255622838
2016-11-15,72.34614812409359,73.67705957781797,71.18276055005369,72.66948124798138,70.21700102377946,802574.9032395567
2016-11-16,79.86110943848563,81.80747746713108,78.53087681026042,80.30546826609749,77.86518593381378,681864.6312193038
2016-11-17,59.36595504355216,60.19802622262572,58.571557651121054,59.27307877606801,57.194401961801034,727138.1730962765
2016-11-18,72.98265694836479,75.39053048682389,71.16389404889665,73.48362469718916,71.06995220707657,642662.40625
2016-11-21,77.90513842990318,79.67183615556446,75.32542133562092,76.95837868897539,74.51252201222887,610908.2248078565
2016-11-22,81.55113749996485,83.3532856876572,79.10486606830264,80.86275692708132,78.34942883230245,666384.1742942686
2016-11-23,78.34175250136718,81.08649853787695,76.85135342032359,79.10734132625878,76.58227060457929,557830.269698911
2016-11-25,73.58219850172694,75.12163081744562,72.7146246534913,74.21738718450457,71.7253052450359,265999.3015161221
2016-11-28,79.74719797319608,81.49442893316906,77.31189719236522,78.65382061019326,76.1650246082424,588477.3846975849
2016-11-29,72.55884356324364,74.04073564361892,71.03893126619442,72.4021159610425,69.95716681594074,640141.50181896
2016-11-30,76.6306276651258,77.71951403504843,74.90450544332154,76.301504075878,73.8451653100855,873366.5923553278
2016-12-01,72.60633171041586,73.80831250744036,70.3623473439044,71.55543476170388,69.15124582041189,823241.2065217391
2016-12-02,75.11973283755492,76.48900687092647,74.1253030762486,75.44018713353258,72.98172236525443,647546.695577868
2016-12-05,78.95043660969284,80.50412462958225,77.36129515280882,78.64426230469833,76.22428443122058,675137.6536898395
2016-12-06,78.9708486408767,80.64920847708699,77.4388365765128,79.20151193983705,76.76274788217926,663962.5759128764
2016-12-07,71.29862415131194,72.38851341239727,69.93968444399538,71.25672078754857,68.76000136374351,747836.0170721298
2016-12-08,71.49073382176432,73.76044442690618,69.86760397511875,71.73691983034199,69.27801730017102,767486.5602716468
2016-12-09,73.93700235329565,75.70127010750049,72.12333585103049,73.15165471938339,70.68081080917248,643586.0727117194
2016-12-12,77.96804959419495,79.28691306177669,75.94346568415986,76.91424040445325,74.39185904404694,672191.884771033
2016-12-13,70.45253766741038,72.21243298931314,68.95826180464641,70.55639894320379,68.10853831661949,690145.8643526406
2016-12-14,67.88025816609425,68.98435456769457,66.400402459759,67.41974298489265,64.98452988785974,739028.8118120237
2016-12-15,77.70388720460367,81.46565404087156,75.89244430264837,80.02821743778749,77.54531675111383,712449.7842429391
2016-12-16,80.71571651954874,82.3899167085797,78.05590728362384,79.5652854481675,77.15679847149404,1094835.5712759136
2016-12-19,78.1906277901911,79.99771437235518,76.84687478922493,78.4382591368279,75.98887834938357,567899.41049055
2016-12-20,78.31778213892277,79.72824677631687,77.09485413079399,78.50022197975548,76.0417470472006,560012.0790816327
2016-12-21,78.19044692088447,79.69654894135591,76.47453050940283,78.25378329294244,75.79060046126716,476199.6680161943
2016-12-22,73.27354821375505,74.29441693593495,71.93645632724751,73.13380889841052,70.72815938299942,497230.8700829258
2016-12-23,77.09605538788577,78.08838409257551,75.84013250280523,77.09398640498385,74.62992485353045,347874.154190659
2016-12-27,76.12863938330494,77.61041301362431,75.05094867972458,76.4928148802977,74.01136211055483,357126.43767254194
2016-12-28,44.55221980356767,44.8297261972563,43.46637296041176,43.93225694474305,41.924131929293516,444572.59835315647
2016-12-29,76.69864871637091,78.68584749136159,75.73375710403988,77.58629874037322,75.11119932008035,418594.1462743438
2016-12-30,78.0377365647295,79.30981275134509,76.61586340976821,78.02040782777004,75.60794571499149,472174.8410300064
2017-01-03,76.11834369504686,77.51131860019287,74.51723740575113,75.9311759538568,73.47017488290541,621486.8700745474
2017-01-04,70.87943038731908,72.36259170090845,69.96381688027112,71.17207171247634,68.73651895689028,651488.3909710392
2017-01-05,78.11192820853272,79.05168071119155,76.70691511065102,77.6101129814328,75.11262070416664,628374.1522572403
2017-01-06,72.05499596717137,72.97712368264574,70.96215231116021,71.7521284999358,69.29303210102753,555692.6995735607
2017-01-09,57.995748550035856,58.7260346136181,56.63735817117216,57.4214929047449,55.3331752859998,558409.2925257732
2017-01-10,71.43822594642357,72.50317149637434,70.32296197685574,71.35108766242007,68.90546094674019,596601.1639413888
2017-01-11,71.24497163733383,73.08170909744621,70.23807348163498,71.36625101457268,68.9211499577937,591109.8445816479
2017-01-12,70.07245951542464,71.0848105320042,68.55883558934501,69.62732423027396,67.22274650676866,591801.5779289815
2017-01-13,73.66688532346716,76.31666915743902,72.74098370105537,74.20612890772422,71.74228144365203,543209.6832588811
2017-01-17,65.76163976377596,66.58213840343663,64.45763456507328,65.26257137751531,63.25351275117426,627071.704443972
2017-01-18,70.11067053419275,71.534113614946,69.05130303275986,70.23943939301891,67.82002182761455,558082.4118651302
2017-01-19,59.09082169383123,59.995043852166674,57.84522968268647,58.52289740376273,56.5261649585288,561164.5560298826
2017-01-20,61.26388692212204,62.591379733009724,60.36420901693466,61.11616969402682,59.12063922354944,557909.0814276555
2017-01-23,59.34297260527168,60.17483881210017,58.29192669262599,59.041337769817616,57.046997720389164,507787.64807323826
2017-01-24,59.15115564162176,60.002708572976836,57.997774792948164,59.13510856293086,57.11569526323296,595588.0072402044
2017-01-25,59.48681687233998,60.330853439524404,58.47611383302849,59.64238622127697,57.6146586341753,648338.8450435152
2017-01-26,61.12676581112777,61.672922278643746,60.07442881171245,60.64527253414276,58.59639585815739,582415.2976595744
2017-01-27,61.87061576854724,62.416765671667605,60.61883682088935,61.3471744642819,59.334205283009,517115.6649616368
2017-01-30,58.88960455431492,59.64213273889705,57.97933347409226,58.70504991492157,56.706586108920824,589025.0140067912
2017-01-31,58.51881416553574,59.905041708846305,57.543075781975794,59.01504274993456,57.02201536657406,655872.0756802721
2017-02-01,59.14750627696355,59.785457699022075,57.46773027874924,58.17602231080392,56.17918767648167,729759.8783414018
2017-02-02,58.30584583649666,59.0166643556858,57.15153392907432,58.12206538248334,56.12929092141572,652137.8718545147
2017-02-03,60.200544862886765,61.22081061574173,59.49794650679222,60.453384067068576,58.44234446644095,612353.2076629974
2017-02-06,58.452914463635665,59.333613122533585,57.45033981484829,58.2932351829989,56.29467452245461,596638.1207078155
2017-02-07,58.39543653065391,59.219423682870065,57.572909373539815,58.30736135113363,56.30552419488179,639916.0
2017-02-08,59.94567991697685,60.70125127578122,58.97346635173345,59.83812621154298,57.81094275407714,606835.6817409766
2017-02-09,58.06959267156458,59.1013984864299,57.53014719852668,58.458780419412214,56.44851696736403,643881.8074402874
2017-02-10,60.70384279272098,61.504408076031055,59.90518044872365,60.67063371437479,58.64793416615713,605256.2741492285
2017-02-13,60.79003962010201,62.077005234469986,59.84602684595995,60.95181246280564,58.880342797454624,587515.5081081081
2017-02-14,59.201469499831894,60.06224436646816,58.198131482871915,59.00728440076691,56.98025279719304,647027.4034753125
2017-02-15,43.15644753382841,43.74951772081084,42.83745158472914,43.437864268442,41.37399468311166,659725.2045683574
2017-02-16,44.64273772571451,45.13456165044664,43.90592142037664,44.3917923023099,42.34427810443558,622737.7271911456
2017-02-17,63.30461361790553,64.10518045068717,62.291523971770566,63.40423096314659,61.359597798196454,599841.3590072743
2017-02-21,59.419999012954015,60.19041768555346,58.60306923293229,59.39576228488443,57.371632106532104,637710.0317088743
2017-02-22,59.85497468492082,60.52966225008916,58.87461595850503,59.49406479556966,57.47097158006716,588248.2790350128
2017-02-23,59.14750789485493,59.640946695040434,57.7988437668653,58.562284430452614,56.54298287061502,667906.9265644955
2017-02-24,44.67237820134209,45.33439548624744,43.997448834474376,44.75776467282223,42.72019948283646,627016.4053971175
2017-02-27,60.301813627369,61.17461050923611,59.648783631500955,60.59492098479566,58.548661938127324,665841.7048692324
2017-02-28,60.852743343628944,61.59783249731828,59.89060553158754,60.53135990509464,58.51291677394237,776958.5999575101
2017-03-01,60.4183426383158,61.293598506281185,59.6745473456092,60.56222343125692,58.52490341784446,798862.4145616642
2017-03-02,59.19325341398224,60.17981967410147,58.28008605153754,59.145484171652086,57.14847030869894,701127.4809322034
2017-03-03,60.45207814347226,61.29519218868413,59.645654034662364,60.56827413768099,58.56929633535607,659353.5957671958
2017-03-06,58.98355359796971,59.57782507648069,58.01575167066206,58.76400688121551,56.777133526672124,609379.0517058698
2017-03-07,57.74801870035583,58.49916908608222,57.00064210317904,57.65282517319616,55.67739845077027,580725.68200213
2017-03-08,59.82925701303295,60.850872052010445,58.99510603326311,59.96327073472424,57.9838061773909,637902.5045676652
2017-03-09,57.30765439737677,58.19460313637574,56.39337709303558,57.42661947136504,55.48962680321939,605902.5149253731
2017-03-10,59.807081524608286,60.514196609762855,58.76989367914283,59.56217192551578,57.62148486253048,617864.4664131813
2017-03-13,59.18433648512999,59.97105806696463,58.25860953058361,59.28989202530726,57.33229846903315,563227.4011824324
2017-03-14,57.345640168050245,58.21634355238096,56.65684083851451,57.45499914171247,55.52557420178708,541794.1563559322
2017-03-15,58.091720083185244,59.057594773425784,57.17336442562063,58.0775308213897,56.13790727655624,664792.0294429146
2017-03-16,55.565801224369416,56.28679663535574,54.880109464374094,55.55124731262323,53.606961586131426,553434.7806382979
2017-03-17,62.398501962139285,63.21040436520729,61.563686081841404,62.361107531176714,60.388199132499835,1000921.3982674836
2017-03-20,53.033092293064875,53.5674777228346,52.32804111348562,52.90743736115434,50.93690815835137,536609.7287920457
2017-03-21,50.644039372586576,51.11111376232526,49.29073047412775,49.841301631274796,47.9253274099089,801804.3969224283
2017-03-22,52.3854253812759,53.5914451128833,51.27002284675974,52.34739549145996,50.433858241767574,660590.3112094395
2017-03-23,52.554066790437545,53.86724270299822,51.92641375687698,52.796812689573315,50.87722662777149,580433.7825074121
2017-03-24,53.956551797184275,54.83009966214968,52.99273588240679,53.50415450776567,51.586243945121694,550216.238296971
2017-03-27,50.77798387782261,51.84336136055607,50.08378704796097,51.25893717731648,49.3429628599449,579244.1487603306
2017-03-28,51.27877912376671,52.26427143836115,50.625168362327194,51.56850374869126,49.64665554649263,590019.0008492569
2017-03-29,35.10315235661649,35.57421143507364,34.75683339906273,35.20666510264497,33.24513607573924,558201.4077098988
2017-03-30,53.51190625189817,54.31250149218552,52.87996169263455,53.70902596794452,51.75741952492382,538255.3992363174
2017-03-31,60.529640822191475,61.369805091240266,59.668602787448755,60.54572745812295,58.59722548586598,631914.4384142463
2017-04-03,58.00128579668559,58.979372948692394,56.921239934745884,57.74176183890504,55.80110202445699,618957.0050782904
2017-04-04,51.28004996867466,51.86471973828715,50.33868835628092,51.044959217513565,49.131560795036926,586089.9585185185
2017-04-05,51.21062081619487,51.9051667996695,50.24161351579295,50.74018089348635,48.83830846184185,691731.5450126796
2017-04-06,50.435757877523805,50.98607018316118,49.580799870465015,50.35925710214769,48.45103266160381,615289.196714406
2017-04-07,49.971194195475825,50.574093150779866,49.15473143444905,49.7823818198996,47.87452143841153,560775.9832342954
2017-04-10,50.612540769553256,51.46396970072211,49.89406858869286,50.48469253031465,48.57395561320351,498698.3669919389
2017-04-11,51.92989470962587,53.18838248440485,51.11140110408818,52.41982745154203,50.48279506791017,558300.8406779661
2017-04-12,52.683780996994855,53.171400470204425,51.817110392598046,52.48301173444478,50.55750713680711,548069.7596357475
2017-04-13,52.02944498053414,52.626092953724246,51.258108356233095,51.82897585259041,49.909447192885175,538558.4337425911
2017-04-17,51.449888960508076,52.209056765176044,50.83227038032081,51.59182931234843,49.65892153341713,498274.0473773266
2017-04-18,50.10313548516974,50.747812538923036,48.95532159266631,50.06215361416221,48.16548891556161,563704.7520050654
2017-04-19,52.45967816824671,53.36108072619525,51.67274845261362,52.68527771429135,50.76117596637721,579638.7244227917
2017-04-20,50.20643694860497,50.94857819509878,49.623370167693594,50.30341168074134,48.40459577694047,607425.2011846837
2017-04-21,51.436728094782765,52.57270466864059,50.75304218679393,51.794135919495375,49.86197097416123,598861.4886820393
2017-04-24,53.04977659314975,53.63043388170146,52.28784861067731,52.87318849604205,50.92601649487492,649190.6247096093
2017-04-25,52.2006902569075,53.06286217063187,51.58707805540084,52.42778768556529,50.477735092934374,677323.1226215644
2017-04-26,50.31550392076862,51.5176486308858,49.836085483286176,51.014191348234924,49.08783902839523,684586.7707803223
2017-04-27,50.539190268299826,51.49966661705936,49.900971914153764,50.85497063751574,48.93437329279657,656442.0833863781
2017-04-28,42.4730356636549,42.93743585546386,41.6559239979494,42.13594996073992,40.22795347012236,646777.2409177821
2017-05-01,45.68373981070848,46.119094404707084,44.88064838011361,45.44704412582815,43.512938033835944,571421.1690289824
2017-05-02,42.37222516822097,42.90277587318502,41.666696093895595,42.233085371946544,40.32875680948001,782143.1601505332
2017-05-03,42.640399930609604,43.13762147625439,41.86622013646677,42.5120578672575,40.61251095730498,686720.5618806663
2017-05-04,44.22644005853495,44.763090960012704,43.36755650636669,43.936608775161325,42.02714444749123,715759.4854245881
2017-05-05,42.32390971361794,43.07920271207263,41.71098467651892,42.603994501163584,40.71024476256944,607887.1041002761
2017-05-08,44.52436931625953,45.0094521804643,43.95045920696555,44.463618556674916,42.54927533237605,578231.2041595925
2017-05-09,42.952033884072996,43.41729516245042,42.30166377939837,42.825736094996394,40.94233870587539,667798.351095198
2017-05-10,42.455244474303136,43.07955501188284,41.865894107367374,42.472135813813836,40.58590654437502,628553.2946655377
2017-05-11,42.778137639233194,43.29958613256616,42.08376164459326,42.682208009686484,40.81443781854584,638273.0917122423
2017-05-12,41.72764115298746,42.16562778603303,41.109580004433205,41.54499373335174,39.682436873217455,559125.2795267273
2017-05-15,40.258830088694765,40.80772256867717,39.8748074858224,40.33463179569048,38.45073776169911,592370.5363597246
2017-05-16,40.29112643091171,40.683410242977665,39.62195143248234,40.10097969291698,38.2365793946894,643506.6456759026
2017-05-17,40.54141136356386,41.03746119519768,39.56131148540919,40.154681852886696,38.32334883706064,800654.9721757323
2017-05-18,39.97702097684671,40.61986591605612,39.34865416052648,40.01159295548556,38.18012170945173,750105.9767636592
2017-05-19,39.184416643270545,39.79879015003589,38.62277702834195,39.178733331074845,37.33404343165336,659358.1650505902
2017-05-22,39.6301791795583,40.153915172323615,38.9065814063489,39.63092091956145,37.78422258678088,577334.6556791938
2017-05-23,39.79592273189813,40.26731520126063,39.15537589792783,39.64904125172967,37.7940957883984,543038.4274841438
2017-05-24,36.393791292190166,36.8314752617653,35.98844975420941,36.425366326180935,34.54606978347915,548799.286179343
2017-05-25,40.190262917395074,40.70782269404238,39.46659948940731,40.015249049500795,38.16963571214732,562920.6856357098
2017-05-26,36.08214254809031,36.432281486528225,35.680608341835025,36.05893034043298,34.18719916371073,464889.1245029061
2017-05-30,39.65069366108729,40.03768128042183,38.99935336474665,39.438347453856615,37.608599144559136,518950.13372831146
2017-05-31,39.39789284570683,39.84431319322103,38.733243571865195,39.328520664058004,37.501669759103095,762612.0808761584
2017-06-01,40.11668111731477,40.87303022051232,39.67354339649941,40.465784047824975,38.623611341763755,647250.8705066218
2017-06-02,39.45047761471629,40.1120364194421,39.0300234829151,39.60065165451162,37.75565486256306,607499.665333614
2017-06-05,36.19921500054477,36.53811639511678,35.74462541433684,36.05274814099056,34.18260313986241,554410.4221705941
2017-06-06,39.87221795036151,40.43940593655663,39.295068487805445,39.91432550654386,38.08141458683423,618199.7522531964
2017-06-07,39.631040097421476,40.180761471099444,39.081473794449096,39.57763229410066,37.75635490317574,639741.0885067114
2017-06-08,39.84415782078997,40.49066148438817,39.34075366161725,39.98291374660632,38.158231888456456,643105.6005873715
2017-06-09,39.554430401683234,40.250209412223576,38.877622084535034,39.558502496187934,37.715496736464395,743651.7341851697
2017-06-12,39.969032487546,40.532305268254575,39.14564054225086,39.82085293275197,37.98154182459475,741149.1738130099
2017-06-13,39.68350547294104,40.32856046366455,39.130047714069754,39.77138373124898,37.93710029534604,588275.4798573228
2017-06-14,40.14704947495741,40.541799339944504,39.42747406719664,39.95549450167974,38.1260787122911,605321.3285054576
2017-06-15,39.59084242154342,40.29927938520854,39.10614860613979,39.73546232339612,37.91614860618054,574974.3359932802
2017-06-16,39.293447852976556,39.88970356540497,38.652516455347154,39.33188592504342,37.51189570886573,890556.8898715519
2017-06-19,41.08765644750144,41.74943452215136,40.61150958163782,41.313781623047184,39.49721577571163,563749.1615949633
2017-06-20,40.77508100743226,41.168209049103844,40.125524025126786,40.49702803325137,38.69168290587124,596982.8288401254
2017-06-21,40.58509397077765,41.046513191200695,39.91129904594438,40.3849145012534,38.59182152019755,648875.0633465305
2017-06-22,40.92916888392938,41.767198281589856,40.473776109041694,41.24657674556856,39.44927465665963,641376.506147114
2017-06-23,39.39379482839588,39.9569728343867,38.73892563999131,39.33079877133994,37.52297279359733,1075931.2462248323
2017-06-26,40.39092873006962,40.87531479711716,39.79102201762167,40.26601507284918,38.45786400799562,572245.3856127143
2017-06-27,40.078882703383606,40.535872727213466,39.42619726395405,39.78470436998523,37.98977669503269,620369.3283831835
2017-06-28,35.8055859548974,36.389452983334586,35.48800021732847,36.02879736347547,34.20186587375455,622299.0112721417
2017-06-29,39.639394296912286,40.13020575221908,38.79679130892365,39.34083873512692,37.55623365063728,672782.9430894309
2017-06-30,40.705894141477046,41.72454928281532,40.07323289991123,40.63585949381104,38.85028179344707,571139.4923528179
2017-07-03,43.12497178024147,43.757861401597125,42.4004303319876,43.06039134078837,41.23759114625847,318805.92644300894
2017-07-05,40.312208442052174,40.936720493564756,39.39815881251563,40.04296961672985,38.258864828867864,583630.0312565118
2017-07-06,40.76473891901547,41.27632569412906,39.99582394137218,40.48075286355524,38.71133790279704,590679.386264308
2017-07-07,40.16268158878381,40.840600978800275,39.55896090865259,40.283823051473505,38.50375163927137,505186.7734391313
2017-07-10,39.93849621538279,40.38368860619703,39.28509602262433,39.76492620134689,37.99073164898291,524948.5857113102
2017-07-11,40.5225594987153,41.124896574726066,39.90554177407395,40.50650775132532,38.72486906270139,545155.1635115456
2017-07-12,40.48827798797442,41.144078401812386,39.9412134903757,40.45203297908804,38.67067964856152,539082.1891385767
2017-07-13,40.83714442879905,41.2789875698992,40.24534559374664,40.773412018569616,38.990557708731366,525328.438099208
2017-07-14,41.81845511229211,42.349278865656096,41.38665208027385,41.87457795548691,40.055424869606,485007.2692147034
2017-07-17,39.847921853614444,40.34649386972872,39.39840520269274,39.859109721559015,38.075946699955004,499689.07966631907
2017-07-18,39.937910403529585,40.45379767193165,39.359476872377506,39.89830645131343,38.11808727660182,522802.272046589
2017-07-19,40.15762062683196,40.81794757734061,39.75074724741376,40.383125619608585,38.59030822935544,540759.4111876435
2017-07-20,40.158410728671036,40.68654991645363,39.61192308153465,40.054486725717695,38.27129961539395,530720.8854035968
2017-07-21,40.33621181858285,41.0959335210979,39.70825611289883,40.29383526605226,38.50978691337639,528491.461554534
2017-07-24,39.65719828651368,40.07504312757194,38.990575068594424,39.50233664476365,37.71949207059742,505142.1416631843
2017-07-25,41.03534817901098,41.9923180566241,40.25926060092828,41.05014362162182,39.263261648314014,667363.1668048073
2017-07-26,40.72481520202018,41.393977727321264,39.79525778297244,40.35813053544508,38.56775014936213,667316.4669558033
2017-07-27,42.14139612211982,42.71820708267626,41.229226322424026,41.86902994319614,40.05701488011588,699529.42993763
2017-07-28,39.85342973673714,40.54588877433828,39.199000180174636,39.8728501215894,38.106571133146815,537764.3510571489
2017-07-31,40.0794746320409,40.55425022450411,39.26699109431729,39.74485012591293,37.9772402117508,566730.6613679146
2017-08-01,39.99504271545282,40.59569786898771,39.35709134789843,40.06456851789024,38.29700459878055,572457.8247854302
2017-08-02,39.63156465899186,40.100865481725656,38.84952550615442,39.34590772473121,37.57320383022992,631124.3879040667
2017-08-03,39.07045175764461,39.85260437101081,38.46555958123978,39.00144669989741,37.23675280671497,593153.9597737272
2017-08-04,38.12042228782908,38.61959812727692,37.58640348589213,38.123315348145546,36.35862589903364,569173.399832706
2017-08-07,39.22455016758857,39.68223735000004,38.70531688057914,39.19733264852632,37.43093454521997,514355.7447786132
2017-08-08,39.63191969767803,40.18955298772163,39.05640231866902,39.50511242191411,37.75616567375543,582258.9511788024
2017-08-09,39.27830812596405,39.75673631315745,38.63304404954785,39.11927204471316,37.37800130000527,589658.4737281067
2017-08-10,38.37029128626992,38.8240343095076,37.4428073469258,37.93005414595904,36.21812781515289,651230.118968386
2017-08-11,38.03731434155736,38.689680841111695,37.433708651234554,38.150795567910166,36.43707496097322,566496.1357024106
2017-08-14,38.75429948377069,39.32052381211092,38.20982787289502,38.79673148528085,37.06136407251021,506342.651251591
2017-08-15,37.76413071931626,38.1343929374658,37.15469825499667,37.56352069281949,35.85778394419668,493463.2291666667
2017-08-16,38.108637350880954,38.53892989693206,37.63591220064461,38.058676182768494,36.350654711869666,501656.0719049604
2017-08-17,34.913094607052386,35.26375682675134,34.2846032931698,34.59467352093652,32.89109661402453,562706.1876437726
2017-08-18,37.317330870258104,37.90058337702687,36.802351471411605,37.348917475007305,35.66118021468005,544699.3350031308
2017-08-21,37.21792004502215,37.60779024198321,36.69653710186862,37.106595462320406,35.42186573683161,480752.675585978
2017-08-22,39.49272468001964,39.95751290406027,38.929265260730155,39.50060844261012,37.80568540610516,484926.2034003732
2017-08-23,38.25904493884043,38.78430539665752,37.779356042510216,38.35156268488313,36.66293074097694,457958.9722523304
2017-08-24,36.974526728083205,37.438592013332595,36.56215335925038,36.95309033474253,35.25131315389188,458125.50249193783
2017-08-25,37.91986078118496,38.38474508873761,37.445497938863014,37.84843633346972,36.155479132808516,439810.58910684474
2017-08-28,38.42697043398914,38.82166084847001,37.86897363234714,38.33621191697714,36.648986192204056,456999.891875
2017-08-29,37.0940557377246,37.64988864852846,36.712725051048814,37.309168900384634,35.60611172179572,477376.6442912796
2017-08-30,38.897341231668754,39.41347836632437,38.49987553867578,39.00045268099741,37.30494872030095,487129.7278599708
2017-08-31,39.0159312333537,39.722704222603326,38.68732047612912,39.25208195960748,37.55740075726075,570831.425
2017-09-01,38.56350266678172,39.22457740101984,38.03867880875534,38.622206212234026,36.92231736734002,468896.42773965484
2017-09-05,39.47197894342845,39.92984186087375,38.70723401182908,39.203507892846645,37.526167164901246,590400.5171410763
2017-09-06,38.74371254039301,39.26153746421778,38.18230421918781,38.709673950575315,37.03417551468102,551758.2524555904
2017-09-07,38.82792641915788,39.43572029576623,38.273789416309576,38.86733221579843,37.18606015124982,590501.5288381743
2017-09-08,38.7998511432786,39.370427115309354,38.33296335529971,38.866723697295434,37.1819306132778,562885.0101871102
2017-09-11,38.94484340258631,39.55022626377416,38.512624371760594,39.12527598605501,37.436178426091196,567076.0153942168
2017-09-12,39.69898907839268,40.220974743361786,39.132627215452196,39.64443097009644,37.97683926581088,577761.3106655643
2017-09-13,38.79942000976244,39.26136308191428,38.36658351899065,38.81148597828005,37.14800094488995,583623.9310917393
2017-09-14,38.66657846650165,39.127624275955775,38.1989399276788,38.664562352138816,37.01147074097082,558748.41375
2017-09-15,37.78257968339321,38.23694805499739,37.304462822112,37.78149691882074,36.13696473391098,897680.0954365493
2017-09-18,38.83007154655166,39.36799266253609,38.40606304478977,38.881672555926386,37.22694848845232,591807.6946975973
2017-09-19,39.733858451398795,40.14296742336272,39.27991237566473,39.70561982647198,38.05099052978062,560366.0291060291
2017-09-20,38.86570213233548,39.392912144571646,38.406950359437154,38.895814428080676,37.24668225010293,628109.1705602646
2017-09-21,39.43776626069078,39.83237610926328,38.928061555772615,39.34506957924128,37.694346744984465,567474.1572133169
2017-09-22,39.28705620129942,39.814910674251166,38.95588487177238,39.479282755422865,37.82322294870011,497108.2887733888
2017-09-25,38.91652713239975,39.35582286251811,38.40955260662077,38.85259743106438,37.1974428738896,608425.9838576159
2017-09-26,38.96577844068535,39.38829408421327,38.51919274377912,38.931153600796435,37.27400539767928,565142.2520678246
2017-09-27,38.676839308239586,39.27090016770171,38.222827683113536,38.856119774526654,37.19747959587008,641385.7816828613
2017-09-28,35.56396083027555,35.9777342065819,35.165846868072265,35.658558679340906,33.99625388025714,565600.6580294305
2017-09-29,39.21979170426914,39.71372362672329,38.732407831116376,39.22870242415558,37.575584429088266,565048.2648525136
2017-10-02,39.13652952008805,39.76361862781695,38.587795648830344,39.36081053978029,37.70802015595604,565909.8856134524
2017-10-03,39.47301187291535,40.08249762979736,38.9390013131153,39.466845190885365,37.80072270354972,563175.478628949
2017-10-04,39.42472979357535,39.906760666533074,38.96336932303463,39.427426510748745,37.7649469554546,522982.7845898923
2017-10-05,39.690026228222486,40.33329129706455,39.198350221318435,39.896144670671795,38.23014216871476,527880.2614745586
2017-10-06,38.944795101849785,39.491826805895336,38.18571760911917,38.982515614963546,37.32489069135202,495219.6150322715
2017-10-09,39.742693345438965,40.183531813362755,39.11229515599694,39.636771464230726,37.976741101448425,468289.08497942385
2017-10-10,39.50222749910065,40.17237432356479,39.06982156624957,39.50705088665341,37.84365201950633,517598.5188016529
2017-10-11,39.87961304227846,40.32317002635811,39.265103424886135,39.845780556749624,38.18305760460315,514487.20737518126
2017-10-12,39.783003461739455,40.24756655053008,39.20519700820182,39.629568169039324,37.96912971166228,558385.4841498559
2017-10-13,39.34362779444079,39.92583982611113,38.848114050092235,39.412454595416186,37.749419414624704,539175.386377709
2017-10-16,39.09825418458728,39.49174665870283,38.6285136440215,39.018206826122444,37.360966268711316,513431.586377709
2017-10-17,39.44533165065312,39.856572138010065,38.93640346263989,39.32773246215938,37.68579803192493,482396.10562357336
2017-10-18,38.95408660259567,39.36488026548429,38.50794430574505,38.90509228287249,37.26117967609102,513992.02690954256
2017-10-19,38.750361901285274,39.202367025768154,38.24966661495699,38.83399133777752,37.19511701420308,518973.1477578012
2017-10-20,38.67654704495148,39.09221588268142,38.21695978816956,38.66866866351569,37.01628136087915,596375.2916752312
2017-10-23,39.11083265545804,39.45026257630971,38.546426485095516,38.859916168404425,37.21992420547964,579666.6296903834
2017-10-24,38.87822641159272,39.31448781822567,38.398025957751805,38.80971786869449,37.169581337354245,607978.78895504
2017-10-25,38.78124742502935,39.220647934375435,38.114314907984784,38.64103364637228,37.00874926863955,688811.9331830293
2017-10-26,38.2931026416932,38.790265959244515,37.731038115874426,38.27142953822277,36.64795888255064,633895.9755596631
2017-10-27,38.38792343071234,38.92292884116732,37.806768881270685,38.48335995733449,36.847091346878784,682590.8203076923
2017-10-30,38.777361545021996,39.262101196339145,38.18556364816352,38.60601412225874,36.97779425761492,646788.8677432543
2017-10-31,38.68057342677677,39.22818517289557,38.21698004830506,38.722422599623684,37.09417829762366,656890.9149373331
2017-11-01,38.83849306255017,39.2312451818965,38.12938950040017,38.570465855802546,36.93939056063385,658764.4382068682
2017-11-02,38.56977953604903,39.16137792735202,37.98064423741026,38.59873398497733,36.96847901931172,677768.4206953301
2017-11-03,38.25839754044006,38.80974530244491,37.72717136286952,38.28860494441751,36.661266565283405,627822.1230199548
2017-11-06,38.58979768255357,39.134554149032375,38.13064352108124,38.666151991884256,37.04288867181519,604019.3697617091
2017-11-07,38.75779316685451,39.21773823544432,38.03345467729131,38.49308113898583,36.88025751066736,638588.3299096138
2017-11-08,39.3927650424807,39.986168543986196,38.80884213507064,39.41119593369645,37.78871136873227,658183.8659435121
2017-11-09,39.21180184097124,39.80402779330962,38.6159040658912,39.2128673915787,37.603686275123586,648184.2987092809
2017-11-10,38.777796838730744,39.28993571766465,38.216475333651374,38.73489772989593,37.127294581643,587218.6896835183
2017-11-13,38.88318437979409,39.447838134211636,38.421508589348136,38.962031398138706,37.3585834406534,632993.4804878049
2017-11-14,38.92905836086399,39.417894570145215,38.379646240960916,38.88838561070125,37.295883396659505,692240.1885146104
2017-11-15,39.78584629245616,40.38861389219514,38.992960611973146,39.74108376015871,38.15998287562566,636009.5057142858
2017-11-16,38.025149516774725,38.70091414621813,37.67458445091362,38.23650347279976,36.643578895075464,588813.3292249843
2017-11-17,35.281214368984884,35.73987205711319,34.940983844782394,35.39185111027058,33.80540566496787,584545.7327725656
2017-11-20,38.62556431036054,39.10503562442451,38.21602161916768,38.71546957611203,37.13420077878448,543521.8186284545
2017-11-21,38.814927237624545,39.34109371638457,38.40303576616536,38.887765583858915,37.30278023278946,570856.8949631449
2017-11-22,39.018203599896125,39.46832903360983,38.602432133484335,39.00621005364737,37.42277896269538,468095.0270436386
2017-11-24,38.88373737511833,39.22206339976085,38.44330428987355,38.864406284089256,37.27648259644008,236305.54631341138
2017-11-27,39.56728150930846,40.057401456257786,38.917556220184544,39.28781190386348,37.71441584695695,521054.6657101865
2017-11-28,37.53801255206552,38.10067249407491,37.03600753668849,37.71694339674949,36.13565263231745,631093.8320959451
2017-11-29,37.38551298160696,37.956090945223366,36.73901741129901,37.32728014840441,35.74732545121816,714464.5791788857
2017-11-30,39.51586993103398,40.10648033497865,38.93399967859896,39.534981468700636,37.95964794920595,806811.313025641
2017-12-01,38.271748523917765,38.71052178972829,37.30963221404325,38.15183744878059,36.580323281587376,701497.8252090557
2017-12-04,38.735682826256095,39.407109779237885,37.88326753584299,38.495304627658044,36.92912951317891,744401.6134794966
2017-12-05,38.4263465341925,39.089461207267156,37.77426510376318,38.311804969210506,36.75783654093512,610030.5321661237
2017-12-06,38.4319007901639,38.98656129116241,37.628707509369455,38.0419988843826,36.48454621067304,559789.8464052287
2017-12-07,38.18474571797198,38.85554748542974,37.683666301127914,38.28605068382094,36.727076115469885,577720.8791768542
2017-12-08,38.07832862317082,38.5673234575382,37.433041135400714,38.036300443700924,36.47193717542074,543650.3041700736
2017-12-11,38.47460079620561,39.013207586139906,37.93589897020507,38.47327188813596,36.913049928278284,557210.1854345165
2017-12-12,38.522785542592295,39.02207633668104,37.89004787459234,38.31780587809698,36.769680668246046,594390.8062157221
2017-12-13,38.66204738670197,39.32848188846825,38.12664695669013,38.658917536498315,37.1086958359595,606169.1942636289
2017-12-14,38.61665277087235,39.08027164040266,37.93885261359511,38.31881638494299,36.7834406019673,593982.0922951819
2017-12-15,38.09437468182742,38.86345650698761,37.68096883113664,38.359226296514386,36.81616761846028,1048990.3266013872
2017-12-18,39.05540902921801,39.700435973109485,38.59221729471187,39.16051157005387,37.6078953138661,619866.9584775086
2017-12-19,39.059759631917686,39.49705722644012,38.44655371729332,38.823344477390044,37.27860325330296,589786.467981297
2017-12-20,38.428904622079706,38.963467831076315,37.85283469730157,38.4021039021265,36.862606889891005,572821.9797406807
2017-12-21,38.47353896478464,39.017135759502644,37.948226291763135,38.42500057478728,36.88790421889054,545321.8163182464
2017-12-22,37.83376859376774,38.37164304720616,37.364108332609334,37.93019184477183,36.38629145127991,437119.9031472081
2017-12-26,38.16084311130692,38.67084060118073,37.76249280863658,38.19552707926511,36.65340539576448,377014.2052525253
2017-12-27,38.2926793031985,38.69156684023637,37.8218568282512,38.218905092984,36.68048532550408,393998.24084621645
2017-12-28,37.164857095514364,37.577499109620824,36.771848965754394,37.19213095838851,35.660425279152875,412264.4244783557
2017-12-29,37.99411197008902,38.39482277499284,37.441669940964445,37.69782661364271,36.17254137343208,456827.7755474452
2018-01-02,38.07509433060663,38.729631963657475,37.557965148215985,38.23926591982886,36.7153764761593,609643.0948136143
2018-01-03,38.33258285308765,38.87579231661972,37.762781218336244,38.32705194069158,36.79712579651196,674985.2830949023
2018-01-04,39.2439135078487,39.76420029691865,38.67069249506607,39.19037755853923,37.65812242819112,652237.4582155833
2018-01-05,38.97591990737066,39.46847055166611,38.433998288371086,38.98432262324058,37.44868971095047,571790.7297242498
2018-01-08,38.98224726853902,39.46561688077669,38.34758357405927,38.903763182745294,37.36915517184448,583858.0639593909
2018-01-09,39.397745428418645,39.88105170153053,38.81144336215607,39.24850649035654,37.71547982790694,612364.4360064804
2018-01-10,39.17043931353637,39.785378007161675,38.59645671388585,39.19449881621016,37.668665002672086,603643.752379024
2018-01-11,39.08687822894656,39.789017565909795,38.70920887870152,39.39883521895561,37.85752301847465,625584.6073234878
2018-01-12,39.432375763667004,39.963395861826974,38.96598827675897,39.51411588963777,37.968194566243646,604730.41902834
2018-01-16,39.851244386050695,40.37353230852389,39.07907870644178,39.427806212493266,37.89721277459694,742386.9118773947
2018-01-17,38.844839158445424,39.38537919505657,38.32859050742308,38.95165838578625,37.41429176975544,687930.2691690085
2018-01-18,38.97957993080015,39.40821933443967,38.428293906978205,38.854548863542405,37.330635659825504,641490.9792839903
2018-01-19,38.566890381136055,39.16451434808645,38.199416792378926,38.81822355716801,37.28218218297238,666006.5901870099
2018-01-22,39.21274259114257,39.77957956986822,38.762933070685236,39.37912322257356,37.8395908751056,603254.2052578361
2018-01-23,39.29184908046518,39.8102369750477,38.804745250447915,39.356675825766274,37.81073098543257,609967.3629929222
2018-01-24,40.19343466190621,40.65473280664926,39.51994689776996,39.985650082274965,38.44405102133329,698628.2872104733
2018-01-25,40.121421098391096,40.56819122766701,39.440021281169095,39.970089315905916,38.432535876471356,653156.3289659343
2018-01-26,39.76477375328714,40.238459102499675,39.219767247845745,39.82991103087889,38.29225096435167,608245.512195122
2018-01-29,40.0351786045115,40.503966181589206,39.43542875862811,39.82514840736647,38.32473949770664,616980.7433878457
2018-01-30,39.58386005200115,40.08256846192383,38.95842735077633,39.47914276573211,37.97312774135534,669500.7435897436
2018-01-31,38.170740287177914,38.59012167537828,37.53772114750245,37.96320953349656,36.44345592519018,770396.5424991534
2018-02-01,39.393676367653704,40.03226593361989,38.80677388120999,39.44271359536371,37.93047937711992,686879.9277912622
2018-02-02,39.01146752891081,39.42104155474159,38.12212163738883,38.47878514622658,36.98726067607388,760365.5239732956
2018-02-05,38.413091166197326,39.142350502802145,37.11617745898395,37.53002203128344,36.084011534225354,942120.8426355027
2018-02-06,36.91507154639532,38.36984162939283,36.20615748409501,37.73671698935029,36.284104610623054,1036666.6477226925
2018-02-07,37.841696918474305,38.62405317520916,37.287422129498566,37.81767185868585,36.36462632067335,768700.1515334947
2018-02-08,37.801035558240144,38.261939876593416,36.446085334945536,36.74195775716057,35.33192843231886,878458.0221818915
2018-02-09,36.61523897858505,37.27270758615864,35.402337022966,36.568466744178366,35.15256195505067,985295.850333266
2018-02-12,37.225849689924615,37.91981534938451,36.62895080657807,37.35555247936513,35.92468385182928,716989.7533306419
2018-02-13,37.33430388243069,37.929428062240184,36.88784290489964,37.51966305026829,36.08531315811223,586540.1202749141
2018-02-14,37.37348513861257,38.46094895963369,37.00627746860004,38.04452909860319,36.597430975596595,705479.1161758774
2018-02-15,38.31910661367247,38.8508458508407,37.675949576421935,38.42167302300359,36.96124223872197,647703.8105328121
2018-02-16,37.393645123486415,38.02494482647548,36.99271368774744,37.48709755285062,36.04117131466442,619347.5574898785
2018-02-20,37.62823253479088,38.21961903383427,37.10399917186821,37.5276998616964,36.10155081677781,603438.4776632303
2018-02-21,36.71405898525459,37.41910879334593,36.333592411071294,36.67994696263973,35.24464851821121,623409.6799873137
2018-02-22,37.59440934262004,38.12454697922918,37.00777947760487,37.403661857807705,35.97969022134459,619838.8223922674
2018-02-23,37.24381297288374,37.81598150184791,36.76386450694236,37.441692660363955,35.99832156029808,550610.8044092708
2018-02-26,37.839548569559796,38.3053336185937,37.34104494410095,37.90219493457326,36.46262915524218,594045.562148029
2018-02-27,36.94211538102858,37.317815395355034,36.21750585712916,36.44721778947483,35.021229684550036,655339.6044019694
2018-02-28,38.05072769809458,38.59283697968136,37.244864383750325,37.546212260567216,36.14528326122518,721425.5071906016
2018-03-01,37.49341954676963,38.07687150890677,36.687347448363774,37.23383158646203,35.84668043010487,765101.0826113238
2018-03-02,36.74609684815017,37.59302040072859,36.21509270512348,37.2112821289183,35.82473476922715,676068.5261563321
2018-03-05,37.461007822572,38.306045504131255,37.03428908416546,37.87739809761006,36.47954672627368,636073.8977571226
2018-03-06,37.41742772879673,37.95857992192151,36.89124881135396,37.55352562851921,36.15092584197867,602341.1973657549
2018-03-07,37.46848273113127,38.209147304008766,37.11681154241495,37.8239402152304,36.421596341096986,649483.4150753769
2018-03-08,37.94169977488194,38.432573981933,37.36541122261188,37.898450159965066,36.49996492600778,583941.9870941722
2018-03-09,37.888756724345114,38.54464905357845,37.424674720441516,38.159524460207116,36.74722442732916,632372.317447496
2018-03-12,38.34714460433733,38.84668314240879,37.83440555726782,38.34470395462165,36.93317688789995,623700.9796903278
2018-03-13,38.48852615174288,38.87923078731381,37.822696021795444,38.178630292680566,36.77303344338089,674383.2241103558
2018-03-14,38.206830690619384,38.56711950173352,37.54848992596141,37.96047175063509,36.5717609785923,592653.8592145015
2018-03-15,38.21055071199561,38.62103648635241,37.57770498276087,38.00267628071233,36.62271143670972,593609.7986685495
2018-03-16,37.69363709241612,38.277464334330084,37.27424818676361,37.84034482078356,36.46004701835598,1015071.5042185617
2018-03-19,37.685456230588784,38.043563248858106,36.9368523700216,37.45220930076363,36.08197395869212,607859.9177227922
2018-03-20,37.55079199006924,38.008691145954096,37.06114278518662,37.49862552203158,36.12694160843921,588675.0102224895
2018-03-21,37.709681360719124,38.312484539236856,37.326221642223054,37.800640459623125,36.430509820188156,581464.8073523503
2018-03-22,37.48207545790711,37.98158659335401,36.79565355754198,37.04911259413166,35.70534060449497,659660.6959228761
2018-03-23,36.74923682665766,37.10623864117052,35.87887301384475,36.07718290757208,34.74886603034225,694851.286918138
2018-03-26,36.73102914698466,37.29773721599761,36.114204620422775,36.89681807962958,35.55558175307677,660325.4367747098
2018-03-27,36.84831450976873,37.20232521723368,35.85010202572145,36.17966405287536,34.85056892442713,690881.087277811
2018-03-28,35.00145515984448,35.473369954058064,34.41002601233806,34.89430917132418,33.57336091614785,669166.2448094912
2018-03-29,35.334808499165355,35.96829103901302,34.94389772300698,35.51826139779307,34.18857204682699,673400.8729040913
2018-04-02,35.80571314175475,36.187726218324826,34.75314358037054,35.24254082489549,33.945495201579035,645924.5949519231
2018-04-03,35.46170918374864,36.02999928116253,34.970793630318944,35.62514232956258,34.32044701637111,600603.9628663188
2018-04-04,35.11410582316106,36.11241618688377,34.799876534493684,35.837959494455,34.51880159361609,625760.7358717435
2018-04-05,36.11901337596687,36.59243019469717,35.640507588394826,36.175396218994194,34.84767177590875,586095.7653183821
2018-04-06,35.74191489667548,36.13699681280018,34.99686017791961,35.358946226968634,34.0462541908448,587012.906193626
2018-04-09,35.603924637019375,36.09895869396198,35.15008754374995,35.42594097013294,34.11654904134783,531274.8775592132
2018-04-10,35.842737344807894,36.367735871619104,35.43297543191637,35.96546286663328,34.64285814991622,580733.141564448
2018-04-11,35.8927341394174,36.44004851551181,35.584937892696715,36.01628803042124,34.689186274300994,509621.3018298814
2018-04-12,36.062683073686784,36.56736401467153,35.69793035469123,36.149399430374594,34.829446846268624,528351.480264476
2018-04-13,36.05999882083503,36.29251949428216,35.45632721302237,35.78423487324448,34.46590014166728,523513.13358702185
2018-04-16,36.35381764535081,36.811570904668166,35.896630333117706,36.40553139383448,35.084337749311615,537423.8068703815
2018-04-17,36.61232262315228,37.1421356158498,36.236524901618424,36.75100254776432,35.41917403005832,564558.9664134346
2018-04-18,36.90593523331908,37.36512800038091,36.490491608823,36.88492792025114,35.55474505806006,555539.9218906469
2018-04-19,36.79739584268846,37.16834473679452,36.23937968018509,36.63478463634962,35.312352180604606,575491.2491508492
2018-04-20,36.69825335334644,37.0578382092908,36.16359372978344,36.52794969956534,35.21613577087581,609158.6604975124
2018-04-23,36.56797330953864,36.92834125597586,36.05558517784429,36.42951421291662,35.12320702981879,504330.3380761523
2018-04-24,36.587845092093275,36.97812325785197,35.76086468963151,36.1865416582233,34.89058606525606,627428.5071014203
2018-04-25,36.25678589673854,36.680950584517205,35.69507409532085,36.231065361275434,34.9262400601394,621064.2336783439
2018-04-26,36.41082090180566,36.945194926960234,35.89707613112833,36.46099780734538,35.15185863377225,678580.2243361078
2018-04-27,36.53611528581732,37.00276517527888,36.03963092446909,36.52018755957418,35.204008313695155,569379.5668129238
2018-04-30,36.54893116748887,36.9321361000375,35.95595249921708,36.22272302767656,34.92598571364219,601504.111399481
2018-05-01,35.974743508291375,36.45446786543236,35.43657865774995,36.110909031186566,34.80553285852992,602644.1839584996
2018-05-02,35.876767469515954,36.48126963156957,35.41221533961185,35.885147745537786,34.58916978024387,679835.5136699262
2018-05-03,35.774906611783855,36.26455260590473,35.141025448754974,35.71143099246435,34.41570027708308,668468.9092540885
2018-05-04,35.62248794913149,36.43213116887796,35.25817821563858,36.01119026228428,34.710261193226444,600991.298046252
2018-05-07,36.15590117446526,36.659703937791605,35.74404047063099,36.205430986608874,34.908321327715186,587156.9338645418
2018-05-08,36.3707576603902,36.88396057382323,35.909137601473226,36.451175167938565,35.154395871191014,651228.9244081958
2018-05-09,36.50289796038574,37.030918668993216,36.01885669375422,36.582602650970124,35.28100193097866,657005.4146584346
2018-05-10,36.59304987295993,37.10725990386785,36.18804419649783,36.68930446502534,35.38364029466314,595830.6818543574
2018-05-11,36.66468825906598,37.1088970138985,36.244121448490404,36.675068256631604,35.37833100899316,508454.1594551282
2018-05-14,36.7934415324316,37.20949516556767,36.30643393669311,36.66698629323248,35.37830902655588,549211.3209580838
2018-05-15,36.41025306765605,36.86035049272161,35.97622828570518,36.471787644628435,35.186030622408,582556.5279329609
2018-05-16,36.69215681321134,37.25073413059909,36.3546095984992,36.86128864298773,35.570782486517345,578036.6223150358
2018-05-17,36.807842515843255,37.29319391460849,36.46041460938493,36.90940128824191,35.60866049542027,587472.4673010731
2018-05-18,36.891157286263606,37.27555849258629,36.48915405764644,36.876361125972224,35.59102315176334,615420.5416006339
2018-05-21,37.08647214109946,37.541767476181064,36.669156599607845,37.10297478196296,35.807206043777505,542997.3587301588
2018-05-22,37.12243107469768,37.48403415050436,36.58228539414487,36.87064061946243,35.58354402833106,592109.1626803717
2018-05-23,36.723266516610984,37.20066348972242,36.3434351676733,36.858887115325174,35.571879984930284,592966.0935834156
2018-05-24,35.6607394666242,36.02223765752154,35.246817077231746,35.68400940751025,34.405709911955185,554871.5507769146
2018-05-25,36.68324263186087,37.09531520128247,36.31771973870927,36.706864130813884,35.43129256892975,503530.5867063492
2018-05-29,36.60107497793913,37.082335830658955,36.10903507494083,36.598344043712544,35.33113329432757,631303.105211212
2018-05-30,35.775491952175614,36.36138923677583,35.47708633430976,35.97661353042747,34.70296417032331,625410.0523917995
2018-05-31,36.39094632560939,36.75324889301162,35.839397032743946,36.178881665591696,34.91557092631361,746609.023611573
2018-06-01,37.06292343843231,37.560621724674604,36.65115383254645,37.15159259042492,35.880464212128935,632457.5637477762
2018-06-04,37.252164524319944,37.68420404711141,36.76558115612881,37.2626749070868,35.99316188847059,620668.8802844725
2018-06-05,37.27469934417696,37.799287268656926,36.90113773986868,37.427396612990506,36.15833325479409,602464.4085765337
2018-06-06,37.49439164079117,37.99904736948541,37.08176165536249,37.65239742291206,36.37625806101091,623675.4946534653
2018-06-07,36.89494768365482,37.23778316446906,36.326826627723534,36.71539805284613,35.44426865496121,687595.2788968082
2018-06-08,37.33357116354281,37.83293480611289,36.97685709791494,37.47788826931443,36.20373791798486,580077.7664954563
2018-06-11,37.72012315730878,38.17856073426643,37.297681621941464,37.710804312450946,36.43998344727614,581993.9125370188
2018-06-12,37.68003695190954,38.16616713830459,37.255265867341095,37.729852032996085,36.46183978241909,580607.8228174603
2018-06-13,37.752410281786894,38.13295102109478,37.21155861288689,37.556320089096445,36.29550946153144,638290.846884273
2018-06-14,37.611529898372154,38.01615687975707,37.15673875188231,37.612631595462254,36.361815805397704,634354.4905623279
2018-06-15,37.533855110854695,38.04807334631077,37.06524043780105,37.65785280879095,36.41604392577347,964674.045221169
2018-06-18,37.532961076896726,38.082275788284555,37.135863687171764,37.72564152876493,36.477991118853495,621029.8269155206
2018-06-19,37.36058789996425,37.87707995204566,36.89787830224859,37.49519521584254,36.25353781167798,651374.409126672
2018-06-20,37.61316975762938,38.05233410588013,37.16300478208649,37.63385555763408,36.38946193988158,617392.8206436421
2018-06-21,37.61271093972009,37.94204041781306,36.92783433127956,37.297003610157354,36.06221991058285,629579.894468419
2018-06-22,37.780470269221055,38.17697315198745,37.09590507125898,37.58518546160086,36.345323857245965,1037761.9531620553
2018-06-25,37.20648195012614,37.55782740992067,36.36335685820313,36.85598851020928,35.64062009864509,679760.3761521867
2018-06-26,36.96229574122477,37.48465682024969,36.52885520776796,37.04365560946726,35.821904815214275,657683.8702618211
2018-06-27,37.10147855722618,37.49707819944187,36.32502948489611,36.55722265910286,35.346562181869096,673641.5162490212
2018-06-28,35.906471454987816,36.454199388170494,35.432635798070876,36.07837147949122,34.89684630893316,596660.5024608502
2018-06-29,35.97682671020609,36.44232339546322,35.55640686686485,35.90004927131596,34.72514880139551,658796.8615384615
2018-07-02,36.80513511995665,37.386235625229915,36.36207955856674,37.082428945540784,35.89410180778902,534459.1969815758
2018-07-03,37.300918559892146,37.70560057770674,36.854294663462575,37.191392797217034,35.99427641873478,331704.4589296216
2018-07-05,36.91756923036255,37.32659624216245,36.46993930999522,37.03275511584296,35.829837726361994,517010.52483801293
2018-07-06,36.97951858345669,37.550446067136114,36.68888084484889,37.21366597344392,36.02266322027378,454149.20298390265
2018-07-09,34.69515928925648,35.140230966642775,34.26045833746139,34.76198243073122,33.66301215582462,594389.634765625
2018-07-10,37.551872630465,37.929792501648784,37.045105200099044,37.41519425466899,36.22577431155967,512010.17769487534
2018-07-11,37.29613435273498,37.79252823805453,36.867788190698825,37.289603338441694,36.10600057917231,520322.85408903705
2018-07-12,37.35301139374297,37.751462453033994,36.871300823290824,37.35599031751425,36.179511918377656,506892.23769366543
2018-07-13,37.34144355496182,37.77260912118184,36.984788114671666,37.33988666962839,36.16256145119424,466080.55449031503
2018-07-16,37.37415431564421,37.6738649414232,36.82686962725982,37.182958283633646,36.00998737013878,523974.03464383027
2018-07-17,36.98472657204327,37.538809667254974,36.684144077962074,37.20026810308351,36.03374078964265,526355.6788721363
2018-07-18,37.33737781879784,37.77102702205508,36.92672254665645,37.421287047464,36.251629496072695,535993.3611764706
2018-07-19,37.30936242856641,37.81577739428811,36.95636662348539,37.440888611394925,36.272270068140735,544923.9552209621
2018-07-20,37.465080591485275,37.842194786755435,37.062493084723805,37.415881859308286,36.242263559634296,560856.8944195994
2018-07-23,37.267870424331136,37.64781180850405,36.83626816033944,37.26433337313452,36.0969686519299,511309.46918876754
2018-07-24,37.32057939261669,37.66460465564897,36.6185124015699,36.950887346803285,35.79209164007154,594458.6566901408
2018-07-25,37.23728199084953,37.784032422834336,36.78769711693412,37.421673267154056,36.24837718586088,624653.4306853582
2018-07-26,37.449328628421455,38.032342237821915,36.99780363390633,37.54447256894458,36.36801738866174,708213.3640232108
2018-07-27,37.44700592129064,37.76334530237601,36.57295847593992,36.93435552806661,35.76880510209797,640368.6742923614
2018-07-30,36.856244904904386,37.25670896338742,36.208941232031385,36.563982128712425,35.404360818894666,629522.4519006982
2018-07-31,36.24752749781361,36.8495081756128,35.85030953597917,36.4303803009369,35.27294318990281,707673.2180402336
2018-08-01,36.91159794897954,37.43214801032261,36.38089532575854,36.89110590274604,35.72944455050291,660044.5640876478
2018-08-02,36.68582893587332,37.39612747634277,36.28944891700008,37.017424551584114,35.859743807021225,616148.6682252095
2018-08-03,37.000692819151155,37.46900899216699,36.46713102958992,36.94497597775644,35.790788573098915,539129.5320187426
2018-08-06,36.99907353275652,37.50870904888832,36.64205063042348,37.16023356566695,36.00469622366542,516604.3179258108
2018-08-07,37.24864947527035,37.731088517697486,36.80125760753107,37.23260117261165,36.075083535133196,553927.728902748
2018-08-08,36.89681695158451,37.287285183237145,36.37073192029002,36.81944622825631,35.66753851407975,526883.472265625
2018-08-09,36.83675715410349,37.35505089465855,36.44500728922508,36.85831238571496,35.713499160375186,526809.8329099081
2018-08-10,36.606083008141475,37.08126116326821,36.18281634217326,36.61400260627739,35.47814805551737,537644.1260979895
2018-08-13,36.62651693185995,36.99426045601206,36.099052767684014,36.43913830792116,35.30763716803434,555240.0746992627
2018-08-14,36.49942944422918,37.039866066339265,36.167722182793035,36.669195815552534,35.53845397897808,530648.0746210649
2018-08-15,36.34160580938144,36.68493812374859,35.70940372250621,36.16178917278053,35.04297753272335,609106.6681588166
2018-08-16,36.49014369563688,36.972260603001885,36.16289613699011,36.580498747702926,35.449080038903496,531372.0690339218
2018-08-17,36.36943795271715,36.81101091071578,36.0335119253718,36.52947071161232,35.407263730345335,520514.8790669122
2018-08-20,36.63330692408722,37.02608776811193,36.27045844138148,36.66975578143551,35.545722881530764,487546.7315697335
2018-08-21,36.727181536030656,37.249845537538185,36.455002492657655,36.88242083733553,35.75841219036481,532163.9476755495
2018-08-22,37.002050290349686,37.41600707190302,36.66476337639655,37.07271794854526,35.94377987019662,459001.0416666667
2018-08-23,36.45430150660959,36.78552816611037,36.06247986303587,36.380153725779124,35.25625585398449,500716.4041170098
2018-08-24,36.98889997491203,37.40013938544058,36.66787716147296,37.073297304203464,35.947022421134676,505229.6267414861
2018-08-27,37.26290250367132,37.697231412494766,36.90175867716947,37.267266094334666,36.14123397018485,624062.6300057482
2018-08-28,37.4775338272515,37.8113138074949,37.038114332499084,37.40376031580571,36.279494806598024,562197.9603235747
2018-08-29,37.34739021189537,37.72973143649413,36.986897228208136,37.419834147215354,36.296022446952925,533835.1821518254
2018-08-30,37.3339907536599,37.69749090319929,36.89227450361327,37.23816433948439,36.125393045892,535037.7445736434
2018-08-31,37.2119478908958,37.66362780298756,36.9234430990396,37.384560125947196,36.27499864551986,537575.8649611399
2018-09-04,37.36948649906219,37.752082842000746,36.84581633685585,37.34285560041098,36.24259818327298,628239.993457764
2018-09-05,37.24603909102812,37.630146474835044,36.647664746277634,37.16317650807253,36.063051791952695,690803.1252160553
2018-09-06,37.038000745100284,37.41760284139624,36.480404539019204,36.85768158555617,35.768452997234355,605753.6918918919
2018-09-07,36.384546949123425,36.871062337105684,35.985803874647296,36.41961021083735,35.332992847628866,559152.617755379
2018-09-10,36.97163493663072,37.37822645559791,36.52394753776563,36.92241039557274,35.83499696015869,554073.9360554699
2018-09-11,36.73895332875218,37.235826126210995,36.34722902930758,36.83714612398032,35.75226926677597,574752.8210770121
2018-09-12,36.664718740414536,37.12155222945557,36.18446134517035,36.707812815573774,35.623849851336885,624198.863531226
2018-09-13,36.944063090153236,37.36705402584602,36.47849569867744,36.86874263529803,35.793998899556144,656687.3764863828
2018-09-14,36.844998884588016,37.31450164647066,36.44285837316498,36.88218314802623,35.80700307723334,611886.6937872667
2018-09-17,37.00966126721586,37.31960838780754,36.38198223082076,36.69530930412618,35.62905236628489,595550.3967673657
2018-09-18,36.73972674536943,37.2463886180517,36.387084886055185,36.841168731180716,35.77418469594564,589456.2971879815
2018-09-19,36.908575006520444,37.38385228976459,36.398665426689014,36.809424983166934,35.74643616064113,625405.5992696522
2018-09-20,37.05334491678137,37.54232942246605,36.64490590941894,37.16594800281533,36.10094520141667,630676.718990755
2018-09-21,37.07077069259256,37.48065498172722,36.57479441515062,36.93805569955955,35.87802595694727,1057538.3808971385
2018-09-24,37.00301146740076,37.3933196756787,36.44502500010968,36.906063974720524,35.849599098597984,646454.9900306748
2018-09-25,37.05201833459505,37.49584054141514,36.59181498456639,36.9966927086032,35.94219939402647,621406.7225533552
2018-09-26,36.94470543025723,37.33660487128934,36.416819546701824,36.72000974857316,35.67383296203508,600298.4795682344
2018-09-27,36.439812831622845,36.85902294754349,36.03629328947879,36.3994188873901,35.35637281624329,547437.6860770578
2018-09-28,36.701467241089915,37.21068112281206,36.39892341172181,36.82811748629904,35.79044587236159,690571.9583866837
2018-10-01,36.85477855972601,37.21378921744251,36.17779946344804,36.47775760150631,35.44561489503368,676807.0007640879
2018-10-02,36.52470790125198,36.88487345564255,35.93825519669516,36.30061391958156,35.27211726900475,663231.5435406698
2018-10-03,36.428948853225634,36.909609891220136,35.95441401897098,36.447469698507554,35.41917763060906,694480.7567877629
2018-10-04,36.251884755403346,36.57245733163583,35.502216703721786,35.895568030454925,34.87664410344567,632799.0904541955
2018-10-05,35.7726935991087,36.159809069482364,35.09423177320667,35.529519792674975,34.516026336329524,644024.083957733
2018-10-08,35.4924962020412,35.94236538433045,34.916535188012936,35.45706603983654,34.44444305977901,623719.6125454197
2018-10-09,35.5053599786521,35.99945651439987,35.02359466178637,35.40283571773787,34.39380591283247,636613.1607211354
2018-10-10,35.15788637716184,35.45735361983806,34.093699679547775,34.2965477695812,33.310521340769995,820397.9256912442
2018-10-11,34.18099560567428,34.77233390500612,33.41938382793451,33.76649239034902,32.80261116570443,881889.4090386825
2018-10-12,34.2428134388283,34.66350442117876,33.43699777923484,33.98852504848946,33.02421606068353,738897.1149050451
2018-10-15,34.03520742824073,34.56194025194777,33.61437643214308,34.08517662495802,33.121442722393944,572855.8168202766
2018-10-16,34.1873709521811,34.955391590768635,33.80846677091708,34.70311632325271,33.72647017951569,630804.3615797546
2018-10-17,34.664208271257095,35.03109535228746,34.057975838022415,34.57866692938208,33.60645907396492,594107.8455346876
2018-10-18,34.40912115542368,34.75816525217957,33.68468869572698,34.02390718705998,33.068881329899604,621002.3798464491
2018-10-19,34.01209921476619,34.47826870309147,33.38862818524414,33.70492897893652,32.751088557149075,640007.1409640867
2018-10-22,33.95880604388501,34.38143435962161,33.353655915265314,33.77760611552775,32.82579181578956,618716.9090560981
2018-10-23,33.020998716360985,33.653282653217424,32.43848901677189,33.23275342624923,32.29146517107306,744158.3926309729
2018-10-24,33.16737271180108,33.57534638134474,32.01596322778657,32.216673158270126,31.296360374598557,814018.557920982
2018-10-25,32.46043815887731,33.235093942425195,32.00836055185887,32.73749917758459,31.805529645430777,827159.2267962645
2018-10-26,32.145342830792515,32.786431980194955,31.49467881352386,32.171784953438376,31.254016551264314,796187.2397168548
2018-10-29,32.59976508413183,33.095781681859116,31.621092670567386,32.080252993017666,31.16446666819237,766384.2509563887
2018-10-30,32.113924846773436,32.949264683109256,31.69319620737928,32.60024326275631,31.676733474404354,853482.578217069
2018-10-31,33.03029210010472,33.628020152275596,32.47788565751958,32.958995306809946,32.0338588442278,886766.0696263175
2018-11-01,32.93994669810446,33.79296747910683,32.50357286177372,33.384533166235364,32.449760681190355,841841.7013703844
2018-11-02,33.58257785800635,34.120541017737146,32.89105935178276,33.41481874639207,32.48362016605033,805603.3690114068
2018-11-05,33.47263107010644,33.95673100056823,32.91369654987488,33.43693420242624,32.50607888990564,679866.6257621951
2018-11-06,33.37206618370604,34.00383221723443,32.95410474912641,33.5631709824689,32.62607162759564,676343.2446686976
2018-11-07,33.65164434998041,34.321029130242884,33.139775810102435,33.92934269255969,32.985348398689716,727272.8037454615
2018-11-08,33.82933591151173,34.36888922051622,33.29737285149465,33.81601866971051,32.88172429523036,680249.9038167939
2018-11-09,33.62296314013266,34.01042968448612,32.89619213110137,33.394103523564404,32.464635811405735,738838.8873668188
2018-11-12,33.22109794553592,33.56837611524105,32.4359748525621,32.74808076653414,31.833901157748816,698126.7977229601
2018-11-13,32.97622778664652,33.51207058100094,32.4749838958567,32.838259697772756,31.92692177481086,679925.001907305
2018-11-14,32.88034046662951,33.31176729366065,32.10767942683691,32.464674317031175,31.561844942743956,736616.9663049686
2018-11-15,32.27292862743776,33.05229961414822,31.850040193557334,32.74098335245355,31.8358744427708,693502.2055328268
2018-11-16,32.57046427670698,33.175658297206844,32.200169362443454,32.81208395567128,31.91524940777514,722927.489924812
2018-11-19,32.70875571195168,33.06725206778136,31.857511590110594,32.23061423423399,31.342926855791262,658263.1876788099
2018-11-20,31.757497222299957,32.31535659820554,31.157015156819106,31.654162896172338,30.78482020946466,771881.7191246432
2018-11-21,31.830920999549495,32.47178779413102,31.50115159053294,31.97781813129286,31.105490235945503,556509.8213196034
2018-11-23,31.678063206625733,32.2599137443301,31.4435965190957,31.87920580018721,31.009838219851993,268022.49761495896
2018-11-26,32.20535797038725,32.69133940274679,31.780922571797657,32.275700632129265,31.4022689987939,614165.8087899543
2018-11-27,31.611386864190408,32.00816240382887,31.17222714726508,31.569929009833533,30.695570317771388,601407.8728926947
2018-11-28,32.29512241283254,33.077283327961176,31.87867430122063,32.828783279336676,31.94723257510891,715048.4441489362
2018-11-29,32.85563340038719,33.37481148518011,32.45031471078418,32.896255868084545,32.01897195624874,608983.717341482
2018-11-30,32.631142206603926,33.14886722043793,32.26393576731844,32.78620740325466,31.92020911628667,791447.0932311622
2018-12-03,33.3040302132669,33.714756362778914,32.627083683989824,33.179619232289696,32.30672977586106,766872.4464692483
2018-12-04,33.13044946888086,33.47368852155496,31.9244333600371,32.17398905465298,31.323744901679394,794940.928381459
2018-12-06,31.666065458316172,32.34168565195489,31.009661287292634,32.00676081509774,31.164456241060012,875774.5276668568
2018-12-07,31.900326039356994,32.35785215686921,31.020881283105297,31.330031039452503,30.4959163829063,729721.1204337899
2018-12-10,31.199055903591923,31.630371922438844,30.5234361627219,31.146287907186075,30.32482894059564,708115.4938201179
2018-12-11,31.42784642836599,31.786444054129387,30.70755922006748,31.0366880020909,30.219407722730043,664601.3376450447
2018-12-12,30.947080926365807,31.465378594941885,30.52480236022219,30.86950147913033,30.05093910963558,673962.5159138555
2018-12-13,31.61418218351812,31.934134227768467,30.938706034126774,31.258961505232755,30.453428771531694,678048.1583238528
2018-12-14,30.81796709313954,31.30572320338628,30.334621342908353,30.64234376418858,29.852476435799954,678810.5284846183
2018-12-17,30.628114162958582,31.025476397113664,29.754635715027163,30.054216384078227,29.28304377452308,828289.1796429928
2018-12-18,30.102002038598133,30.55753160187844,29.51280602047746,29.861042967331578,29.09687999989703,789202.0075944561
2018-12-19,29.86111245634196,30.42794050978588,29.07530647352639,29.377086859483242,28.624206944467854,881984.1362862011
2018-12-20,29.090029432679145,29.521404948851362,28.22295892973048,28.698875299515212,27.965584533296326,955532.4606037593
2018-12-21,28.640631329473504,29.15867086439831,27.788973115194523,28.083464428739777,27.36259166548594,1380847.320083682
2018-12-24,27.9573123306515,28.39045062898995,27.319849909132273,27.615428727132002,26.908341648518963,444842.5092047827
2018-12-26,27.78316526937465,28.90776850459831,27.3936335174201,28.7315301955405,27.999982788131174,738899.1735177117
2018-12-27,28.29328528343256,28.980900953446042,27.758558647300745,28.75366526323147,28.025640975053797,704567.6283924844
2018-12-28,28.34336951828109,28.866686825402184,27.877475691377363,28.34645281220972,27.62343918284619,640525.3706505295
2018-12-31,28.911880624780437,29.320526869382288,28.43929066570732,28.98005356981483,28.257837338678577,624937.9082248333
2019-01-02,28.72350468846832,29.51943790897062,28.342623395420713,29.1761778053103,28.45900943844198,659964.9263896794
2019-01-03,29.04533078677087,29.442173948817807,28.403569442166773,28.74074011418617,28.032409898514736,692837.7657640598
2019-01-04,29.05381008988015,29.923062553160968,28.79496607860715,29.609718520929555,28.881884640754336,738162.0958618071
2019-01-07,29.83181549254759,30.56265786235202,29.487028907505273,30.15049393522097,29.411260475670677,744892.6995083208
2019-01-08,30.424509942613252,30.860950800321934,29.888958636281664,30.499351690565483,29.753409277989043,725325.04375
2019-01-09,30.582649212927212,31.165227701826364,30.202007025082693,30.739812297004757,29.99146788370136,720648.3746926424
2019-01-10,30.573799511668746,31.151010875316217,30.208459879872635,30.84748411215542,30.099945133108694,623064.5590909091
2019-01-11,30.712310997304815,31.133089468562318,30.346059853273147,30.818901060041327,30.069843764521433,561491.5165273556
2019-01-14,30.598583190564614,31.009478135311134,30.21285499963401,30.558087778778958,29.820071860048174,586322.8290646937
2019-01-15,30.625074479142516,31.113978155359533,30.268571052139265,30.797932121288056,30.05532329686326,579682.5440424323
2019-01-16,30.81333573545503,31.291117106300362,30.505171078740876,30.898307454007103,30.154290977744377,631713.8594104309
2019-01-17,30.80170795400441,31.417739063540846,30.55733633691245,31.113478081153126,30.366170893668475,609482.692031043
2019-01-18,31.23221013940053,31.736838669691235,30.898132521431346,31.404806523918086,30.652177694020526,669060.9943030763
2019-01-22,31.192617861145724,31.491465652120773,30.573116355598778,30.917494239043435,30.176113623737564,658639.6585689884
2019-01-23,30.959127356959456,31.317251406810843,30.419892855873933,30.8199770663389,30.08049001507659,580811.2551252848
2019-01-24,30.872467796522308,31.32147835641449,30.550324795204737,31.008003834771422,30.267705067893264,569324.7461582243
2019-01-25,31.297011695120265,31.747620991234392,30.98108469051169,31.41023979964176,30.659858932264356,624913.5772219064
2019-01-28,31.296145389579817,31.70954094896791,30.924552639823386,31.400016269254643,30.65350055701626,595523.8511443163
2019-01-29,31.44667502231171,31.789793519185974,31.040312857204633,31.389740371705226,30.64476416308022,581329.9831789832
2019-01-30,31.491111610139576,31.946901137071798,31.07813904590143,31.65070376329908,30.9007560034651,689761.0424368163
2019-01-31,31.320898285044695,31.88338996979782,31.001400391000697,31.569567570673435,30.81104793286347,886958.2762204724
2019-02-01,31.874260450047803,32.29434520776515,31.463477039417846,31.91526286596965,31.16968640594748,659084.3736533737
2019-02-04,31.95609419987636,32.413468507931256,31.642035908182745,32.179658831089974,31.43192637332759,582208.9380313621
2019-02-05,32.30472418788797,32.71263310234025,31.954730371986244,32.355459639890064,31.607116571329765,635911.8490850783
2019-02-06,32.312527443165166,32.66277072971772,31.911308644683647,32.27823441234582,31.529189968340386,583090.353508606
2019-02-07,32.217249510218686,32.58315941311481,31.686827411897646,32.140478701376814,31.39768874285863,672155.4251983378
2019-02-08,31.963225960133126,32.42676595747597,31.595054278664907,32.11662338372909,31.373101165446442,608648.5717251793
2019-02-11,32.20241200540164,32.577056263108865,31.85341717498031,32.25627795210104,31.51241187975333,555951.8652388173
2019-02-12,32.4647879041406,32.94852522698317,32.167806948193345,32.648653361053746,31.900230032668574,613263.1657490032
2019-02-13,32.695616765911865,33.0865887796772,32.34567996884992,32.719843515927536,31.97217578474239,601918.5315928869
2019-02-14,32.53538449606527,33.01612320091092,32.221916024737794,32.65838367080505,31.913393253145596,615753.5108926161
2019-02-15,31.992020507349807,32.42082368974758,31.696489342753804,32.143771553977565,31.39891076453008,630637.874251497
2019-02-19,31.963730563526532,32.4390082049046,31.669112730474957,32.112809376768375,31.384598008294095,582560.4563143838
2019-02-20,33.01643400615853,33.43987554943564,32.66297120186553,33.076865375243806,32.33503570878248,626168.8716730038
2019-02-21,33.16325190514822,33.49400626038521,32.69996997833209,33.10243982726922,32.36372664733927,555494.8313986679
2019-02-22,32.1170169669755,32.53678658899016,31.815980390211013,32.28265017680854,31.53452902528293,592724.1373436252
2019-02-25,33.50198092239679,33.86127661021259,33.08225521829782,33.36480516070117,32.62497040742939,710660.2104174502
2019-02-26,33.234960275782996,33.60626482159004,32.83394353142042,33.14762635489586,32.412149455527484,611949.5721864343
2019-02-27,33.12942821288808,33.57801376217018,32.76241688987764,33.240561084797164,32.509801979201356,627563.0875567322
2019-02-28,32.681812802640394,33.041234735665995,32.260303297591015,32.626408743200074,31.904526199018107,721833.745172523
2019-03-01,33.31682403826003,33.72421532073158,32.8557926938523,33.32641420326034,32.60754250655151,682933.3346583381
2019-03-04,33.43513842427117,33.724071957938726,32.71814797276717,33.13026591077698,32.415118769638205,666453.6761922786
2019-03-05,33.09541745858791,33.420419656098964,32.69108566238954,33.018321996894834,32.306079065548275,628905.5877143396
2019-03-06,32.98804097547511,33.2228994029736,32.37074160283851,32.59809338753342,31.891520921317337,663844.3309528284
2019-03-07,32.54066983841736,32.839115013703974,32.004115545382135,32.34044644353187,31.643637540400587,651657.6561496316
2019-03-08,31.9980606852873,32.43485311046384,31.66341674244063,32.155580861446694,31.461424791513295,597906.1815600152
2019-03-11,31.291950581029297,31.85023336085483,31.0580255265389,31.637815237653154,30.95189801992618,633049.632483475
2019-03-12,32.70519545466872,33.03664940369903,32.340385368574886,32.683584639448036,31.98780298585814,592092.0324467082
2019-03-13,32.827352288442924,33.24009133007135,32.52041181896291,32.86693732452748,32.17048449388572,702046.463021906
2019-03-14,32.74947525402885,33.05926644203703,32.38413544945903,32.70195279833774,32.01957849189458,644300.0265967409
2019-03-15,32.66203862541476,33.10735895813297,32.342726437629615,32.713010446839526,32.034174853566114,1049073.611676083
2019-03-18,31.56765366050734,31.985212470986244,31.25801947838547,31.685289732095168,31.015200043185136,654561.2687747036
2019-03-19,33.156979277467876,33.43214679702637,32.6723909945322,32.936845416958796,32.25704757005679,682749.1556886227
2019-03-20,32.88983805027567,33.24328333340281,32.3836284649447,32.74072572141383,32.06593922627053,683097.9737532808
2019-03-21,32.760092206553146,33.45538177045822,32.562212296795394,33.16461542381224,32.48734534840901,666771.6342193935
2019-03-22,32.94228147647319,33.16373990231402,32.09389388205026,32.28051863012858,31.615260260120408,727665.5811821923
2019-03-25,31.20653312110309,31.615161774886356,30.835370602471187,31.278701437081253,30.627201980764937,599841.0189956742
2019-03-26,32.457220324641845,32.85798795098381,32.119373002508325,32.51851456844709,31.850824033358222,587509.1091351553
2019-03-27,32.48964412530256,32.81496953759192,31.97585765421055,32.379974955023286,31.71195236465229,617948.7976346912
2019-03-28,32.38887478475767,32.81240700012556,32.07861604824833,32.52955049199484,31.87193072163361,556968.8242356031
2019-03-29,32.25136078413154,32.572393749975106,31.879792323580585,32.25218726915463,31.593751574844,668520.6414916954
2019-04-01,32.90922083524146,33.33826859018345,32.5408344661574,33.014329270438765,32.35334706923616,632850.5695277362
2019-04-02,33.066893075753306,33.352230200035116,32.64358935513674,33.03141073809373,32.373425993805036,583226.506656666
2019-04-03,33.192816494185095,33.53611105038552,32.815309860282866,33.13910710255494,32.47933155610583,682524.8932364449
2019-04-04,33.0872825836346,33.45505608064253,32.707489678477216,33.12598577413175,32.46616424214849,541329.9521665729
2019-04-05,33.1236723644995,33.53424559684653,32.88578674724819,33.27718913757691,32.614140329807356,585645.3993276055
2019-04-08,33.233757594649596,33.531814620864125,32.86239807176905,33.27016628902453,32.608614658825125,561684.9193368107
2019-04-09,33.19111620765503,33.453147783027006,32.79908764355317,33.026657878006574,32.37092238351025,576613.0455138966
2019-04-10,33.0932511571712,33.52699147786537,32.84202328316605,33.28853925763435,32.63012785093525,560821.3503077785
2019-04-11,33.26029023267461,33.54849878031212,32.89471313215713,33.22032143345529,32.56361590481825,514988.2348980737
2019-04-12,33.269816171143155,33.584923062222124,32.88924735295187,33.24592054869332,32.5936465215488,587257.9103281134
2019-04-15,33.435813242114946,33.718552181524,33.03361294168968,33.337717120733416,32.69038808412718,506329.75760971056
2019-04-16,33.425805424784365,33.760312302882205,32.99448269293413,33.335451132222225,32.690320834844016,572866.2868332712
2019-04-17,33.4125671202872,33.63290249580619,32.75351064408623,33.05707131241855,32.416112229874145,620881.6995524059
2019-04-18,32.96157342746212,33.32229249826894,32.560128314571266,32.98384790068095,32.347686477103146,545808.1670411985
2019-04-22,32.9152384428981,33.2740184734498,32.53014549034469,32.91694975767992,32.281192283599125,499509.18127452815
2019-04-23,32.99561198340513,33.58276676152334,32.74869206111725,33.318989213091434,32.682045023167014,596405.1290262173
2019-04-24,33.341567466458685,33.73053977892404,32.96427600736965,33.323130725544665,32.683588870181545,560425.9346038864
2019-04-25,33.295555352035755,33.6445308593054,32.778009101709536,33.21961133604698,32.58565165928316,571564.8199290913
2019-04-26,32.07586149538049,32.51880851467547,31.761826073588097,32.28850648175477,31.666087837106616,566305.5351008215
2019-04-29,33.41175676251407,33.80964444626755,33.0922008392462,33.45486207874048,32.81925541221253,541944.4598214285
2019-04-30,33.12783365062041,33.462380556912386,32.660041075201,33.0993476144981,32.46972482263118,717859.544496124
2019-05-01,33.56860134149204,33.904979583068474,33.00371053560831,33.25345385315562,32.624069547320346,700997.2154102612
2019-05-02,33.28412533488846,33.771951704128995,32.86309826030608,33.37583678732299,32.7510966745245,633274.2146450531
2019-05-03,33.38332893583044,33.93319019537394,33.104920694546266,33.677514897355685,33.04727096543304,590657.5701787043
2019-05-06,33.10384989439488,33.793817248045734,32.847566685330264,33.540659248999354,32.91906756644242,566640.1750372024
2019-05-07,33.487021500198026,33.79680495806621,32.84414624147354,33.20172777262464,32.58807607571581,668287.1632918447
2019-05-08,33.232093728413666,33.69413809230392,32.86231001540367,33.224220960209955,32.61277323856226,604441.8912032732
2019-05-09,32.91760120933641,33.400962809217916,32.4565061823648,33.10363813072697,32.4975127648997,646780.1835219893
2019-05-10,32.81043567651209,33.28346034102294,32.31125447813867,33.00473458652848,32.400889636046,636006.5386893743
2019-05-13,32.5261052938031,32.829088388235284,31.909815013877513,32.24579967708968,31.653623981940157,684933.771238201
2019-05-14,32.29943254404837,32.82874325534543,32.03330442074319,32.49660510767681,31.90753856751111,605249.6877426511
2019-05-15,32.37343916848818,32.947569671182706,32.120831354501725,32.6735529554185,32.083880750633185,558858.0359325801
2019-05-16,32.62749244151026,33.14939095191982,32.37517204849941,32.76263357648381,32.17317388798475,570824.1583933308
2019-05-17,32.52422391811628,32.95638120779397,32.190321524552466,32.45040345696205,31.87024588308846,576897.0416743841
2019-05-20,32.34101369949061,32.72120169339764,31.97778124598037,32.34295960098208,31.767383035221442,552727.4625046176
2019-05-21,32.49148539385811,32.94205816572561,32.25753450414845,32.65643192925659,32.079016158848084,546008.9961002786
2019-05-22,32.53193745661415,32.87490235724889,32.171567974186,32.482648038487326,31.910434333044687,515469.8396366333
2019-05-23,31.734619351919292,31.972804986381657,31.19347940997091,31.542949795445434,30.981184685058995,617946.7494428526
2019-05-24,32.09816279967421,32.43735709055177,31.761184923168383,32.08188877225702,31.520324991788268,482762.17510665924
2019-05-28,32.14935394680751,32.48890995313676,31.705951371948515,31.91029190171918,31.351847773129947,726216.5483216526
2019-05-29,31.8087255339254,32.11510178127164,31.34412895471653,31.727298064817017,31.17270252395971,652489.436541659
2019-05-30,31.82828760861322,32.20596033678435,31.451861904509258,31.779848813900017,31.231685891811072,540347.0590090926
2019-05-31,31.070468295842346,31.44327571645938,30.682773505474046,31.058216556421847,30.5191113253219,689213.8431980168
2019-06-03,31.4363820410732,31.924503162433382,30.988789041142546,31.445622562645692,30.909853167149716,724448.8086045228
2019-06-04,31.673347463238834,32.24391363041675,31.34950309302383,32.03856734858132,31.49964643639076,674576.0841328413
2019-06-05,32.173474780866314,32.54570172678844,31.669974114290106,32.15958036200748,31.617985903560378,595661.3383305571
2019-06-06,32.12681769878097,32.47422722544428,31.676816547109258,32.12500453714249,31.58744620723887,607581.6239882266
2019-06-07,32.05823483705837,32.51732464712767,31.781090221766817,32.17396902838815,31.63946486912227,557404.2384473198
2019-06-10,31.167648471776523,31.624236096695533,30.85522862977557,31.181338471531642,30.66018469899343,560054.8171704061
2019-06-11,31.461824325867802,31.73223737268979,30.895007918820568,31.202414891254147,30.684555616442687,567801.299127853
2019-06-12,31.16761873067696,31.524899266211992,30.834556232179242,31.212991005154365,30.699028677051878,510076.9060066741
2019-06-13,31.3296220255886,31.678446439445967,31.01139449482638,31.398375547552043,30.89273934708004,526835.1189901615
2019-06-14,31.448535147883838,31.710601509272962,31.02857810261311,31.3243458874731,30.820558217413886,519558.0327353431
2019-06-17,31.368550983327108,31.750836574364676,31.030311545481997,31.377406512562874,30.87683960748724,519895.45878866455
2019-06-18,31.573184945016475,32.07835170233928,31.27910099691262,31.673038656533333,31.169023104201447,604075.1721523668
2019-06-19,31.696611898175245,32.08126882783409,31.34105193680615,31.799428019622233,31.29522544074544,563390.6273165308
2019-06-20,31.975896357567635,32.30060973646119,31.510509957778094,31.88249653398646,31.380449150267438,639865.2935185186
2019-06-21,31.5517128720001,31.89154228333837,31.130541326499223,31.48656552525699,30.9920973732099,839597.9327762303
2019-06-24,31.659113001905297,31.926176322398874,31.178954322526327,31.408726764206925,30.91173663658036,621688.8506063947
2019-06-25,31.508162393604902,31.797185571256854,31.006919276754658,31.26880610007412,30.774917611281936,653551.3062051188
2019-06-26,31.40654244523127,31.743412121971783,30.958929598834867,31.249503360791575,30.75771509434632,606986.9392817474
2019-06-27,31.022824934880344,31.513375387007734,30.80219046486568,31.2917245523072,30.798260593172742,570181.1419259883
2019-06-28,31.84918137200992,32.38731332908518,31.592325108903584,32.10384066990234,31.604662461677574,1166870.4372881355
2019-07-01,32.17844948707488,32.47376691139549,31.60560111147223,31.96907266621061,31.48385507480943,640075.464640884
2019-07-02,31.90385219121299,32.19358726412973,31.467835845918447,31.84890616652304,31.36476495568423,591130.4245646197
2019-07-03,31.933513858718378,32.27323906335956,31.691201615391606,32.06421717965103,31.57948374747479,371104.1497708524
2019-07-05,31.845919641150275,32.18890932430564,31.50590376841029,31.982230524211534,31.499080547679686,424001.4813041076
2019-07-08,32.006128234791866,32.26834435458222,31.61271671847287,31.890253842297703,31.409924029305778,500908.2917512456
2019-07-09,31.78580159152881,32.15666620916693,31.518765933325014,31.93060299831733,31.45072110210577,549752.2969641214
2019-07-10,31.614844041546554,31.915567259302232,31.249611685460675,31.536464757914207,31.043449299536288,539246.5534142279
2019-07-11,31.862087920499366,32.116971900383575,31.428425961624168,31.779331161511077,31.303032153061938,531011.8208679594
2019-07-12,31.776826610226856,32.17436608008633,31.495805674602703,31.90398699806714,31.431756168152223,503522.5717707758
2019-07-15,32.146269148132944,32.3965943897413,31.728806991775375,32.050163347673255,31.578510370742563,514372.4499082569
2019-07-16,31.739847629253866,32.07926667507316,31.429125381196176,31.731040320917167,31.24861469739224,542474.6941344099
2019-07-17,32.01326430634747,32.27125585789706,31.6065619950612,31.856383972234593,31.390170745291123,555513.6263109476
2019-07-18,32.85415860076283,33.24397948386614,32.522698955456256,32.971213585706366,32.501380141161356,560760.6884884149
2019-07-19,31.815785472695293,32.13870512090677,31.43646856940338,31.639453312098528,31.180342439532524,535917.8765454881
2019-07-22,31.814528797864035,32.120206027357966,31.462997985630953,31.7424199181292,31.28112267095622,516089.446185035
2019-07-23,31.672665784661227,32.0103958233398,31.300937630262215,31.73628589923848,31.272308052318724,553088.5146381882
2019-07-24,31.72955110313587,32.27890479254214,31.45287836295616,32.05540182912926,31.59045092141712,557728.402288245
2019-07-25,32.10768367742639,32.39621310957949,31.608936256988013,31.904927250840366,31.441253200671536,621371.1494336865
2019-07-26,31.85680024997889,32.29642461286124,31.557284960409863,32.00355761558833,31.54133530939459,533694.272093876
2019-07-29,32.06767257913651,32.33359389446481,31.581735929110476,31.925722839266236,31.46491522818897,530376.727657227
2019-07-30,31.806447617115612,32.35010427924671,31.510371012909506,32.07124060280539,31.61161409983346,580034.5386730206
2019-07-31,32.04572793026536,32.469877648673496,31.456783672874902,31.789003148057482,31.33623207816533,808262.3765736179
2019-08-01,31.656645327042398,32.18643366724589,30.95780839677421,31.302797912981866,30.856641877979914,784154.3145427837
2019-08-02,31.10511020209113,31.417461302629604,30.488563258386804,30.926360266578644,30.48528233388514,635502.9044117647
2019-08-05,30.55757899136409,30.819628773465574,29.789971353326184,30.185375976090015,29.755776601502735,780408.4635531135
2019-08-06,30.48602810283293,30.977566581399998,30.0332452316726,30.599462407577455,30.16800911899295,679244.7194429174
2019-08-07,30.328358749664503,30.947061510705034,29.912938321303038,30.632776335624722,30.2027868932069,713734.791857693
2019-08-08,30.69063350204701,31.333796052724367,30.40472690382889,31.040244697872126,30.6101231303229,743296.8519598906
2019-08-09,31.043728650768237,31.362752700329924,30.53971133228492,30.884779294617147,30.46018156028676,620507.5156991603
2019-08-12,30.79705727475619,31.090504553705077,30.31478185349705,30.607424510376212,30.187816518544878,560515.4913368594
2019-08-13,30.519460425086745,31.29231857923803,30.283701385186077,30.884861193052966,30.463414179997134,646908.4899414777
2019-08-14,30.053867802276567,30.326870223723994,29.44910329762799,29.70762684147803,29.29328216183132,747363.3690532265
2019-08-15,30.170103360832535,30.48927071035371,29.71204686390674,30.073267335473076,29.675848184692924,733167.8470566992
2019-08-16,30.253656895995558,30.796838583073416,30.0374742892203,30.546415185509588,30.14783442343511,649037.7449275362
2019-08-19,30.828055384672236,31.148418525645297,30.38864840664844,30.78047488297108,30.382931341243836,568720.3282303626
2019-08-20,30.274472498808727,30.538128989002633,29.897179442855236,30.148557822512025,29.745780319395223,513349.48538425274
2019-08-21,30.803998982153526,31.116479894642257,30.48573795721068,30.81007375835167,30.414795616371563,509420.2775748722
2019-08-22,30.606162271049225,30.860338194258023,30.170900830974595,30.46020911529536,30.06001171417472,481671.59213349223
2019-08-23,30.63661667504776,30.942290112225223,29.86836922145237,30.05640160021623,29.671922183384687,656592.9149400218
2019-08-26,30.287955212099785,30.56359986357541,29.89561979519715,30.29290016481155,29.906977325228926,477039.0452380952
2019-08-27,30.52568784272645,30.747938504656865,29.926005923513042,30.155728800009346,29.773403797495273,577411.5569758948
2019-08-28,30.140176575565572,30.667335451176,29.886435299102526,30.4128742437268,30.03042934714161,505820.7157471684
2019-08-29,30.67910757848014,31.08973545558601,30.411564137183646,30.787561797155544,30.409270909097536,519995.9386861314
2019-08-30,30.712119947981304,30.957596874226976,30.288350411671015,30.59101398731633,30.217250929611254,496542.3101682516
2019-09-03,30.689039270789777,31.019084148153777,30.213523057156667,30.57068574562264,30.200724358166894,597294.4555231498
2019-09-04,30.72818463796006,31.04930112944891,30.389836476255624,30.745974367278848,30.37379618736908,551865.6130268199
2019-09-05,30.980977226908887,31.497188659783184,30.64376917713956,31.10985670269636,30.739074782062062,646868.850319052
2019-09-06,31.132832736080353,31.461484798367465,30.77467041384308,31.045411111597048,30.677464849520668,529530.8548416621
2019-09-09,31.131039586855444,31.564152366199764,30.594057889201185,31.099968419445386,30.72939176389318,677067.1798652831
2019-09-10,30.95292664714284,31.49333119714849,30.489762657863764,31.16164965267742,30.791098075889018,743577.2934109938
2019-09-11,30.95092822553182,31.51686487255534,30.593407786532314,31.267792739550323,30.889408069347624,688462.8281065787
2019-09-12,31.61230834144987,32.012695989336606,31.158322371075354,31.59257744467873,31.22921966140435,652235.135479178
2019-09-13,31.247573215443506,31.621010107794813,30.84958865533109,31.181780078627177,30.821367222520706,614953.0227967098
2019-09-16,31.456261706779852,31.948597250437082,31.14260159329628,31.594976969477802,31.240691422488343,691221.476465284
2019-09-17,31.182415935030754,31.55499807941037,30.82031251338475,31.260913822396713,30.90304150850457,565995.8508235294
2019-09-18,32.440564440476194,32.72075904492899,31.946656291977078,32.38179200088596,32.027534916377306,604524.1267834568
2019-09-19,31.47660257812796,31.828830984597527,31.13756848328834,31.378166497718514,31.0301252647177,528353.3752951862
2019-09-20,31.3589383792311,31.72123102989382,30.937545162919854,31.26147397491926,30.917667504183044,1046262.8210144928
2019-09-23,31.220059297766184,31.63373111654005,30.933727915012813,31.298336718200982,30.952803638451705,513266.5970203488
2019-09-24,32.142889726485244,32.38753884729319,31.462800419202587,31.717490585092367,31.37193664844101,645464.8678223186
2019-09-25,31.82853850163048,32.305929168234066,31.489207539188804,32.026823809151836,31.679566096486848,553604.926233954
2019-09-26,31.014595025745955,31.26588694782516,30.5519758042643,30.847069544696314,30.507306887938203,494340.4218380346
2019-09-27,30.96964287308391,31.240388812650423,30.40475168234871,30.68077577352267,30.350041394708057,538220.0831366854
2019-09-30,30.76458940696016,31.15169078664136,30.47134391456662,30.830909908808835,30.50504753739286,533765.202402621
2019-10-01,30.920990554876948,31.227037294563228,30.205269113368747,30.41147210206729,30.089189498744517,591843.8157514451
2019-10-02,30.205284321501104,30.458092900219114,29.65926652609073,30.03973331875785,29.7231431413293,630315.8636281425
2019-10-03,29.95029550725359,30.394403780038974,29.547112317491806,30.17417316506027,29.855730797703167,575307.9585680538
2019-10-04,30.18733560352182,30.608786522461823,29.91716519380607,30.403772633867483,30.08465152898188,492944.8118289354
2019-10-07,30.480398622235903,30.82276428275065,30.19518311116902,30.460345168789274,30.144934723060867,496872.86301619065
2019-10-08,30.210510077206973,30.452010392604468,29.73803181276789,29.96596772768075,29.65559787716419,550169.4264411711
2019-10-09,31.128574452068595,31.424046783002012,30.802284958609693,31.106184941927065,30.79269177497269,443223.7838967648
2019-10-10,30.190499851951884,30.59549504461512,29.94368449541283,30.281684291887352,29.97315891563249,505699.7230909091
2019-10-11,30.478909367228606,30.989421818563034,30.23716849213398,30.543267693796494,30.236716743735574,590229.6616418452
2019-10-14,30.456025679425636,30.742639751065784,30.142951135251472,30.444976256013778,30.141064998646655,403926.2843886463
2019-10-15,30.195088390085793,30.656316290875317,29.951439949238544,30.36310430150085,30.053575089275768,525472.8913963329
2019-10-16,31.087114070801913,31.446408610274514,30.774516667147395,31.12979006770244,30.818006664788935,522976.9188365001
2019-10-17,30.74374275755562,31.1057837490913,30.469061506084607,30.81048096395361,30.508614613769254,500098.1816693944
2019-10-18,30.717829961064865,31.041786296818067,30.34326678527011,30.690507705182515,30.3894156020155,531269.3094545455
2019-10-21,31.038890910560177,31.409232591502793,30.751235910802702,31.083681533215234,30.779101586146258,524556.4854351366
2019-10-22,30.84196823994122,31.20100075408158,30.404659632762524,30.732420373003155,30.430750933432872,527373.9486338798
2019-10-23,30.665862764120984,31.04860589478671,30.343316035275922,30.73927579439511,30.43889823936252,518872.3030082042
2019-10-24,31.072476963525066,31.388557500438218,30.625075421360826,31.027066528261162,30.72568118892715,566060.4561403509
2019-10-25,30.879989507339328,31.359464781824666,30.59601876391081,31.034796309396018,30.734017484658356,549652.1444846293
2019-10-28,31.044289326641678,31.466147803009967,30.765939084154056,31.097997854090686,30.799391023650408,554125.6345526983
2019-10-29,31.14527701904133,31.59410274444382,30.85075007662702,31.24972659505719,30.950418650119357,572754.8931546541
2019-10-30,31.209867618888765,31.542282571722513,30.75253413169717,31.240364485232547,30.943751333258245,628333.6577193298
2019-10-31,31.334514798010968,31.639652696813258,30.797746391461104,31.231935746512004,30.94044249590096,674954.1792852817
2019-11-01,31.22386075031766,31.737813757896145,30.920141363744268,31.437033296023696,31.14679236329971,674961.9194185212
2019-11-04,31.645338222246636,31.989143815938224,31.21171612303725,31.589628639022457,31.298960173293572,668674.2741528478
2019-11-05,31.651364617003647,32.06904882765085,31.22456713895813,31.626413030301563,31.336442314107266,733464.5505213952
2019-11-06,31.539902611803157,31.878255539486055,31.089652424919937,31.47209781937773,31.184430693786474,755389.4816005717
2019-11-07,31.575685718674844,31.972432912398137,31.119279849439792,31.476641714532814,31.194584972440012,690314.5985230547
2019-11-08,31.44011371403456,31.871796286394673,31.104126215005486,31.562852607695703,31.28506005055924,585967.147647377
2019-11-11,31.486384154645148,31.878803973329166,31.200827997135452,31.59620230661921,31.317395291855124,496044.9767483778
2019-11-12,31.153329338657482,31.5117170885421,30.833557745417203,31.14310207882478,30.864595936687664,610993.7991660875
2019-11-13,31.036519479421887,31.418438628942408,30.73124960501875,31.115486364234293,30.838461282229378,636800.1126532501
2019-11-14,31.512714316651653,31.86899991551044,31.226017909609798,31.568759306696958,31.300976448892754,555434.3286867205
2019-11-15,31.399146355889457,31.714989674494543,31.060390010980537,31.422385047193487,31.16246215523655,599706.5484913794
2019-11-18,31.41913639537033,31.74342176579364,31.078339912471353,31.419492365220908,31.158687795011552,585895.0418914059
2019-11-19,31.36310555344811,31.711888042834474,31.026915799913436,31.38318588371012,31.126525847138527,614829.2811266595
2019-11-20,31.426285412481587,31.845721380394462,31.081198210634348,31.427875890581866,31.172993359815855,713687.1464330413
2019-11-21,31.045863712643595,31.274045957382487,30.60340564578828,30.88949376241627,30.636069087350002,628185.5221105528
2019-11-22,30.997096280195386,31.27020506297784,30.654479456852478,30.97799087534732,30.727644616515352,530297.6830241841
2019-11-25,31.358280593307303,31.889282621632727,31.155897920750874,31.63379288449282,31.386139094587197,591363.0467087466
2019-11-26,31.55038961357332,31.93072123044827,31.253269620094972,31.623254806066747,31.376367269710684,692308.2268786128
2019-11-27,31.725243432786954,32.03502911229967,31.43862888000964,31.79229476488723,31.55165655213494,505413.6387434555
2019-11-29,32.19141406062833,32.445255234920666,31.911064058883774,32.13116805136779,31.900409175345924,301720.56453558506
2019-12-02,31.673797465836532,31.89278061480507,31.110266431530185,31.374472041455753,31.148041213199356,589653.4126012601
2019-12-03,29.849638673911233,30.2293815473862,29.535274251756796,29.988559940751113,29.765771258264284,627162.2005782436
2019-12-04,30.10498827431955,30.501008958226144,29.84905372799565,30.151925275926793,29.929831832947844,628355.0061394005
2019-12-05,30.346500772347973,30.625712872334944,30.02040997284656,30.313306011896103,30.095464831014137,594412.0090432266
2019-12-06,31.663581204607873,32.051275214246175,31.41531351862195,31.72135513597784,31.499950595208478,576536.1153289949
2019-12-09,31.76946407612836,32.08042266110792,31.443666662966123,31.69932045573224,31.481150574815477,560634.2177361212
2019-12-10,31.718332599331443,32.036114153236184,31.413065131885553,31.728609071148448,31.510327681446512,567257.3170995672
2019-12-11,31.40400237346932,31.721694710812507,31.07505137033604,31.44495790684487,31.225950308060728,563201.8951048951
2019-12-12,31.791108881535134,32.33991147345683,31.501460827696523,32.00352143523938,31.7963177406465,689426.3880329632
2019-12-13,31.985996424862925,32.36610855515869,31.607064622102158,31.975334397829588,31.77549511090526,649139.9340147033
2019-12-16,32.14907098449987,32.5522783858908,31.834832489137423,32.16747635863207,31.967424332320228,706205.7779770445
2019-12-17,32.649073185453354,32.967616707484225,32.28887829635365,32.66421982990927,32.465738511577,674001.6218890555
2019-12-18,32.270135509221745,32.599741995913114,31.924195625703767,32.28023604440493,32.08124084937483,683329.8698924731
2019-12-19,32.61732256575007,32.98017055385676,32.316593142157885,32.70606410756267,32.51081873660377,680429.5808186436
2019-12-20,32.33110878407534,32.68278335869961,31.975417629667163,32.356661930904,32.164331975872535,1136237.6824057451
2019-12-23,32.49261262215014,32.78774860631008,32.1027351420576,32.45947210214439,32.26532920879847,564459.5084078712
2019-12-24,32.63581513231198,32.858867161558386,32.39145030803637,32.65520569536492,32.462133373622926,252186.61184445236
2019-12-26,32.63807434324857,32.90783302570951,32.37306086766118,32.66163237185161,32.47178072090539,404470.16660707904
2019-12-27,32.75126792728875,32.92683324122436,32.37414320889826,32.60825412462769,32.42154260356968,462731.41099803604
2019-12-30,32.25118972310979,32.466711123809326,31.847650818661982,32.13330641411208,31.957498490501465,514245.69385270844
2019-12-31,32.870763288455585,33.24791796064747,32.681860634471626,33.001448309067825,32.8310258172417,539200.8710635769
2020-01-02,32.71069996485141,32.984429374562026,32.21489560312164,32.65735912485188,32.48764083772408,653087.0450418373
2020-01-03,32.432765611074664,32.885386130583676,32.18776732785591,32.61702413895254,32.448089794675404,590679.2441985005
2020-01-06,32.43862467201456,32.88208440713343,32.16089299127352,32.66096696901445,32.492625800781994,691640.0729667201
2020-01-07,32.79259860827569,33.11600022178378,32.4531383549043,32.78115845483725,32.613493187328004,601750.0789473684
2020-01-08,32.73599894753629,33.16033490955374,32.46001148093219,32.82030564113934,32.653072945218376,644328.2875290749
2020-01-09,32.991663719103336,33.31831027867738,32.648137817435035,32.979162464451846,32.814212651179574,639146.8042857143
2020-01-10,32.96708187965642,33.22861037797921,32.574004685473255,32.838390225171246,32.67670765257113,598941.1144287502
2020-01-13,32.77576012718668,33.189514540415935,32.46784005497954,32.93887440579663,32.777365275841014,662338.9542134331
2020-01-14,32.52639223451898,32.91176444426533,32.21272975191587,32.5906691185781,32.43411713216119,640680.8949919224
2020-01-15,32.97461588721709,33.42940795555101,32.72085599023849,33.07874481469207,32.92322776288033,654707.2129893239
2020-01-16,32.872595937746226,33.28284642769682,32.6298156551208,33.03739590665829,32.88262323190998,631088.3563510393
2020-01-17,32.981305834209294,33.237696816712244,32.58168714969532,32.88770477235553,32.73478275505248,632363.7652396463
2020-01-21,33.24525839849892,33.58642812886601,32.86969036026351,33.191849442438766,33.04159883936037,693404.1289689618
2020-01-22,33.34952270983055,33.654286748317794,32.9893006731845,33.23332174895424,33.08290667120187,630207.2644436519
2020-01-23,33.01389469517405,33.37034699433874,32.61084276330791,33.10459121404372,32.95425180860019,641040.1514178705
2020-01-24,33.167518194084806,33.37200777462918,32.52290633303857,32.79969560104734,32.65182047945412,645413.7981798715
2020-01-27,32.31259395252194,32.79285634316705,32.00038914302732,32.4162419091948,32.270465230266176,661719.5149133774
2020-01-28,32.577075079596476,32.987273082910306,32.28785994010398,32.67826218299306,32.53260079083764,606192.9221450204
2020-01-29,32.75929279719419,33.06062267190994,32.33333328432936,32.58806424404955,32.44301184045405,665942.2096347273
2020-01-30,32.288356915914065,32.74755974016114,31.920346460921223,32.47605957652469,32.33627311439756,642094.3322643862
2020-01-31,32.46937856603072,32.691677807452606,31.759767819090495,32.018311986656244,31.883523266039994,755148.0772929653
2020-02-03,31.994946399171486,32.488594904604376,31.71311058782571,32.099216371785296,31.96694487504856,640397.4542862235
2020-02-04,32.44460435207545,32.91601799846505,32.12008138837049,32.51676182964832,32.38390648677441,668571.6454140694
2020-02-05,32.77531159219703,33.20366085329119,32.34502441003278,32.81290476848852,32.67873571983184,683383.30584681
2020-02-06,32.86981459823068,33.18320034541689,32.39782935537145,32.740777152540915,32.6095146124023,629180.036470379
2020-02-07,32.73520311693324,33.017408543518165,32.28305894282542,32.57095219519395,32.44255527490462,639591.5488947834
2020-02-10,32.5294166664301,32.97097854503524,32.274638816660094,32.73358481898917,32.60554150603507,589792.0179173319
2020-02-11,32.54131193196994,32.942121030603914,32.21366723667572,32.56245316807654,32.43420596210861,618800.5975302996
2020-02-12,33.00041209846427,33.37030860036875,32.633064750482454,33.05217790355483,32.92609468678979,673028.3494338287
2020-02-13,32.55815117115417,33.0276312747089,32.28769787435952,32.722760206460954,32.604520309251335,607240.898739977
2020-02-14,33.18891758660326,33.50531970275811,32.80698727234435,33.16586136436986,33.05259423354757,613087.9249779347
2020-02-18,33.306452850050874,33.686450954210386,32.92613948578823,33.31921767606375,33.20801920388574,631029.9333569657
2020-02-19,33.26001943599585,33.6646263498805,32.938340591308844,33.297541776802234,33.18648183477732,667651.5259533898
2020-02-20,33.3172473432303,33.77385007051173,32.86257112994618,33.39049606764201,33.28276360362631,677390.5592979968
2020-02-21,33.26561824554488,33.533478122410436,32.70431987477242,33.06368803524271,32.95878281878145,680548.8077128133
2020-02-24,31.55426375387846,32.01700157501396,31.055485171515514,31.514901840542883,31.413858326145082,830899.8724584103
2020-02-25,31.82675672917635,32.04370978878663,30.559780439777974,30.807286410040295,30.71117992224287,973626.156460177
2020-02-26,31.02539432417909,31.537050877946864,30.368867312273405,30.65065875741467,30.555499808793137,975086.7911079746
2020-02-27,30.130714689089075,30.840852854703975,29.232976048511603,29.668864393388635,29.585122336970926,1252043.34057587
2020-02-28,28.85769203758824,29.73741076379743,28.143402731734778,29.19410556811904,29.117739451020697,1494469.743902439
2020-03-02,29.246835673914212,30.15914646521342,28.651252989746006,29.90746926046481,29.829693675916232,1163764.4310132158
2020-03-03,29.919594353569774,30.553256383575683,28.930751683953716,29.353308483085584,29.278520592714422,1117286.5309624912
2020-03-04,29.809207050539012,30.511611539100045,29.311659104679293,30.261847377183322,30.18616752593549,936542.8899682091
2020-03-05,29.693094880603333,30.168446975440716,28.95553010780158,29.408831238688652,29.339497825081065,965878.3877587122
2020-03-06,28.754179802419912,29.49472540717207,28.124170170192066,28.951808498081704,28.885469494683754,1135885.2810238306
2020-03-09,27.27195447269059,28.097031916643267,26.045723519053983,26.706666394837924,26.647888157972936,1310924.6383353905
2020-03-10,27.527518868136017,28.149729555673495,26.261099560612728,27.60519839584232,27.546054657366927,1296337.5938710815
2020-03-11,26.754005829167657,27.17350033519767,25.475142771746007,25.94417922585936,25.891056775216786,1221824.2075738807
2020-03-12,24.04645776775398,24.958372104887967,22.381914781382154,23.144085639547637,23.10525144374754,1501345.3820721358
2020-03-13,24.165640310776087,25.131542586169402,22.657720392759853,24.593711868174093,24.55939818216378,1396581.0044185224
2020-03-16,22.073774114102978,23.48995370610101,20.726821822798254,21.544092923782554,21.51692240139246,1336731.6530285715
2020-03-17,21.89276373605548,23.403266852355163,20.754881798245084,22.613803318876386,22.58698974850548,1445267.5467822913
2020-03-18,21.5764892879863,22.61933641189523,19.293127330707936,20.668696286695734,20.647023599217295,1470729.3714184647
2020-03-19,20.59712594937372,22.592587514262327,19.625421357877066,21.58702997451293,21.567026747245418,1345641.757441531
2020-03-20,21.93207225545521,22.97881414177639,20.416623104804042,21.045309230275855,21.02686656745379,1556753.3648911696
2020-03-23,20.83270353308611,21.537793101241498,19.345835703485687,20.33541212279777,20.319179600685516,1259610.845584347
2020-03-24,21.307661664788633,22.75725425299887,20.708904907073194,22.19144013481751,22.17463071676363,1277997.083759478
2020-03-25,22.250221659071777,23.852294707052113,21.442003297424396,22.703672982303974,22.68669941447577,1389208.0324229074
2020-03-26,22.842686590977834,24.438004659568982,22.375905595373442,23.849461539550543,23.833896410186828,1235715.3632674664
2020-03-27,23.12982000944082,23.999737931753444,22.355048913467304,23.089630357117127,23.074943634071023,1053760.6553911206
2020-03-30,23.127260634020626,23.971484124515232,22.44118951537172,23.505061264906193,23.499841812133752,949413.124246721
2020-03-31,23.346661676725205,24.049958334774573,22.65696449505104,23.28724544585009,23.285414582839852,1118396.895006176
2020-04-01,22.663819744130276,23.215787920630298,21.718359182139736,22.21798383660899,22.217165604846574,1058612.2582340576
